text,gemma3_label
"Mae mwtaniad yn ychwanegu amrywiad genetig newydd, ac mae detholiad yn ei dynnu o'r gronfa o amrywiad a fynegir.",science/technology
Mae'r bom ymholltiad yn gweithio ar yr egwyddor ei bod yn cymryd ynni i ffurfio niwclews â llawer o brotonau a niwtronau.,science/technology
Mae'r niwclews yn cynnwys dau ronyn - niwtronau a phrotonau.,science/technology
Mae hyn wedi caniatáu i lensys chwyddo gynhyrchu llunia o ansawdd tebyg i'r ansawdd a gyflawnir gan lensys â hyd ffocal sefydlog.,science/technology
"Maen nhw'n well na dirprwyon gwe am nifer o resymau: maen nhw'n arall-gyfeirio holl draffig y Rhyngrwyd, nid http yn unig.",science/technology
Mae dylunio rhyngweithiol yn gofyn i chi ail-asesu eich rhagdybiaethau am gynhyrchu cyfryngau a dysgu i feddwl mewn ffyrdd aflinol.,science/technology
"Daeth hyn yn arfer cyffredin, ond achosodd yr haearn ragor o draul ar olwynion coed y wagenni.",science/technology
"Mae cnudoedd yn cynnwys un i dri o lewod gwrywaidd aeddfed sy'n perthyn, ynghyd â hyd at ddeg ar hugain o ferched a chenawon.",health
"Er bod arwyddocâd o ffuglen wyddonol i Ddeallusrwydd Artiffisial, mae Deallusrwydd Artiffisial yn ffurfio cangen bwysig iawn o gyfrifiadureg, gan ddelio gydag ymddygiad, dysgu ac addasu deallus mewn peiriant.",science/technology
Felly dywedir mai cymhareb agwedd y fformat hwn (gan rannu â deuddeg i gael y gymhareb rhif cyfan mwyaf syml) yw 3:2.,science/technology
"Nid yw ffôn lloeren yn gyffredinol yn cymryd lle ffôn symudol, gan fod rhaid i chi fod y tu allan gyda llinell welediad glir i'r lloeren i wneud galwad ffôn.",science/technology
"Er bod cledrau wagenni'n cynnwys planciau cyfochrog o bren yn unig, roeddent yn galluogi ceffylau i'w tynnu i gyflawni cyflymderau uwch a thynnu llwythi mwy nac ar ffyrdd ychydig mwy garw'r cyfnod.",geography
"Mae pobl wedi gwybod am elfennau cemegol sylfaenol fel aur, arian, a chopr ers yr hen oesoedd, gan y gall bob un o'r rhain gael eu darganfod mewn ffurf gynhenid ac maen nhw'n gymharol syml i'w cloddio ag offer cyntefig.",science/technology
Mae'r olwyn wedi newid y byd mewn ffyrdd anhygoel. Y peth mwyaf mae'r olwyn wedi ei wneud i ni yw rhoi cludiant llawer haws a chyflymach i ni.,science/technology
Mae hyn yn cael ei wneud i wneud yn siwr bod y ddelwedd yn cwmpasu'r sgrin i gyd. Yr enw ar hynny yw dros-sgan.,science/technology
Cychod-U oedd enw llongau tanfor yr Almaen. Roedd yr Almaenwyr yn dda iawn am fordwyo a gweithredu eu llongau tanfor.,invalid
"Er y gall ei gyflwr ffisegol newid, mae ei gyflwr cemegol yn aros yr un fath.",science/technology
Mae tyndra arwyneb yn digwydd oherwydd bod moleciwlau dŵr ar arwyneb y dŵr wedi'u denu'n gryf at ei gilydd yn fwy nac y maen nhw at y moleciwlau aer uwch eu pennau.,science/technology
Un o'r problemau mwyaf cyffredin wrth geisio trosi ffilm i fformat DVD yw'r tros-sgan.,science/technology
"Yn benodol, honnir y gellir darganfod a yw unigolyn yn dweud celwydd trwy ddehongli microfynegiadau yn gywir.",science/technology
Mae modd gweithio aur i bob math o siapiau. Mae'n gallu cael ei rolio i siapiau bychain.,science/technology
"Mae'r system AI yn awr yn cael ei defnyddio'n aml ym meysydd economeg, meddygaeth, peirianneg a'r lluoedd arfog, fel y mae wedi'i adeiladu mewn sawl ap cyfrifiadur cartref a meddalwedd gemau fideo.",science/technology
"Mae'n dal i gael ei gynhyrchu heddiw, ond yn bwysicach mae ei gymhareb agwedd wedi cael ei etifeddu gan fformatau synhwyrydd delwedd camerâu digidol.",science/technology
Mae'r rheol draeanau sy'n cael ei cham-drin a'i gwawdio'n aml yn ganllaw syml sy'n creu deinameg wrth gadw mesur o drefn mewn delwedd.,science/technology
"Yn ogystal â chadarnhau bod gan rai deinosoriaid o leiaf blu, damcaniaeth sydd eisoes ar led, mae hefyd yn darparu manylion na all ffosiliau yn gyffredinol, megis lliw a threfn tri-dimensiwn.",science/technology
"Sut fyddai disgyrchiant Io yn tynnu arnaf fi? Pe byddech chi'n sefyll ar wyneb Io, byddech chi'n pwyso llai nag yr ydych chi ar y Ddaear.",science/technology
Mae NextGen yn system y mae'r FAA yn honni fyddai'n caniatáu i awyrennau hedfan ar lwybrau byrrach ac arbed miliynau o alwyni o danwydd bob blwyddyn a lleihau allyriadau carbon.,science/technology
Mae data niwrofiolegol yn darparu tystiolaeth gorfforol ar gyfer ymagwedd ddamcaniaethol at ymchwilio i wybyddiaeth. Felly mae'n cyfyngu maes yr ymchwil ac yn ei wneud yn llawer mwy manwl.,science/technology
"Yn ystod ei araith 2 awr, fe wnaeth ddatgan ""Heddiw mae Apple yn mynd i ailddyfeisio'r ffôn, Rydyn ni am greu hanes heddiw"".",science/technology
Anfantais lensys chwyddo yw bod cymhlethdod ffocal a'r nifer o elfennau lens sydd eu hangen yn fwy o lawer nac ar gyfer lensys safonol.,science/technology
"Yn debyg i reolydd teledu o bell, mae'r rheolydd yn defnyddio dau synhwyrydd wedi'u lleoli yn agos at deledu'r defnyddiwr i driongli ei safle mewn gofod tri dimensiwn.",science/technology
Mae gwyddonwyr yn dweud fod plu'r anifail hwn yn frown castan ar yr ochr uwch gydag ochr waelod lliw gwelw neu garetonaidd.,science/technology
"Mae'r ddau gyfansoddyn yn adweithio gyda'i gilydd i ffurfio crisialu sy'n gallu atal gwaith yr arennau, meddai ymchwilwyr yn y brifysgol.",science/technology
Mae hyn yn rhoi manylrwydd sydd bron i bedair gwaith manylrwydd negatif 35 mm (3136 mm2 yn erbyn 864).,science/technology
"Diolch i gysylltiadau cebl ffibr optig tanfor ag Ewrop a lloeren band eang, mae gan yr Ynys Las gysylltiad da gyda 93% o'r boblogaeth yn meddu ar fynediad i'r rhyngrwyd.",science/technology
"Un o'r apiau mwyaf blaenllaw yn y categori hwn yw Google Translate, sy'n caniatáu cyfieithu all-lein ar ôl lawrlwytho'r data iaith a ddymunir.",science/technology
"Mae ganddo'r un strwythur moleciwlaidd p'un a yw'n nwy, yn hylif, neu'n solid.",science/technology
"Mae'r defnydd o recordio fideo wedi arwain at ddarganfyddiadau pwysig yn nehongliad micro-fynegiannau, sef symudiadau'r wyneb sy'n parhau ychydig filieiliadau.",science/technology
Mae bodau dynol wedi bod yn gwneud a defnyddio lensys ar gyfer chwyddo ers miloedd ar filoedd o flynyddoedd.,science/technology
"Nid yw ar ei ben ei hun fodd bynnag, mae arbrofi, sef prawf sy'n cael ei ddefnyddio i ddileu un neu ragor o'r damcaniaethau posibl, gofyn cwestiynau, a gwneud arsylwadau, hefyd yn llywio ymchwil gwyddonol.",science/technology
"Yn y pen draw, cafodd olwynion pren eu disodli gan olwynion haearn. Yn 1767, cafodd y rheiliau haearn llawn cyntaf eu cyflwyno.",science/technology
"Er bod y rhan fwyaf o gardiau yn dda ar gyfer galw unrhyw le, mae rhai yn arbenigo mewn darparu cyfraddau galw ffafriol i grwpiau penodol o wledydd.",science/technology
Mae'r rhan fwyaf o delesgopau ymchwil modern yn gyfleusterau enfawr mewn ardaloedd anghysbell ag amodau atmosfferig ffafriol.,science/technology
Mae'r nodwydd ddur yn arnofio ar ben y dŵr oherwydd tyndra arwyneb.,science/technology
"36mm o led a 24mm o uchder ydy'r fformat 35mm mewn gwirionedd, sydd ychydig yn ddryslyd.",science/technology
"Mae celloedd mor sylfaenol a hanfodol i astudio bywyd, mewn gwirionedd, y cyfeirir atyn nhw'n aml fel ""blociau adeiladu bywyd"".",science/technology
Mae darparwyr VPN (rhwydwaith preifat rhithiol) personol yn ffordd ardderchog o osgoi sensoriaeth wleidyddol yn ogystal â geohidlo Eiddo Deallusol masnachol.,science/technology
"Fe wnaeth yr orsaf gynnal ei hagwedd, er gwaethaf colli geirosgop yn gynharach yn nhaith yr orsaf i'r gofod, tan ddiwedd y tro yn y gofod.",science/technology
"Mae gan bobl a'r math hwn o feddwl, feddwl rhesymegol, sy'n gallu cofio patrymau, datrys problemau a gweithio ar brofion gwyddonol.",science/technology
"Mae Oselotiaid yn hoffi bwyta anifeiliaid bach. Byddant yn dal mwncïod, nadroedd, cnofilod ac adar os ydyn nhw'n gallu. Mae'r holl anifeiliaid mae oselotiaid yn eu hela bron yn llawer llai nag ef ei hun.",science/technology
"Mae rhai camerâu ffilm fformat canolig yn defnyddio fformat 6 wrth 6 cm, yn fanylach negatif 56 wrth 56 mm.",science/technology
Cynghorir teithwyr yn gryf i fod yn ymwybodol o unrhyw risg o dywydd garw yn effeithio ar eu hardal gan y gallant effeithio ar unrhyw gynlluniau i deithio.,travel
"Mae bysiau'n gadael yr orsaf fysiau rhyng-ardal (dros yr afon) drwy gydol y dydd, er bod y mwyafrif, yn enwedig y rhai hynny sy'n mynd i'r dwyrain a Jakar/Bumthang yn gadael rhwng 06:30 a 07:30.",travel
Maent yn cynnig mwy o sefydlogrwydd i'r marchog ond gall fod ganddynt broblemau diogelwch oherwydd y posibilrwydd o draed y marchog yn mynd yn sownd ynddynt.,sports
"Mae'r mwyafrif o'r Mordeithiau Baltig gwahanol yn cynnwys arhosiad hir yn St Petersburg, Rwsia.",travel
"Mae'r cyngor yn tybio nad yw teithwyr yn dwyn, yn tresmasu, yn cymryd rhan yn y farchnad anghyfreithlon, yn cardota, nac yn camfanteisio ar bobl eraill mewn unrhyw ffordd arall er eu budd eu hunain.",politics
Mae llawer o bethau y mae'n rhaid i chi eu hystyried cyn a phan fyddwch chi'n teithio i rywle.,travel
"Yng ngwres y dydd, mae teithwyr yn gallu profi rhithluniau sy'n edrych fel dŵr (neu bethau eraill).",travel
"Mae teuluoedd â phlant yn olygfa brin, ond mae rhai hosteli yn eu caniatáu mewn ystafelloedd preifat.",travel
"Er enghraifft, ymweld â chestyll yn Nyffryn Loire, dyffryn Rhein neu gymryd dyfrdaith i ddinasoedd diddorol ar y Ddonwy neu gymryd cwch ar hyd Canal Erie.",travel
Gall fod yn well i ddefnyddio asiant sy'n archebu teithiau tebyg i'ch un chi yn aml.,travel
Cafodd Couchsurfing ei sefydlu yn Ionawr 2004 ar ôl i'r rhaglennydd cyfrifiaduron Casey Fenton ganfod hediad rhad i Wlad yr Iâ ond nid oedd ganddo le i aros.,travel
"Yn gyffredinol, mae gan fisâu myfyrwyr ofynion a gweithdrefnau cyflwyno ceisiadau gwahanol i fisâu twristaidd neu fusnes arferol.",politics
Mae gan bob gwlad hefyd ddeddfau unigryw sy'n nodi pa eitemau argyfwng sydd angen bod yn y car.,politics
"Er bod y rhan fwyaf o asiantaethau'n barod i dderbyn y mwyafrif o archebion rheolaidd, mae nifer o asiantaethau yn arbenigo mewn mathau penodol o deithio, ystodau cyllideb neu gyrchfannau.",travel
Gallai teithwyr ddod ar draws plâu nad ydynt yn gyfarwydd â hwy yn eu rhanbarthau cartref.,travel
"Hefyd i'r gogledd ymwelwch â Noddfa Ein Gwraig Fatima (Cysegrfa), man enwog yn fyd-eang am ymddangosiadau Mair.",travel
Gallwch ddefnyddio boda-boda (tacsi beic modur) i deithio o amgylch Goma. Y pris arferol (lleol) yw ~500 Ffranc Congolaidd am daith fer.,travel
"Ar gyfer y rhai sy'n mwynhau gweithgareddau awyr agored, mae taith i fyny'r coridor Sea to Sky yn hanfodol.",travel
"Mae'r saffari cerdded (hefyd yn cael ei alw'n ""dro gwylltir"", ""saffari heicio"", neu hyd yn oed ""droedio"") yn cynnwys heicio, naill ai am ychydig oriau neu sawl diwrnod.",travel
"Yr unig ffordd i'w gael drwodd yn gyflymach oedd ei anfon fel bagiau wedi'u cofnodi. Ni fydd rheoliadau'r cwmni hedfan yn caniatáu iddynt anfon bagiau heb deithiwr, a dyna lle rydych chi'n dod yn berthnasol.",politics
"Mae 300 ychwanegol yn dod â'r cyfanswm i 1,300 o gerbydau i'w caffael i leddfu gorlenwi.",politics
"Gallai fod angen rhagor o baratoadau ar gyfer teuluoedd a phlant bach, ond mae diwrnod y tu allan yn bosibl hyd yn oed gyda babanod a phlant o dan oedran ysgol.",travel
"Dylai unrhyw un sy'n mynd i yrru ar ledredau uchel neu dros fylchau mynyddoedd ystyried y posibilrwydd o eira, rhew, neu dymereddau rhewi.",geography
"Heddiw, mae Timbuktu yn dref dlotach, er bod ei henw da yn ei gwneud hi'n atyniad i dwristiaid, ac mae ganddi faes awyr.",geography
"Yn ystod stormydd eira, mae digon o eira i'ch caethiwo chi yn gallu syrthio mewn ychydig iawn o amser.",geography
"Os oes eisiau hedfan o gwmpas y byd arnoch chi yn gyfan gwbl yn Hemisffer y De, mae'r dewis o hediadau a chyrchfannau yn gyfyngedig oherwydd prinder llwybrau ar draws cefnforoedd.",travel
"Mae cwmnïau hedfan fel Emirates, Etihad Airways, Qatar Airways a Turkish Airlines wedi ehangu'u gwasanaethau i Affrica yn fawr, ac yn cynnig cysylltiadau â llawer o ddinasoedd Affricanaidd mawr ar gyfraddau mwy cystadleuol na chwmnïau hedfan Ewropeaidd eraill.",travel
"Nid oes cludiant ychwanegol yn cael ei drefnu ac ni fydd trenau uwchben y ddaear yn aros yn Wembley, ac nid yw parcio ceir na chyfleusterau parcio a theithio ar gael yn y stadiwm.",travel
"Yn gyffredinol, bydd aros mewn gwlad dramor am gyfnod estynedig o amser yn gofyn i chi sicrhau fisa o flaen llaw.",travel
Mae gan bob trên gerbydau MetroPlus a Metro; mae cerbydau MetroPlus bob amser ar ben y trên sydd agosaf at Cape Town.,science/technology
Mae pawb yn cymryd rhan mewn cymdeithas ac yn defnyddio systemau cludo. Mae bron pawb yn cwyno am systemau cludo.,politics
"Gan fod poblogaeth yr ardaloedd yn brin, a llygredd golau felly ddim yn broblem yn aml, byddwch hefyd yn gallu gweld y sêr.",geography
Mae gofynion a chostau fisa yn amrywio o genedl i genedl ac mae'r wlad rydych chi'n dod ohoni yn effeithio arnyn nhw.,travel
"Yn gyffredinol, nid oes diben mewn chwilio hyd yn oed am ostyngiadau ar gyfer seddi dosbarth busnes neu ddosbarth cyntaf ar hediadau uniongyrchol o A i B.",travel
Mae taflu bwmerang yn sgil boblogaidd y mae nifer o dwristiaid am ei meithrin.,travel
Nid yr hediad hwn yw'r unig ddewis os ydych chi'n dymuno hepgor De'r Môr Tawel ac arfordir gorllewinol De America. (gweler isod),travel
"Mae San Francisco wedi datblygu seilwaith mawr ar gyfer twristiaid gyda gwestyau, tai bwyta, a chyfleusterau cynadledda niferus o'r safon uchaf.",travel
Mae gwirfoddoli tra'n teithio yn ffordd wych o wneud gwahaniaeth ond nid yw'n ymwneud â rhoi yn unig.,travel
Mae'n bosibl nad yw pobl yn rhag-weld bod amynedd a dealltwriaeth yn angenrheidiol hefyd i deithwyr sy'n dychwelyd adref.,travel
"Peidiwch ag anghofio ychwanegu costau ychwanegol fisâu ychwanegol, trethi ymadael, cludo ar y ddaear, ayb. ar gyfer yr holl leoedd hynny y tu allan i Affrica.",travel
Roedd nifer o drigolion Bishkek yn beio protestwyr o'r de am yr anhrefn.,politics
Roedd rhannau o'r Wlad Belg bresennol yn rhan o Lwcsembwrg yn y gorffennol ond daethant yn rhan o Wlad Belg ar ôl Chwyldro Belgaidd yr 1830au.,geography
"Ers 1998, mae'n rhaid i flychau pleidleisio fod yn dryloyw fel bod pleidleiswyr ac arsylwyr yn gallu tystio nad oes dim amlenni yn bresennol ar ddechrau'r bleidlais heblaw am rai'r pleidleiswyr awdurdodedig a gafodd eu cyfrif yn briodol.",politics
Fe wnaeth y Prif Weinidog Dros Dro Julia Gillard honni yn ystod ymgyrch etholiadol 2010 ei bod yn credu y dylai Awstralia ddod yn weriniaeth ar ddiwedd teyrnasiad y Frenhines Elizabeth II.,politics
Mae llywodraeth Iwerddon yn pwysleisio brys deddfwriaeth seneddol i gywiro'r sefyllfa.,politics
Mae dadleuon diplomyddol dros y rhanbarth yn parhau i amharu ar berthnasoedd rhwng Armenia ac Aserbaijan.,politics
"Mae'r Prif Weinidog Stephen Harper wedi cytuno i anfon ""Deddf Aer Glân"" y llywodraeth at bwyllgor trawsbleidiol i'w hadolygu, cyn ei hail ddarlleniad, ar ôl cyfarfod 25 munud ddydd Mawrth gydag arweinydd NDP, Jack Layton, yn Swyddfa'r Prif Weinidog.",politics
"Fis diwethaf, roedd protestiadau mawr yng Ngwlad Pwyl pan lofnododd y wlad honno ACTA, sydd wedi arwain at y Llywodraeth Bwylaidd yn penderfynu peidio â chymeradwyo'r cytundeb, am y tro.",politics
Mae dogfennau cynghori yn grynodeb byr o'r sefyllfa wleidyddol mewn un wlad yn unig.,politics
"Yn ystod detholiadau 1976 bu'n cynghori Carter ar bolisi tramor, yna gwasanaethodd fel Ymgynghorydd Diogelwch Cenedlaethol (NSA) rhwng 1977 a 1981, gan olynu Henry Kissinger.",politics
"Byddai Twrci hefyd yn cymryd cyfrifoldeb dros warchod ymladdwyr ISIS a gafodd eu dal y mae, yn ôl y datganiad, y cenhedloedd Ewropeaidd wedi gwrthod eu hanfon adref.",politics
"Fodd bynnag, cafodd y cynlluniau hyn eu disodli dros nos bron, pan aeth dros 800,000 o filwyr o Fyddin Goch yr Undeb Sofietaidd i mewn a chreu ffryntiau Belarws a'r Wcrain ar ôl ymosod ar ranbarthau dwyreiniol Gwlad Pwyl yn groes i Gytundeb Heddwch Riga, y Cytundeb Anymosod Sofiet-Pwylaidd, a chytundebau rhyngwladol eraill, dwyochrog yn ogystal ag amlochrog.",politics
"Yn dilyn y broses, bydd HJR-3 yn cael ei adolygu eto erbyn y ddeddfwrfa etholedig nesaf yn naill ai 2015 neu 2016 i aros yn y broses.",politics
"Ar ôl iddo gael ei fabwysiadu gan y Gyngres ar Orffennaf 4, cafodd drafft mewn llawysgrifen wedi'i lofnodi gan Lywydd y Gyngres John Hancock a'r Ysgrifennydd Charles Thomson ei anfon ychydig o flociau i ffwrdd at siop argraffu John Dunlap.",politics
"Ychydig ar ôl 11:00, rhwystrodd gwrthdystwyr draffig ar y ffordd tua'r gogledd yn Whitehall.",politics
"Fodd bynnag, ym mis Mehefin 1956, rhoddwyd addewidion Krushchev ar brawf pan drodd terfysgoedd yng Ngwlad Pwyl, lle'r oedd gweithwyr yn protestio yn erbyn prinder bwyd a thoriadau cyflog, yn brotest gyffredinol yn erbyn Comiwnyddiaeth.",politics
"Roedd i barhau am y 40 mlynedd nesaf a byddai'n cael ei ymladd yn wirioneddol, gan fyddinoedd dirprwyol, ar feysydd brwydro o Affrica i Asia, yn Affganistan, Ciwba, a llawer o leoedd eraill.",politics
Fis diwethaf argymhellodd comisiwn arlywydddol ymddiswyddiad y CEP blaenorol fel rhan o becyn o fesurau i symud y wlad tuag at etholiadau newydd.,politics
Ymhlith pynciau eraill yr ymdrinnir â hwy yn ôl y sôn mae cyflwr Jerwsalem yn y dyfodol sy'n sanctaidd i'r ddwy genedl a mater Dyffryn yr Iorddonen.,politics
Nid oedd ganddo awdurdod chwaith i sarnu cyfreithiau treth a thariffau rhwng taleithiau.,politics
Mae cyfraith etholiadol Ffrainc yn cyfundrefnu achosion yn eithaf llym.,politics
"Yn dilyn wythnos o golledion yn yr etholiad canol tymor, dywedodd Bush wrth gynulleidfa am ehangu masnach yn Asia.",politics
"Profodd y strategaeth yn effeithiol, gan rwystro cyflenwadau milwrol a sifilaidd hanfodol, er bod y blocâd hwn yn tramgwyddo cyfraith ryngwladol wedi'i derbyn yn gyffredinol wedi'i chyfundrefnu gan sawl cytundeb rhyngwladol o'r ddwy ganrif ddiwethaf.",politics
Mae cysylltiadau economaidd wedi cael eu hailsefydlu rhwng y ddwy ran hyn o Moldofa er gwaetha'r methiant mewn trafodaethau gwleidyddol.,politics
"Yng nghwmni'r swyddogion hyn, sicrhaodd e ddinasyddion Tecsas fod camau'n cael eu cymryd i amddiffyn diogelwch y cyhoedd.",politics
Mae beirniadaeth ryddfrydol o'r ymdrech ailadeiladu wedi canolbwyntio ar roi contractau ailadeiladu i rai sy'n cael eu hystyried fel pobl sydd y tu mewn i Washington.,politics
"Allan o 1,400 o bobl a gafodd eu holi cyn etholiad ffederal 2010, tyfodd y rheini sy'n gwrthwynebu i Awstralia ddod yn weriniaeth o 8 y cant ers 2008.",politics
Dywedodd diplomatiaid eu bod wedi dod o hyd i ddigon o amwysedd yng nghyfansoddiad Affganistan i benderfynu nad oedd angen yr ail-etholiad.,politics
"Ar ôl i'r canlyniadau ddod i mewn, fe wnaeth Gingrich ganmol Santorum, ond roedd ganddo eiriau caled i Romney, y darlledwyd hysbysebion ymgyrch negyddol yn erbyn Gingrich yn Iowa ar ei ran.",politics
Dyma bumed CEP Martelly mewn pedair blynedd.,politics
"Roedd enillydd y fedal aur Olympaidd i fod i nofio yn y dull rhydd 100m a 230m ac mewn tair ras gyfnewid yng Ngemau'r Gymanwlad, ond oherwydd ei broblemau mae amheuaeth am ei ffitrwydd.",sports
"Yn ogystal â bod yn gyn-bencampwr Olympaidd a'r Byd, roedd Saito yn gadeirydd pwyllgor hyfforddi Ffederasiwn Jiwdo Japan Gyfan ar adeg ei farwolaeth.",sports
"Fe wnaeth y Pwyllgor Olympaidd Rhyngwladol bleidleisio i gynnwys y campau yng nghyfarfod ei fwrdd gweithredol ym Merlin heddiw. Dewiswyd rygbi, rygbi undeb yn benodol, a golff dros bum camp arall i'w hystyried i fod yn rhan o'r Gemau Olympaidd.",sports
Mae twrnamaint mwya'r flwyddyn yn digwydd yn Rhagfyr ar y caeau polo yn Las Cañitas.,sports
"Ers iddo symud i brifddinas Catalwnia, roedd Vidal wedi chwarae 49 gêm dros y clwb.",sports
"Gall cynnal cydbwysedd egni iach, ymarfer arferion hydradu effeithiol, a deall agweddau amrywiol ymarferion ychwanegiadau helpu athletwyr i wella'u perfformiad a chynyddu eu mwynhad o'r gamp.",health
"Yn drydydd, mae Hamlin ugain pwynt y tu ôl, ond pump o flaen Bowyer. Mae Kahne a Truex, Jr. yn bumed a chweched yn y drefn honno gyda 2,200 a 2,207 pwynt.",sports
Record Nadal yn erbyn y gŵr o Ganada yw 7-2.,sports
Roedd Jarque yn ymarfer yn ystod hyfforddiant cyn dechrau'r tymor yn Coverciano yn yr Eidal yn gynharach yn y diwrnod. Roedd yn aros yng ngwesty'r tîm cyn gêm yn erbyn Bolonia a drefnwyd ar gyfer dydd Sul.,sports
Cododd ofnau am ddiffyg trafnidiaeth y posibilrwydd y byddai'r gêm yn cael ei gorfodi i'w chwarae y tu ôl i ddrysau caeëdig heb gefnogwyr y tîm.,sports
"Dywedodd Tommy Dreamer ""Luna oedd Brenhines gyntaf Eithafiaeth. Fy rheolwraig gyntaf. Bu farw Luna ar noson dwy leuad. Go unigryw yn union fel hi. Menyw gref"".",entertainment
Gorffennodd y sgïwr a nam ar ei olwg o Wlad Pwyl Maciej Krezel a'i dywysydd Anna Ogarzynska yn drydydd ar ddeg yn y Super-G. Gorffennodd Jong Seork Parh o Dde Corea yn bedwerydd ar hugain yn Super-G eistedd y dynion.,sports
"I gael newyddion am dwrnameintiau a ble i brynu tocynnau ar gyfer gemau polo, gwiriwch Asociacion Argentina de Polo.",sports
"Dechreuodd y gemau am 10:00am gyda thywydd gwych a heblaw am law mân ganol bore a gliriodd yn gyflym, roedd hi'n ddiwrnod perffaith ar gyfer rygbi 7 pob ochr.",sports
Gorffennodd Arly Velasquez o Fecsico yn bymthegfed yn Super-G eistedd y dynion. Gorffennodd Adam Hall o Seland Newydd yn nawfed yn Super-G sefyll y dynion.,sports
"Bydd gêm ola'r gyfres yn digwydd ym Mharc Ellis yn Johannesburg wythnos nesaf, pan fydd y Springboks yn chwarae yn erbyn Awstralia.",sports
Mewn amodau da gallwch deithio pellteroedd dipyn yn fwy na cherdded - ond anaml iawn y byddwch yn cael cyflymdra sgïo traws gwlad heb gwarbac trwm mewn llwybrau graenus.,travel
"Saith pwynt ar ei hôl hi, mae Johnson yn ail gyda 2,243.",sports
"Mae ceunantu (neu geunantannu) yn golygu mynd i waelod ceunant, sydd naill ai'n sych neu'n llawn dŵr.",geography
"Gwnaeth Robin Uthappa sgôr uchaf y batiad, 70 rhediad mewn 41 pelen yn unig trwy daro 11 pedwar a 2 chwech.",sports
"Mae chwaraeon y gaeaf yn fwyaf poblogaidd yn y rhanbarthau Gogleddol, gydag Eidalwyr yn cystadlu mewn gemau rhyngwladol a digwyddiadau Olympaidd.",sports
"Roedd Maroochydore wedi gorffen ar frig yr ysgol, chwe phwynt yn glir o Noosa yn ail.",sports
"Daeth Michael Schumacher â'i ras i ben ychydig ar ôl Alonso, oherwydd y difrod i hongiad y car yn y brwydrau niferus yn ystod y ras.",sports
"Ni all arferion maethyddol priodol yn unig gynhyrchu perfformiadau elitaidd, ond gallent effeithio ar les cyffredinol athletwyr ifanc yn sylweddol.",health
Dyw e ddim wedi gallu cymryd y cyffuriau sydd eu hangen i oresgyn ei boen gan eu bod wedi'u gwahardd o'r Gemau.,sports
Mae ymchwil wedi canfod bod menywod ddwywaith yn fwy tebygol o gael Sglerosis Ymledol na gwrywod.,health
"Gall gwirodydd anghyfreithlon gynnwys amhurdebau enbyd amrywiol gan gynnwys methanol, sy'n gallu achosi dallineb neu farwolaeth hyd yn oed mewn dosau bach.",health
"Dim ond effeithiau trychinebu, nid iselder ac ofn oedd yn amodol ar sesiynau strwythuredig wythnosol PA.",health
"Mae perchnogaeth dorfol o geir hefyd yn arwain at nifer uwch o ddamweiniau ar y ffyrdd, sy'n arwain at ddyfeisio technegau newydd mewn gofal iechyd ar gyfer trwsio cyrff wedi'u difrodi.",health
"Mae ymchwilwyr blaenllaw yn dweud y gallai hyn ddod â darganfod cynnar canser, twbercwlosis, HIV a malaria i gleifion mewn gwledydd incwm isel, lle mae'r gyfradd oroesi ar gyfer afiechydon fel canser y fron yn hanner rhai gwledydd cyfoethocach.",health
"Fe wnaeth Dr Ehud Ur, athro meddygaeth ym Mhrifysgol Dalhousie yn Halifax, Nova Scotia, a chadeirydd adran glinigol Cymdeithas Clefyd Siwgr Canada rybuddio bod yr ymchwil yn dal yn ei ddyddiau cynnar.",health
"Mae'r plant yn dueddol o fynd i lawer o drwbl, oherwydd maen nhw'n ""ymwneud mewn ymddygiadau peryglus, yn cwffio, ac yn herio awdurdod"" er mwyn ysgogi eu hymennydd, gan na ellir ysgogi eu hymennydd trwy ddulliau arferol.",health
Mae bodau dynol yn gallu cael eu heffeithio gan anadlu dŵr wedi'i effeithio sydd wedi'i gymryd i'r awyr gan wynt a thonnau.,health
Mae rhai pobl yn credu bod profi llawer o freuddwydion eglur wedi'u hachosi'n artiffisial yn gallu bod yn flinderus iawn.,health
Derbyniodd Potro driniaeth i'w ysgwydd ar yr adeg hon ond llwyddodd i ddychwelyd i'r gêm.,sports
"Ymhellach, mae gan fethu a gwneud hynny ganlyniadau difrifol: arafu twf, diffyg maeth, ac yn y pen draw marwolaeth.",health
Mae swyddogion dinas Amsterdam ac Amgueddfa Anne Frank yn datgan bod y goeden wedi'i heintio â ffwng ac yn peri perygl iechyd cyhoeddus wrth iddynt ddadlau ei bod mewn perygl o syrthio'n fuan.,health
"Mae'r ysbyty wedi dilyn protocol ar gyfer rheoli heintiau, gan gynnwys gwahanu'r cleifion oddi wrth eraill i atal heintio posibl pobl eraill.",health
Mae Sefydliad Heddwch a Democratiaeth Haiti wedi cyfeirio at astudiaethau annibynnol sy'n awgrymu bod bataliwn cadw heddwch Nepal y Cenhedloedd Unedig wedi dod â'r afiechyd i Haiti yn ddiarwybod.,politics
"Nid yw afiechydon heintus eu hunain, nac anifeiliaid peryglus sy'n medru anafu neu ladd pobl trwy rym, yn cael eu hystyried yn blâu fel arfer.",health
"Mae plant ag ADD yn ei chael hi'n anodd canolbwyntio ar bethau fel gwaith ysgol, ond gallant ganolbwyntio ar bethau y maen nhw'n mwynhau eu gwneud fel chwarae gemau neu wylio eu hoff gartwnau neu ysgrifennu brawddegau heb atalnodi.",health
"Ymhen blwyddyn, gall unigolyn heintiedig heintio 10 i 15 o gysylltiadau agos.",health
"Pan ddaeth yr ymladd i ben ar ôl i'r rhai a anafwyd gael eu cludo i'r ysbyty, arhosodd tua 40 o'r carcharorion eraill oedd ar ôl yn yr iard a gwrthod dychwelyd i'w celloedd.",politics
Dechreuodd feddygon gael eu recriwtio gan yr Ymerawdwr Awgwstws a hyd yn oed ffurfio'r Corfflu Meddygol Rhufeinig cyntaf i'w ddefnyddio yn sgìl brwydrau.,health
"Fodd bynnag, cafodd y gyrrwr anafiadau difrifol i'w ben.",health
"""Mae gennym ni nawr lygod pedwar mis oed sydd ddim yn ddiabetig oedd yn arfer bod yn ddiabetig"", ychwanegodd e.",health
"Efallai na fydd gwenwyno mewnol yn amlwg ar unwaith. Mae symptomau, fel chwydu, yn ddigon cyffredinol fel na ellir gwneud diagnosis ar unwaith.",health
"O ganlyniad, mae'r perfformwyr yn ysmygu smôcs canabis ar y llwyfan, ac mae'r theatr ei hun yn annog y gynulleidfa i ymuno.",entertainment
Mae Aerosmith wedi canslo'r cyngherddau sy'n weddill ar eu taith.,entertainment
"Os ydych chi eisiau bod yn agos at y digwyddiadau, bydd rhaid i chi fynd i mewn yn gynnar i gael maes gwersylla'n agos at y gerddoriaeth.",entertainment
Mae llawer o fformatau ffilm wedi cael eu defnyddio dros y blynyddoedd. Ffilm 35 mm (36 wrth 24 mm) yw'r un mwyaf cyffredin o ddigon.,entertainment
"Er bod hwn yn weithgaredd cyffredin iawn, mae'n cael ei wahardd gan Disney: nid yw'r tocynnau'n drosglwyddadwy.",entertainment
Byddai pob pennod o'r sioe yn canolbwyntio ar thema mewn llyfr penodol ac yna'n archwilio'r thema honno drwy straeon lluosog.,entertainment
Cafodd sawl sgrîn deledu fawr eu gosod mewn lleoedd amrywiol yn Rhufain i adael i'r bobl wylio'r seremoni.,entertainment
Mae Sophocles ac Aristophanes yn dal i fod yn ddramodwyr poblogaidd ac ystyrir bod eu dramâu ymhlith gweithiau llenyddol gorau'r byd.,entertainment
Byddai pob sioe hefyd yn cynnig argymhellion ar gyfer llyfrau y dylai plant chwilio amdanyn nhw pan roedden nhw'n mynd i'w llyfrgell.,entertainment
"Ar yr acordion, i gael sain ychwanegol, rydych chi'n defnyddio'r meginau â mwy o bwysau neu gyflymder.",science/technology
Rydych chi'n gallu gweld y pyramidiau yn y tywyllwch ac rydych chi'n gallu eu gweld mewn tawelwch cyn i'r sioe gychwyn.,travel
"Mae enghreifftiau o weithgareddau ar y safle yn cynnwys hela, pysgota, ffotograffiaeth, gwylio adar, ac ymweld â pharciau ac astudio gwybodaeth am yr ecosystem.",travel
Mae'r Sffincs yn cael ei osod fel cefndir ac adroddwr stori hir.,geography
"Mae ganddyn nhw fel arfer gynigion bwyd, diod ac adloniant arbennig, i gadw gwesteion mewn hwyliau da, a'u cadw yn yr adeilad.",travel
"Eisoes yn adrodd yn Saesneg a Siapaneg, mae'r sefydliad byd-eang yn lansio rhaglenni Sbaeneg, Eidaleg a Chorëeg eu hiaith, ar gyfer y teledu, y we, a dyfeisiau symudol.",science/technology
Cyn The Simpsons roedd Simon wedi gweithio ar nifer o sioeau mewn gwahanol swyddi.,entertainment
Bydd hyn yn caniatáu i chwaraewyr reoli gweithrediadau a symudiadau mewn gemau fideo trwy symud y ddyfais yn yr awyr.,science/technology
"Roedd o leiaf 100 o bobl wedi mynychu'r parti, er mwyn dathlu pen-blwydd priodas cyntaf cwpl a briododd y llynedd.",entertainment
"Derbyniodd dwy gân o'r ffilm, Audition (The Fools Who Dream) a City of Stars, enwebiadau am y gân wreiddiol orau. Derbyniodd stiwdio Lionsgate 26 enwebiad - mwy nac unrhyw stiwdio arall.",entertainment
Mae'r gramen tua 70 cilomedr o drwch ar yr ochr agos a thua 100 cilomedr o drwch ar yr ochr bellaf.,geography
Ymhellach i'r de mae Rhaeadr Niagra ac mae'r gogledd yn gartref i harddwch naturiol Muskoka a thu hwnt sydd heb ei gyffwrdd.,geography
"Tir Ellsworth yw'r rhanbarth i'r de o'r Penrhyn, wedi'i ffinio â Môr Bellingshausen.",geography
Mae Traffordd (neu Briffordd) Pegwn y De yn llwybr 1600 cilomedr o Orsaf McMurdo ar Fôr Ross i'r Pegwn.,geography
"Yn sefyll yn uchel uwchben pen gogleddol Machu Picchu mae'r mynydd serth hwn, sy'n gefndir i nifer o luniau o'r adfeilion yn aml.",travel
"Enceladus yw'r gwrthrych mwyaf adlewyrchol yng nghysawd yr haul, gan adlewyrchu tua 90 y cant o oleuni'r haul sy'n ei daro.",science/technology
Nid oes modd gweld dim heblaw'r awyr glir hardd uwchben a'r mynyddoedd niferus amgylchynol. Ychydig iawn o'r byd hwn y gellir ei weld neu'i glywed o'r tu mewn i'r ogof.,geography
"Nawr am Siapan. Gwlad ynys oedd Siapan, yn union fel Prydain.",geography
"Ar ei anterth, cyrhaeddodd Seiclon Trofannol Gonu, wedi'i enwi ar ôl bag o ddail palmwydd yn iaith y Maldifau, wyntoedd cyson o 240 cilomedr yr awr (149 milltir yr awr).",science/technology
"Mae arwynebedd Twrci, gan gynnwys llynnoedd, yn meddiannu 783,562 cilomedr sgwâr (300,948 milltir sgwâr), gyda 755,688 cilomedr sgwâr (291,773 milltir sgwâr) ohonynt yn ne-orllewin Asia a 23,764 cilomedr sgwar (9,174 Milltir sgwar) yn Ewrop.",geography
"Mae Ynysoedd De Shetland, a ddarganfuwyd ym 1819, yn cael eu hawlio gan nifer o wledydd ac mae'n meddu ar y nifer fwyaf o orsafoedd, gydag un ar bymtheg yn weithredol yn 2020.",geography
"Apia yw prifddinas Samoa. Mae'r dref ar ynys Upolu ac mae ganddi boblogaeth o ychydig llai na 40,000.",geography
"Gan fod y storm yn bell o ddod i olwg tir, mae'n dal yn anodd asesu'r effaith bosibl ar yr Unol Daleithiau neu'r Caribî.",geography
Mae'n deneuach o dan y maria ac yn fwy trwchus o dan yr ucheldiroedd.,geography
Nid corsydd mangrof mo'r fforestydd yn unig fodd bynnag - maen nhw'n cynnwys rhai o'r safiadau olaf o'r jynglau mawr oedd yn gorchuddio gwastadedd Gangetig ar un adeg.,geography
Ni ddangosodd map daeargrynfeydd rhyngwladol Arolwg Daearegol yr Unol Daleithiau ddim daeargrynfeydd yng Ngwlad yr Iâ yn yr wythnos flaenorol.,geography
"Yn gorwedd ar gopa un o'r mynyddoedd i'r gogledd o Mecca, mae'r ogof yn wedi'i hynysu'n llwyr oddi wrth weddill y byd.",geography
