Language,FLORES-200 code,xx - English,English - xx
Acehnese (Arabic script),ace_Arab,26.0,1.7
Acehnese (Latin script),ace_Latn,38.7,25.6
Mesopotamian Arabic,acm_Arab,57.7,15.3
Ta’izzi-Adeni Arabic,acq_Arab,58.8,36.7
Tunisian Arabic,aeb_Arab,54.1,31.3
Afrikaans,afr_Latn,74.5,63.6
South Levantine Arabic,ajp_Arab,62.4,43.2
Akan,aka_Latn,29.1,20.4
Tosk Albanian,als_Latn,63.8,56.8
Amharic,amh_Ethi,55.1,23.8
North Levantine Arabic,apc_Arab,60.2,41.7
Modern Standard Arabic,arb_Arab,62.3,52.8
Modern Standard Arabic (Romanized),arb_Latn,50.5,22.6
Najdi Arabic,ars_Arab,61.4,36.8
Moroccan Arabic,ary_Arab,52.7,23.5
Egyptian Arabic,arz_Arab,55.0,42.9
Assamese,asm_Beng,52.8,28.5
Asturian,ast_Latn,64.2,55.3
Awadhi,awa_Deva,57.2,26.8
Central Aymara,ayr_Latn,22.1,16.7
South Azerbaijani,azb_Arab,43.7,14.8
North Azerbaijani,azj_Latn,49.7,42.7
Bashkir,bak_Cyrl,52.9,39.7
Bambara,bam_Latn,21.7,16.7
Balinese,ban_Latn,50.4,33.7
Belarusian,bel_Cyrl,48.8,44.2
Bemba,bem_Latn,28.5,23.2
Bengali,ben_Beng,58.6,44.0
Bhojpuri,bho_Deva,51.6,33.5
Banjar (Arabic script),bjn_Arab,29.9,5.1
Banjar (Latin script),bjn_Latn,53.9,38.6
Standard Tibetan,bod_Tibt,28.8,22.5
Bosnian,bos_Latn,65.7,57.9
Buginese,bug_Latn,31.3,19.7
Bulgarian,bul_Cyrl,66.0,62.9
Catalan,cat_Latn,68.2,64.5
Cebuano,ceb_Latn,65.1,54.1
Czech,ces_Latn,63.9,56.5
Chokwe,cjk_Latn,20.1,14.9
Central Kurdish,ckb_Arab,54.2,33.8
Crimean Tatar,crh_Latn,52.1,30.8
Welsh,cym_Latn,71.3,54.2
Danish,dan_Latn,69.8,67.3
German,deu_Latn,66.6,63.6
Southwestern Dinka,dik_Latn,22.8,15.8
Dyula,dyu_Latn,21.0,12.8
Dzongkha,dzo_Tibt,22.6,19.3
Greek,ell_Grek,59.8,52.7
Esperanto,epo_Latn,66.3,59.2
Estonian,est_Latn,62.4,54.9
Basque,eus_Latn,56.3,48.7
Ewe,ewe_Latn,23.4,18.8
Faroese,fao_Latn,57.9,40.5
Fijian,fij_Latn,28.5,22.6
Finnish,fin_Latn,60.1,55.5
Fon,fon_Latn,18.5,9.7
French,fra_Latn,66.5,68.9
Friulian,fur_Latn,57.1,42.1
Nigerian Fulfulde,fuv_Latn,22.1,15.3
West Central Oromo,gaz_Latn,33.5,17.5
Scottish Gaelic,gla_Latn,52.2,39.3
Irish,gle_Latn,59.8,44.1
Galician,glg_Latn,64.1,60.5
Guarani,grn_Latn,34.1,18.3
Gujarati,guj_Gujr,62.4,49.0
Haitian Creole,hat_Latn,61.1,49.5
Hausa,hau_Latn,52.0,43.9
Hebrew,heb_Hebr,65.9,57.0
Hindi,hin_Deva,63.7,53.0
Chhattisgarhi,hne_Deva,59.6,29.4
Croatian,hrv_Latn,62.7,56.3
Hungarian,hun_Latn,60.5,53.2
Armenian,hye_Armn,61.0,49.6
Igbo,ibo_Latn,45.4,35.2
Ilocano,ilo_Latn,51.7,39.5
Indonesian,ind_Latn,66.2,66.7
Icelandic,isl_Latn,58.3,46.1
Italian,ita_Latn,58.5,59.4
Javanese,jav_Latn,59.4,44.3
Japanese,jpn_Jpan,53.5,31.9
Kabyle,kab_Latn,24.8,17.3
Jingpho,kac_Latn,20.1,21.0
Kamba,kam_Latn,24.4,16.3
Kannada,kan_Knda,56.7,45.5
Kashmiri (Arabic script),kas_Arab,35.9,13.1
Kashmiri (Devanagari script),kas_Deva,28.2,11.9
Georgian,kat_Geor,54.2,46.5
Kazakh,kaz_Cyrl,57.7,48.0
Kabiyè,kbp_Latn,21.0,9.7
Kabuverdianu,kea_Latn,62.1,32.7
Halh Mongolian,khk_Cyrl,53.1,39.6
Khmer,khm_Khmr,53.8,33.2
Kikuyu,kik_Latn,26.9,20.0
Kinyarwanda,kin_Latn,49.4,35.6
Kyrgyz,kir_Cyrl,50.5,41.0
Kimbundu,kmb_Latn,22.3,18.3
Northern Kurdish,kmr_Latn,50.6,17.9
Central Kanuri (Arabic script),knc_Arab,13.3,4.1
Central Kanuri (Latin script),knc_Latn,22.6,14.4
Kikongo,kon_Latn,26.3,17.6
Korean,kor_Hang,56.2,35.2
Lao,lao_Laoo,57.8,40.7
Ligurian,lij_Latn,59.5,34.7
Limburgish,lim_Latn,62.2,37.5
Lingala,lin_Latn,30.6,24.8
Lithuanian,lit_Latn,59.1,53.2
Lombard,lmo_Latn,59.0,31.2
Latgalian,ltg_Latn,47.3,28.3
Luxembourgish,ltz_Latn,67.2,47.9
Luba-Kasai,lua_Latn,25.6,18.6
Ganda,lug_Latn,35.4,21.6
Luo,luo_Latn,21.3,21.1
Mizo,lus_Latn,33.2,30.6
Standard Latvian,lvs_Latn,60.5,56.1
Magahi,mag_Deva,61.9,37.3
Maithili,mai_Deva,59.9,34.7
Malayalam,mal_Mlym,58.8,43.2
Marathi,mar_Deva,59.9,44.4
Minangkabau (Arabic script),min_Arab,26.6,1.5
Minangkabau (Latin script),min_Latn,54.7,43.6
Macedonian,mkd_Cyrl,65.1,58.2
Maltese,mlt_Latn,72.6,61.2
Meitei (Bengali script),mni_Beng,23.1,6.9
Mossi,mos_Latn,20.5,13.8
Maori,mri_Latn,43.6,38.3
Burmese,mya_Mymr,49.7,30.0
Dutch,nld_Latn,57.8,55.4
Norwegian Nynorsk,nno_Latn,67.1,57.6
Norwegian Bokmål,nob_Latn,66.3,59.2
Nepali,npi_Deva,62.6,45.7
Northern Sotho,nso_Latn,47.1,30.6
Nuer,nus_Latn,19.5,12.2
Nyanja,nya_Latn,44.0,37.4
Occitan,oci_Latn,70.9,54.2
Odia,ory_Orya,56.6,33.0
Pangasinan,pag_Latn,46.2,29.3
Eastern Panjabi,pan_Guru,61.0,33.9
Papiamento,pap_Latn,65.4,46.9
Southern Pashto,pbt_Arab,53.8,23.0
Western Persian,pes_Arab,60.7,50.0
Plateau Malagasy,plt_Latn,50.5,42.0
Polish,pol_Latn,56.3,50.2
Portuguese,por_Latn,69.9,68.5
Dari,prs_Arab,61.2,43.7
Ayacucho Quechua,quy_Latn,26.0,22.1
Romanian,ron_Latn,66.1,64.2
Rundi,run_Latn,38.8,28.2
Russian,rus_Cyrl,59.8,57.0
Sango,sag_Latn,20.1,13.6
Sanskrit,san_Deva,43.5,11.7
Santali,sat_Olck,38.9,8.3
Sicilian,scn_Latn,59.9,39.2
Shan,shn_Mymr,28.5,6.9
Sinhala,sin_Sinh,55.9,38.4
Slovak,slk_Latn,63.8,57.2
Slovenian,slv_Latn,60.9,55.1
Samoan,smo_Latn,48.2,41.5
Shona,sna_Latn,44.8,35.1
Sindhi,snd_Arab,58.4,33.9
Somali,som_Latn,50.3,37.4
Southern Sotho,sot_Latn,50.9,38.1
Spanish,spa_Latn,56.5,55.9
Sardinian,srd_Latn,60.6,42.3
Serbian,srp_Cyrl,66.3,45.5
Swati,ssw_Latn,40.7,28.6
Sundanese,sun_Latn,58.0,41.5
Swedish,swe_Latn,69.4,66.8
Swahili,swh_Latn,64.6,57.0
Silesian,szl_Latn,61.5,31.9
Tamil,tam_Taml,56.8,49.3
Tamasheq (Latin script),taq_Latn,23.5,15.8
Tamasheq (Tifinagh script),taq_Tfng,16.4,5.3
Tatar,tat_Cyrl,54.7,40.0
Telugu,tel_Telu,61.6,49.8
Tajik,tgk_Cyrl,56.3,43.7
Tagalog,tgl_Latn,67.1,61.3
Thai,tha_Thai,56.5,47.1
Tigrinya,tir_Ethi,34.9,10.1
Tok Pisin,tpi_Latn,42.1,35.8
Tswana,tsn_Latn,37.4,32.7
Tsonga,tso_Latn,31.8,24.7
Turkmen,tuk_Latn,55.6,38.6
Tumbuka,tum_Latn,32.3,27.0
Turkish,tur_Latn,62.1,57.2
Twi,twi_Latn,31.9,18.7
Central Atlas Tamazight,tzm_Tfng,19.3,2.6
Uyghur,uig_Arab,46.9,29.3
Ukrainian,ukr_Cyrl,63.6,55.7
Umbundu,umb_Latn,21.5,15.1
Urdu,urd_Arab,58.6,44.4
Northern Uzbek,uzn_Latn,58.2,44.9
Venetian,vec_Latn,64.3,41.0
Vietnamese,vie_Latn,59.7,58.7
Waray,war_Latn,64.3,47.9
Wolof,wol_Latn,25.5,17.8
Xhosa,xho_Latn,52.4,35.8
Eastern Yiddish,ydd_Hebr,68.9,30.3
Yoruba,yor_Latn,36.8,21.0
Yue Chinese,yue_Hant,55.6,15.7
Chinese (Simplified),zho_Hans,55.0,31.0
Chinese (Traditional),zho_Hant,53.5,24.8
Standard Malay,zsm_Latn,65.7,63.5
Zulu,zul_Latn,55.3,40.8
