question,gemma3_answer
དུམ་མཚམས་དེ་ལྟར་ན། ཅི་ཞིག་ནི་མཛུབ་གནོན་བུད་བྱིངས་ཏག་ཏག་དཀྲོལ་བ་བའི་ཡང་དག་པའི་མན་ངག་ཅིག་ཏུ་བརྩི་གི་མ་རེད་དམ།,3
མཛུབ་གནོན་བུད་བྱིངས་དཀྲོལ་སྐབས། གཤམ་གསལ་རྣམས་ནས་སྒྲ་ཚད་ཇེ་མཐོར་གཏོང་རྒྱུར་ཅི་ཞིག་གིས་ཕན་ནམ།,2
བརྙན་འཕྲིན་ནང་གི་བརྙན་པར་གྱི་མཐའ་སྐོར་གྱི་ཐིག་རིས་བཅད་ནས་ཡོད་དམ།,2
དུམ་མཚམས་དེ་ལྟར་ན། གཤམ་གསལ་དཀའ་ངལ་རྣམས་ནས་གློག་བརྙན་ཞིག་DVDལ་བསྒྱུར་སྐབས་དཀའ་ངལ་ཅི་ཞིག་འཕྲད་སྲིད་པར་འདོད་དམ།,3
དབྱིན་ཇིའི་བཅའ་སྡོད་དམག་དཔུང་གང་དུ་ཡོད་དམ།,3
ལག་བྲིས་ཡིག་ཚགས་དེའི་ཐོག་མངོན་པའི་ས་རྟགས་དེ་སུའི་རེད་དམ།,1
གཤམ་གྱི་ས་གནས་ཁག་ནས། ཌུན་ལབ་བྷོརོཌ་སཡེཌས་ དེ་མཐར་གང་དུ་བསླེབས་པ་རེད་དམ།,1
དམག་དཔོན་ཀོལོནལ་ཇོན་སྟྲག་གི་དམག་མི་གང་དུ་བཅའ་སྡོད་བྱས་འདུག་གམ།,2
དུམ་མཚམས་དེ་ལྟར་ན། Starkཡི་དམག་མིས་ཁོང་ཚོའི་ལྕགས་ཁྲ་ེརྒྱ་སྐྱེད་ག་དུས་བྱས་སམ།,4
དུམ་མཚམས་དེ་ལྟར་ན། གཤམ་གསལ་གྱི་ས་གནས་ཁག་ནས་རྒྱ་ནག་གི་དྲག་རྩུབ་ཆེ་ཤོས་ཀྱི་དུས་ཚིགས་དེ་གང་ཡིན་ནམ།,4
དུམ་མཚམས་དེ་ལྟར་ན། གྲོག་མའི་དམག་དཔུང་ཚོ་ཁག་དེ་ཉིད་འབྲོག་པའི་དུས་རིམ་དུ་སླེབས་དོན་ཅི་ཞིག་ཡིན་ནམ།,3
དུམ་མཚམས་དེ་ལྟར་ན། གསལ་བསྒྲགས་གང་ཞིག་གིས་འབྲོག་པའི་དུས་རིམ་དུ་གྲོག་མའི་དམག་དཔུང་གི་མི་སེར་སྤེལ་ཡུལ་གྱི་ཚང་བཟོ་བའི་གོམས་གཤིས་ཏག་ཏག་ཅིག་མཚོན་པར་བྱེད་ཀྱི་ཡོད་དམ།,3
ཕྱི་རོལ་གྱི་རྒྱུ་རྐྱེན་ཡོད་ཀྱང་གཤམ་གསལ་གྱི་གནད་དོན་གང་དག་མུ་མཐུད་དུ་རྒྱུན་འཁྱོངས་བྱེད་སྲིད་དམ།,1
ཐ་སྙད་གང་ཞིག་གིས་སྣང་ཚུལ་གྱི་ཁྱད་ཆོས་ངེས་ཅན་ཞིག་གི་གཟུགས་པོའི་རྫས་རྒྱུན་གྱི་འགྱུར་ལྡོག་མངོན་པའི་དངོས་པོའི་བྱེ་བྲག་ཞིབ་བརྗོད་བྱས་ཡོད་དམ།,3
གཤམ་གསལ་གྱི་གནད་དོན་གང་དག་གིས་དམིགས་བསལ་གྱི་ཁྱབ་ཁོངས་བཟུང་བའི་སྐྱེ་དངོས་ལ་མཚོན་ན་ཐ་སྙད་ཏག་ཏག་མཚོན་ཐུབ་པར་བྱེད་ཀྱི་ཡོད་དམ།,4
གཤམ་གསལ་རྣམས་ནས་རང་བྱུང་ཁོར་ཡུག་ལ་གཞི་བཅོལ་བའི་ཡུལ་སྐོར་བྱེད་སྒོའི་དཔེ་མཚོན་ཡོང་མ་ཐུབ་པ་གང་ཞིག་ཡོད་དམ།,3
དུམ་མཚམས་དེ་ལྟར་ན། གཤམ་གསལ་ཁག་ནས་འགྲིམ་འགྲུལ་མ་ལག་གི་རྨང་གཞི་གང་དག་ཡོད་དམ།,2
ཉིང་རྡུལ་འཁོར་སྐྱོད་བྱེད་པའི་རྡུལ་ཕྲན་ལ་རིགས་དབྱིབས་གང་གི་གློག་ཤུགས་འཁོ་འདོན་ཡོད་དམ།,1
ཉིང་རྡུལ་དེ་ཉིད་རྡུལ་ཕྲན་གྱི་ཆ་ཤས་གང་ཞིག་གིས་གྲུབ་པ་ཡིན་ནམ།,1
དུམ་མཚམས་དེ་ལྟར་ན། གཤམ་གསལ་གྱི་གནད་དོན་གང་དག་ནི་རྒྱུ་གཉིས་ཨང་གྲངས་ལྔ་ཡི་དཔེར་བརྗོད་ཅིག་ཡིན་ནམ།,1
ཟུང་ལྡན་ཨང་གྲངས་ལ་གཞན་གང་ཟེར་རམ།,1
དུམ་མཚམས་དེའི་ནང་གསལ་བརྗོད་བྱས་པ་ལྟར་སློབ་ཕྲུག་གིས་དྲ་ཚིགས་པུད་ཁུག་གཉེར་བའི་ཁེ་ཕན་ཐོག་མ་དེ་གང་ཡིན་ནམ།,1
གཤམ་གསལ་གྱི་ཁྱབ་ཁོངས་ཁག་ནས་དྲ་ཚིགས་པུད་ཁུག་གཉེར་བ་དེས་སློབ་ཕྲུག་གི་འབྲི་རྩལ་ཡར་རྒྱས་གཏོང་རྒྱུའི་སེམས་ཤུགས་ཇེ་མཐོར་གཏོང་རྒྱུར་འགྲེལ་ཡོད་དམ།,1
གཤམ་གསལ་གྱི་གནད་དོན་གང་དག་གིས་སློབ་མར་དྲ་ཐོག་འབྲེལ་འདྲིས་བྱེད་པར་ཕན་ཐོགས་མེད་དམ། ,3
དུམ་མཚམས་དེ་ལྟར་ན། གཤམ་གསལ་གྱི་ཁྱབ་ཁོངས་ཁག་ནས་Asynchronous  འབྲེལ་ལམ་དེ་ཉིད་སློབ་ཕྲུག་ལ་སྟབས་བདེ་ཅི་ཞིག་མེད་དམ།,3
དུམ་མཚམས་དེའི་ནང་དུས་རབས་བར་མའི་མཁར་རྫོང་དང་འབྲེལ་བ་ཡོད་སྲིད་པ་གང་ཞིག་གསལ་བརྗོད་བྱས་མི་འདུག་གམ།,1
དུམ་མཚམས་དེའི་ནང་དུ་མཁར་རྫོང་ཞིག་རོའི་ཁྲོད་དུ་བྱུང་བའི་དྲི་མ་དང་སྐད་སྒྲ་ཞིག་ཏུ་བརྩིས་ནས་གསལ་བརྗོད་བྱས་མེད་དམ།,1
གཤམ་གསལ་ནས་Kirby Muxloeམཁར་རྫོང་འགྲེལ་བརྗོད་ཏག་ཏག་བྱེད་མཁན་དེ་གང་ཞིག་ཡིན་ནམ།,2
དུམ་མཚམས་དེའི་ནང་གསལ་བརྗོད་བྱས་པའི་གཤམ་གསལ་གྱི་འཛུགས་སྐྲུན་ཁྱད་ཆོས་གང་ཞིག་Kirby Muxloeམཁར་རྫོང་དུས་སྐབས་དང་མི་མཐུན་པའི་རིགས་ཡིན་ནམ།,3
དུམ་མཚམས་དེ་ལྟར་ན། གཤམ་གསལ་ནས་འབྱུང་འགྱུར་གྱི་འགྲན་བསྡུར་ཆེད་གྲ་སྒྲིག་བྱེད་པར་ཕན་ཐོགས་ཆེ་ཤོས་དེ་གང་ཡིན་ནམ།,2
དུམ་མཚམས་དེ་ལྟར་ན། མེལ་-ཕྱེད་ཙམ་གྱི་རྒྱུག་རྩལ་པ་རྩེ་གྲ་ཞིག་ལ་མཚོན་ན་གཤམ་གསལ་ལས་གང་ཞིག་ཧ་ཅང་གལ་ཆེན་དུ་གྱུར་ཡོད་དམ།,2
ལུས་རྩལ་པ་ཞིག་ལ་མཚོན་ན། གཤམ་གསལ་ལས་ཟས་བཅུད་ཁོ་ནར་བརྟེན་ནས་མངོན་འགྱུར་ཡོང་ཐབས་བྲལ་བ་དེ་གང་ཞིག་ཡིན་ནམ།,4
དུམ་མཚམས་དེ་ལྟར་ན། གཤམ་གསལ་ནས་ན་གཞོན་ལུས་རྩལ་པས་རྩེད་འགྲན་བྱ་འགུལ་ཁྲོད་དུ་སྤྲོ་བ་དེ་ལས་མང་འཕེལ་རྒྱུའི་ཐད་འོས་སྦྱོར་བྱ་ེརྒྱུ་མིན་ནམ།,4
དུམ་མཚམས་དེ་ལྟར་ན། ཐག་རིང་ཐུང་བར་མའི་རྒྱུག་འགྲན་པས་ཡོ་བྱད་རིན་གོང་མཐོ་གྲས་ཅིའི་ཕྱིར་ཉོ་སྲིད་པར་འདོད་བཞིན་ཡོད་དམ།,3
དུམ་མཚམས་དེ་ལྟར་ན། ཐག་རིང་ཐུང་བར་མའི་རྒྱུག་འགྲན་པར་ཅི་ཞིག་དགོས་མཁོ་ཡོད་དམ།,1
སུས་རྡུལ་ཕྲན་ཁབ་ལེན་གློག་པར་གསར་གཏོད་བྱས་སམ། ,3
ལོ་གང་གི་ནང་དུ་གསོ་རིག་ཁབ་ལེན་གློག་པར་ལ་ཆོག་མཆན་ངོས་འཛིན་སྤྲད་ཡོད་དམ། ,4
དུམ་མཚམས་དེ་ལྟར་ན། མིའི་རིགས་ཀྱིས་མི་གཞན་གྱི་ཕྱིའི་གཟུགས་པོའི་བྱ་སྤྱོད་ལ་འགྲེལ་བཤད་བྱ་ཆེད་ཅི་ཞིག་གི་གོ་བ་བརྟན་པོ་དགོས་ཀྱི་ཡོད་དམ།,2
དུམ་མཚམས་དེ་ལྟར་ན། ཀུན་སློང་གོ་བ་ལོན་ཆེད་འགྲོ་བ་མིས་ཅི་ཞིག་བྱེད་ཀྱི་ཡོད་དམ།,3
དུམ་མཚམས་དེ་ལྟར་ན། གཤམ་གསལ་ནས་ཅི་ཞིག་མི་བཟོས་རྣམ་རིག་གི་དགོས་དོན་གྱི་བསྡོམས་དོན་ཏག་ཏག་དེ་རེད་དམ།,4
དུམ་མཚམས་དེ་ལྟར་ན། གཤམ་གསལ་ནས་མི་བཟོས་རྣམ་རིག་ཅི་ཞིག་དང་འབྲེལ་བ་ཡོད་དམ།,3
དུམ་མཚམས་དེ་ལྟར་ན། གཤམ་གསལ་གྱི་ནང་དོན་གང་དག་ནི་བསམ་གཞིགས་བྱེད་སྟངས་གཅིག་མཐུན་ཡིན་པའི་མི་ཞིག་གི་སྟོབས་ཤུགས་མཚོན་ནམ།,1
དུམ་མཚམས་དེ་ལྟར་ན། གཤམ་གསལ་གྱི་ནང་དོན་གང་དག་ནི་གཅིག་གྱུར་གྱི་བསམ་གཞིགས་བྱེད་སྟངས་ཀྱི་གཙོ་གནད་ཅིག་ཏུ་བརྩི་རྒྱུ་མེད་དམ།,1
དུམ་མཚམས་དེ་ལྟར་ན། གཤམ་གསལ་ནས་མཚོན་ཚུལ་གང་ཞིག་རྣམ་འགྱུར་-ཆུང་ཆུང་ཞིག་ཏུ་བརྩི་མི་སྲིད་དམ།,1
གཤམ་གསལ་ནས་རྣམ་འགྱུར་-ཆུང་གྲས་ཀྱི་གོ་བ་བདེན་པ་མིན་པ་གང་ཞིག་ཡོད་དམ།,2
རིག་རྩལ་བསྐྱར་དར་གྱི་རྐྱེན་གྱིས་གཤམ་གསལ་གྱི་ནང་དོན་གང་དག་དེ་བས་གལ་འགངས་ཆེ་བར་གྱུར་ཡོད་དམ། ,3
རིག་རྩལ་བསྐྱར་དར་གྱི་རྐྱེན་བྱས་ཏེ། གཤམ་གསལ་ནས་ཅི་ཞིག་གི་ཐོག་གལ་འགངས་ཆེན་པོ་བརྩིས་ཀྱི་མེད་དམ།,3
གཤམ་གསལ་གྱི་ནང་དོན་གང་དག་གིས་དྲ་རྒྱ་བེད་སྤྱད་ནས་མུ་མཐུད་དུ་འབྲེལ་བ་བྱེད་པའི་ཀུན་སློང་མཚོན་མི་ཐུབ་བམ།,2
གཤམ་གསལ་གྱི་ནང་དོན་གང་དག་གིས་དྲ་རྒྱ་བེད་སྤྱད་དེ་མི་སྒེར་ཚུད་པའི་སེམས་སྒུལ་ཐེབས་ཚུལ་མི་མཚོན་པ་གང་ཞིག་ཡོད་དམ།,1
ཡོ་རོབ་ནུབ་མས་དུས་ནམ་ཞིག་ལ་གཞན་རྟེན་ཤུགས་ཆེན་པོར་བརྟེན་མཚམས་བཞག་ནས་རང་ཉིད་ཀྱི་ཉམས་འགྱུར་འཕེལ་རྒྱས་གཏོང་འགོ་བཙུགས་པ་ཡིན་ནམ།,1
སྒྲོག་གུ་སྤྱད་དེ་གྱོན་ཆས་དམ་པོར་བཟ་བ་དེ་ནི་ཅི་ཞིག་གི་གྲུབ་འབྲས་ཡིན་ནམ། ,4
དུམ་མཚམས་དེ་ལྟར་ན། གཤམ་གསལ་གྱི་ནང་དོན་གང་དག་ནི་ཁོར་ཡུག་གི་གནད་དོན་ཐག་གཅོད་བྱེད་པར་སྤྱོད་གོ་ཆོད་པའི་ཡུན་རིང་གི་ཐབས་ལམ་ཞིག་ཡིན་ནམ།,2
དུམ་མཚམས་དེ་ལྟར་ན། གཤམ་གསལ་གྱི་ཐག་གཅོད་བྱེད་ཐབས་གང་དག་ནི་ཁོར་ཡུག་གི་གནད་དོན་ལ་ནད་རྟགས་ཡོད་པའི་ཐག་གཅོད་བྱེད་ཐབས་ཤིག་ཏུ་བརྩི་མི་སྲིད་དམ།,4
ཡོ་རོབ་གླིང་གི་ལྟེ་བའི་གནད་དོན་དེ་དབང་ཆའི་བསྡུར་ཚད་དང་འབྲེལ་བ་ཡོད་པ་ལས་ཆོས་ལུགས་ཀྱི་རྒྱབ་ལྗོངས་ཡོད་པ་མ་རེད་ཅེས་བཤད་པའི་ཡོ་རོབ་གླིང་གི་དམག་འཁྲུག་ཐེངས་དང་པོ་དེ་རྒྱལ་ཁབ་གང་དུ་ཡོད་དམ།,1
སྐབས་རེ་དམག་འཁྲུག་དེ་བཞིན་ 'ཆོས་དམག་' མཐའ་མ་དེ་རེད་ཅེས་འགྲེལ་བརྗོད་བྱེད་ཀྱི་ཡོད་དམ།,1
གནམ་བདག་ཆོས་ཚོགས་ཀྱི་གཤམ་གྱི་ལྟ་ཕྱོགས་གང་དག་ལ་ཞིབ་བཤེར་བྱེད་བཞིན་མེད་དམ།,1
དུམ་མཚམས་དེ་ལྟར་ན། Versailles སུ་ཞིག་དམར་གསོད་བཏང་ཡོད་དམ།,4
གཤམ་གསལ་མི་དམངས་ཚོགས་པས་གནད་དོན་གང་དག་གཏུམ་སྤྱོད་འཇིགས་སྐུལ་འོག་རྒྱལ་པོ་དང་བཙུན་མོར་བཙན་ཤེད་བྱས་པ་མིན་ནམ།,2
གཤམ་གསལ་གྱི་གནད་དོན་གང་དག་དབྱིན་ཇིའི་རྒྱུན་ལྡན་མིན་པའི་མཚོ་དམག་ལས་བྱུང་བའི་དམག་འཁྲུག་མ་ཡིན་ནམ།,1
སྒྲོག་གཏམ་གང་ཞིག་གིས་དབྱིན་ཇིས་འཇར་མ་ནིའི་འགོག་རྒོལ་གྱི་མཚོ་དམག་བཀག་སྡོམ་བྱས་པ་གསལ་བཤད་གནད་ལ་འཁེལ་བྱས་མེད་དམ།,2
དུམ་མཚམས་དེའི་ཐོག་གཞི་བཅོལ་ན། སུ་ཞིག་ལ་འཕར་རྩ་སྐྲངས་ནད་སྣ་མང་ཡོང་སྲིད་པ་རེད་དམ།,1
དུམ་མཚམས་དེ་ལྟར་ན། རྒྱུན་ལྡན་བྱེད་སྒོའི་མཉམ་ཞུགས་པ་རྣམས་ལ་རྒྱབ་སྐྱོར་ཅི་ཞིག་ཇེ་མང་དགོས་སམ།,1
དུམ་མཚམས་དེ་ལྟར་ན། གྲི་རྩེད་ཇི་ལྟར་རྩེད་ཀྱི་ཡོད་དམ།,4
དུམ་མཚམས་དེ་ལྟར་ན། གཤམ་གསལ་གྱི་གནད་དོན་གང་དག་གིས་ཁོག་པའི་ནང་དུ་དུག་ཕོག་པའི་མཚོན་རྟགས་སྟོན་བཞིན་ཡོད་དམ།,2
དུམ་མཚམས་དེ་ལྟར་ན། གནོད་འཚེ་ཕོག་མཁན་ལ་དཔྱད་ཞིབ་བྱེད་སྐབས་འོས་འཚམ་གྱི་གོམ་པ་དང་པོ་ནི་ཅི་ཞིག་ཡིན་ནམ།,1
གཤམ་གསལ་གྱི་སྒྲོམ་གཏམ་གང་དག་གིས་གནོད་འཚེ་ཕོག་མཁན་ལ་ཞིབ་བཤེར་བྱེད་པའི་གོ་རིམ་ཡང་དག་པར་མཚོན་མི་ཐུབ་བམ།,1
ཧྥ་རན་སིའི་གསར་བརྗེ་ལས་བྱུང་བའི་འགྱུར་ལྡོག་གང་དག་གིས་བཟོ་པ་གྲལ་རིམ་གྱི་སྤྱི་དམངས་ལ་ཤུགས་རྐྱེན་གལ་ཆེན་ཐེབས་ཡོད་དམ།,2
ཧྥ་རན་སིའི་གསར་བརྗེའི་རྗེས་སུ་དམག་དཔུང་དང་ལས་རིགས་གཞན་དག་ལེགས་འགྲུབ་བྱུང་བ་དེ་ཅི་ཞིག་གི་རྨང་གཞིའི་ཐོག་འཛུགས་མི་ཐུབ་པ་ཡིན་ནམ།,2
བཤད་ཚུལ་ལྟར་ན་ཡར་རྒྱས་ཆེ་བའི་རྒྱལ་ཁབ་དག་གི་ནང་དུ་དམངས་སྤྱོད་ཞབས་ཞུ་གང་ཞིག་གིས་མི་དམངས་ཀྱི་ཡིད་མི་ཚིམ་པའི་རྒྱུ་རྐྱེན་དུ་གྱུར་ཡོད་དམ།,3
དུམ་མཚམས་དེ་ལྟར་ན། དམངས་སྤྱོད་ཞབས་ཞུའི་ཐད་ཅི་ཞིག་ཤོད་རྒྱུ་ཡོད་དམ།,3
དུམ་མཚམས་དེ་ལྟར་ན། ཁ་ལོ་བའི་སྔོན་དཔག་བྱེད་མི་ཐུབ་པའི་རྐྱེན་གྱིས་གཤམ་གྱི་ནང་དོན་གང་དག་ལ་ཚོད་དཔག་བྱེད་དཀའ་བར་གྱུར་ཡོད་དམ།,1
རྩིས་རིག་གི་ཐོག་ནས་འགྲིམ་འགྲུལ་སྟངས་འཛིན་གྱི་ཚབ་བྱེད་སྐབས་གཤམ་གསལ་གྱི་ནང་དོན་གང་དག་བེད་སྤྱོད་བྱས་ཡོད་དམ།,3
Hershey དང་ Chase ཁོང་ཚོའི་ DNA འདེབས་འཛུགས་སྐབས་ཅི་ཞིག་བེད་སྤྱོད་བྱས་ཡོད་དམ། ,3
གཞན་འགྱུར་དེ་རྒྱུད་ཕྱི་མ་ལ་བརྒྱུད་སྤྲོད་བྱེད་པའི་ནུས་པ་ནི་ཅི་ཞིག་ལ་རག་ལས་ཀྱི་ཡོད་དམ།,3
དུམ་མཚམས་དེའི་ནང་སྤྲད་པའི་གནས་ཚུལ་ལ་གཞི་བཅོལ་ན། གཞན་འགྱུར་གྱི་ཤུགས་རྐྱེན་སྣ་ཚོགས་ལ་བརྟེན་མི་དགོས་པ་གང་ཞིག་ཡོད་དམ།,4
གཤམ་གསལ་གྱི་གནད་དོན་གང་དག་ནི་གནའ་བོའི་རིག་གཞུང་ནང་ར་མ་གསོས་པའི་རྒྱུ་རྐྱེན་དུ་བརྩི་གི་མེད་དམ།,4
གྷོལ་ཧྥུ་སྤོ་ལོ་རྒྱག་པའི་དམིགས་ཡུལ་ནང་ཆེས་ཉུང་བའི་ཅི་ཞིག་ལེན་རྒྱུ་དེ་ཡིན་ནམ།,2
གྷོལ་ཧྥུ་རྩེད་ཐང་ཐོག །ས་གང་དུ་རྩ་ཇེ་ཐུང་བཏུབ་ཡོད་དམ།,2
ཚོད་ལྟའི་དགོས་དམིགས་རྒྱུན་ལྡན་དེ་གང་ཡིན་ནམ།,2
དུམ་མཚམས་དེ་ལྟར་ན། ཅི་ཞིག་གིས་ཚན་རིག་ཞིབ་འཇུག་ལམ་སྟོན་ལ་རོགས་པ་མི་བྱེད་དམ།,3
དུམ་མཚམས་དེ་ལྟར་ན། རླུང་འཚུབ་ཌོར་ནེ་ཌོའི་སྐོར་གྱི་བཤད་ཚུལ་གང་ཞིག་ངོ་མ་མིན་ནམ།,2
དུམ་མཚམས་དེའི་ཐོག་གཞི་བཅོལ་ན། གཤམ་གྱི་སྒྲོག་གཏམ་གང་དག་གིས་རླུང་འཚུབ་ཌོར་ནེ་ཌོ་མང་ཆེ་བ་སྐོར་ཏག་ཏག་འགྲེལ་བརྗོད་བྱེད་ཀྱི་འདུག་གམ།,1
འགྲོ་བ་མིའི་རིགས་ཀྱིས་དུས་རབས་16ནས་འགོ་བརྩམས་ཏེ་གཤམ་གསལ་བྱ་བ་གང་དག་སྒྲུབ་འགོ་བཙུགས་པ་ཡིན་ནམ།,4
འགྲོ་བ་མིས་པས་ཆས་ཀྱི་ཆེ་ཤེལ་སྤྱད་ནས་ཅ་དངོས་ལ་ཆེར་ལྟ་བྱེད་འགོ་བཙུགས་པ་ཡིན་ནམ།,2
དུམ་མཚམས་དེར་གཞི་བཅོལ་ན། Muhammadཡི་བྲག་ཕུག་གིས་ཁོ་རང་གི་ཆོས་ཕྱོགས་བསམ་པའི་ལག་ལེན་དང་རིན་ཐང་ལྟ་ཚུལ་ལ་གདེང་འཇོག་ཇི་ལྟར་བྱེད་ཀྱི་ཡོད་དམ།,1
དུམ་མཚམས་དེ་ལྟར་ན། ལྕགས་ཆེས་ཐོག་མར་ཅི་ཞིག་གི་ཆེད་དུ་སྤྱོད་དམ།,3
དུམ་མཚམས་དེ་ལྟར་ན། ཅིའི་ཕྱིར་ཤིང་གི་འཁོར་ལོ་རྣམས་ལྕགས་ཀྱི་འཁོར་ལོས་བརྗེས་སམ།,1
དུམ་མཚམས་དེ་ལྟར་ན། འཆར་ཡན་རིང་ལུགས་ཀྱི་དུས་སྐབས་སུ་མི་སྒེར་གྱི་ལྟ་ཚུལ་བཟོ་བཀོད་ཅི་འདྲ་ཞིག་ཏུ་བསྒྱུར་ཡོད་དམ།,4
གཤམ་གསལ་གྱི་བཤད་ཚུལ་གང་དག་གིས་ཚན་རྩལ་ཐག་གཅོད་རིང་ལུགས་ཀྱི་སྤྱིའི་བསམ་བློ་མཚོན་མི་ཐུབ་བམ། ,invalid
དུམ་མཚམས་དེ་ལྟར་ན། གཤམ་གསལ་ནས་གང་དག་ནི་གཞུ་འཐེན་པ་དང་འབྲེལ་བ་མེད་དམ།,3
དུམ་མཚམས་དེ་ལྟར་ན། གཤམ་གསལ་ནས་ཅི་ཞིག་སྐད་སྒྲ་འཇམ་གྲས་དང་འབྲེལ་བ་ཡོད་དམ།,1
འགྱུར་རྡོས་མཇུག་མཐར་ལག་པ་གཙོ་བོ་ཅི་ཞིག་སྤྱོད་ཆེད་གོམས་ཡོད་པ་སྟོན་གྱི་འདུག་གམ།,2
གཤམ་གསལ་ནས་ཅི་ཞིག་གིས་མི་རྒོད་ཀྱི་མཐེབ་རུས་ཀྱི་འགྲེལ་བརྗོད་ཏག་ཏག་བྱེད་དམ། ,1
ཁྱབ་ཁོངས་གང་ཞིག་གི་ནང་ནས་རིགས་རྫས་གསར་པའི་རིགས་ཕྱིར་བཏོན་ཡོད་དམ།,2
རིགས་རྫས་ལ་གཞན་འགྱུར་ཁ་སྣོན་བྱེད་པའི་བརྒྱུད་རིམ་གང་ལ་འགན་འཁུར་ཡོད་དམ།,2
"""དུམ་མཚམས་དེའི་ནང་གི་གནས་ཚུལ་ལ་གཞི་བཅོལ་ན། གཤམ་གསལ་ནས་ཅི་ཞིག་བཟས་ནས་""""སྤྲི་དཀར་གྱི་དཀའ་ངལ་""""སེལ་ཐབས་ཐག་གཅོད་བྱེད་དགོས་སམ།""",1
དུམ་མཚམས་དེ་ལྟར་ན། གཤམ་གསལ་གྱི་དཀའ་ངལ་ཁག་ནས་ཅི་ཞིག་གཞི་རྩའི་མེ་མི་ནོ་སྐྱུར་རྩི་ཉུང་དྲགས་ནས་བྱུང་བ་རེད་དམ།,1
ནང་གསེས་རིག་གཞུང་ཁྱབ་ཁོངས་ཚོགས་མིས་རྟག་ཏུ་ཚོགས་པ་དང་འབྲེལ་འདྲིས་བྱེད་པའི་དགོས་དམིགས་ཇི་ལྟར་བྱས་ནས་གསལ་སྟོན་བྱེད་དམ།,1
དུམ་མཚམས་དེའི་ནང་དུ་བསྟན་པའི་ལྟ་གྲུབ་ལྟར་ན། གྲངས་ཉུང་མི་རིགས་ཀྱི་མི་རིགས་སུ་དབྱེ་བའི་བྱིས་པ་ཞིག་རང་བཞིན་གྱིས་གིས་ཉེན་ཁ་ཆེ་བའི་བྱ་སྤྱོད་ལ་ཞུགས་མཁན་གྱི་རྒྱུན་ལྡན་རིགས་སུ་ངོས་འཛིན་བྱས་པ་དེས་བྱིས་པ་དེར་ཅི་ཞིག་བྱུང་ངམ།,2
དུམ་མཚམས་དེ་ལྟར་ན། བྱིས་པ་ཞིག་གིས་རིགས་རུས་ཀྱི་སྲོལ་རྙིང་གི་བསམ་ཚུལ་དེས་གཤམ་གསལ་གང་དག་ལ་ཤུགས་རྐྱེན་ཐེབས་སྲིད་དམ།,4
དུམ་མཚམས་དེ་ལྟར་ན། གཤམ་གསལ་ནས་འགྲོ་བ་མི་ལས་ལོགས་སུ་ཟུར་བཀག་གསོ་ཉར་བྱས་པའི་བྱིས་པའི་འཚར་ལོངས་དང་མུ་མཐུད་འབྲེལ་བ་མེད་པ་དེ་གང་ཡིན་ནམ།,1
དུམ་མཚམས་དེ་ལྟར་ན། གཤམ་གསལ་ནས་འགྲོ་བ་མི་ལས་ལོགས་སུ་ཟུར་བཀག་གསོ་ཉར་བྱས་པའི་བྱིས་པའི་སྐོར་ཏག་ཏག་འགྲེལ་བརྗོད་བྱེད་དམ།,invalid
དུམ་མཚམས་དེར་གཞི་བཅོལ་ན། གཤམ་གསལ་གྱི་བྱེད་སྟངས་གང་དག་ནི་འཚོ་གནས་་ཞིང་ལས་དང་མི་མཐུན་པ་ཡིན་ནམ།,2
གཤམ་གསལ་ནས་ཅི་ཞིག་གིས་ཁ་གསབ་-ཞིང་ལས་ཀྱི་བྱེད་སྟངས་ཡང་དག་པར་བརྗོད་ཡོད་དམ།,4
འགྲེམས་སྟོན་ཁང་དུ་བསྐྱོད་པ་དེ་ཉིད་ཡུལ་སྐོར་བྱ་བ་གང་གི་ཁོངས་སུ་གཏོགས་སམ།,3
དུམ་མཚམས་དེ་ལྟར་ན། བསྐྱར་གསོའི་ཡུལ་སྐོར་གྱི་དགོས་དམིགས་གཙོ་བོ་དེ་ཉིད་གང་ཡིན་པར་འདོད་དམ།,2
དུམ་མཚམས་དེའི་ནང་གསལ་བརྗོད་བྱས་གསལ་ཅི་ཞིག་གིས་ས་གནས་དེ་གའི་ཆོས་ཚོགས་ནང་ཁུལ་གྱི་འགྱུར་ལྡོག་ལ་སྐྲག་པའི་སེམས་ཁྲལ་ཇེ་ཆུང་དུ་གཏོང་བར་ཕན་ཐོགས་ཡོང་སྲིད་དམ།,4
དུམ་མཚམས་དེ་ལྟར་ན། སོ་སོས་རང་ཉིད་ཀྱི་ལོ་རྒྱུས་ལོན་བྱས་ན་ཅི་ཞིག་ལ་ཕན་ཐོགས་ཡོང་ཐུབ་བམ།,1
གཤམ་གསལ་གྱི་སྒྲོག་གཏམ་དག་གིས་དེང་སྐབས་ཀྱི་སློབ་སྦྱོང་བྱེད་སྟངས་ཏག་ཏག་འགྲེལ་བརྗོད་བྱེད་དམ།,2
གཤམ་གསལ་གྱི་སྒྲོག་གཏམ་དག་ལས་གང་ཞིག་དེང་དུས་གྱི་སློབ་སྦྱོང་བྱ་ལུགས་ཏག་ཏག་ཅིག་ཏུ་འདོད་དམ།,3
རྒྱུན་ལྡན་གྱི་གཉིད་ཉལ་རིང་དགོས་དབང་གིས་ཁྱེད་རང་གཉིད་ལས་བསླངས་རྗེས། གཤམ་གསལ་ནས་ཅི་ཞིག་གིས་གཉིད་ཁུག་རྒྱུར་འགོག་རྐྱེན་བཟོ་བའི་རྒྱུ་བྱེད་དམ།,3
གཤམ་གསལ་ནས་གང་ཞིག་གཉིད་ལ་གནོད་སྐྱོན་གཏོང་བའི་འགྲེལ་བརྗོད་ཏག་ཏག་བྱེད་ཀྱི་ཡོད་དམ།,2
ཀླད་པས་ང་ཚོ་གཉིད་ཁུག་བཞིན་པའི་སྐབས་རྨི་ལམ་རྨིས་བཞིན་པ་དེ་ཉིད་རྨི་ལམ་ཡིན་གྲས་ཧ་གོ་རིགས་ཀྱི་ཕྱོགས་སུ་འགྲོ་ཐབས་བྱེད། དེས་ཅི་ཞིག་འཕེལ་གྱི་ཡོད་དམ།,4
ང་ཚོ་གཉིད་ཁུག་བཞིན་པའི་སྐབས་རྨི་ལམ་རྨིས་བཞིན་པ་དེ་ཉིད་རྨི་ལམ་ཡིན་གྲས་ཧ་གོ་བཞིན་པའི་རྨི་ལམ་གཏོང་བ་དེས་ང་ཚོའི་གཟུགས་པོའི་སྟེང་ཤུགས་རྐྱེན་ངན་པ་ཅི་ཞིག་ཐེབས་ཀྱི་ཡོད་དམ།,3
དུམ་མཚམས་དེ་ལྟར་ན། རྒྱུན་ལྡན་གྱི་རུ་ཁག་དང་དྲ་ཐོག་རུ་ཁག་ཇི་ལྟར་འདྲ་མཚུངས་ཡིན་ནམ།,2
དུམ་མཚམས་དེར་གཞི་བཅོལ་ན། དངོས་སུ་བཅར་མཁན་རུ་ཁག་དང་དྲ་ཐོག་རུ་ཁག་འབྲེལ་བའི་སྒྲོག་གཏམ་གང་ཞིག་དངོས་ཡོད་མིན་ནམ།,4
གཤམ་གསལ་གྱི་གནད་དོན་གང་དག་བརྗོད་དོན་ལྟ་གྲུབ་རིག་པའི་ལྟེ་བ་འཛིན་པ་མ་ཡིན་ནམ།,2
གཤམ་གསལ་ནས་གང་དག་ནི་གསུམ་པའི་དབང་སྒྱུར་བྱ་ཡུལ་མིན་ནམ།,3
གཤམ་གསལ་ནས་ཅི་ཞིག་35mmཔར་ལེན་གྱི་སྒྲོམ་གཞིར་འགྲེལ་བརྗོད་བྱེད་ཀྱི་མི་འདུག་གམ།,2
དུམ་མཚམས་དེ་ལྟར་ན། ཐོན་སྐྱེད་བྱེད་མཁན་གྱིས་པར་ཆས་ཆེ་ཤེལ་ཐོན་སྐྱེད་བྱེད་པའི་སྤུས་ཚད་ཇེ་མཐོར་སོང་བ་དང་བསྟུན་ནས་པར་ཆས་ཆེ་ཤེལ་ཇི་ལྟར་ལེགས་བཅོས་བྱས་ཡོད་དམ།,3
དུམ་མཚམས་དེའི་ནང་གསལ་གནས་ཚུལ་ལ་གཞི་བཅོལ་ན། དུས་ནམ་ཞིག་ལ་པར་ཆས་ཚུར་འཐེན་ཆེ་ཤེལ་དེ་རྒྱུན་ལྡན་གྱི་པར་ཆས་ཆེ་ཤེལ་ལས་ཀྱང་དགའ་མོས་ཆེ་བ་བྱ་ཡུལ་དུ་འགྱུར་རམ།,1
གཤམ་གསལ་ནས་ཅི་ཞིག་ལྷ་སྒྲུང་རིང་ལུགས་ཀྱི་གནད་ལ་འཁེལ་བའི་གསལ་བཤད་ཅིག་ཏུ་བརྩི་མི་སྲིད་དམ།,1
དུམ་མཚམས་དེ་ལྟར་ན། གཤམ་གསལ་ནས་ཅི་ཞིག་ལྷ་སྒྲུང་རིང་ལུགས་ཀྱི་དམིགས་པ་གཏད་ས་དེ་མ་ཡིན་ནམ།,3
དུམ་མཚམས་དེ་ལྟར་ན། ཞིང་ལས་འདེབས་འཛུགས་ཀྱི་སྤྱི་ཚོགས་འགོ་འཛུགས་བྱེད་མཁན་སུ་ཞིག་ཡིན་སྲིད་དམ།,1
དུམ་མཚམས་དེ་ལྟར་ན། བྱ་རྔ་མོང་རི་དྭགས་བརྒྱབ་མཁན་གྱི་ཚོགས་པ་དེ་ནི་ས་ཆ་གང་གི་འཚོ་སྡོད་པ་དང་པོ་དེ་ཡིན་ནམ།,2
གནས་ཚུལ་གང་འདྲ་ཞིག་གི་འོག་ཏུ་ས་གཙང་ཨོ་རི་ག་མིའི་བྱེད་ཐབས་དེས་ལྟེབ་བཟོ་བར་ཕན་ཐོགས་ཡོད་དམ།,1
གཤམ་གསལ་ནས་ཅི་ཞིག་གིས་དག་ཞིང་གི་བྱ་བྱེའུ་བཟོ་སྟངས་འགྲེལ་བརྗོད་ཡག་ཤོས་བྱེད་དམ།,4
དུམ་མཚམས་དེ་ལྟར་ན། ས་ཆ་གང་དག་ནི་སིན་དྷུ་ལུང་གཤོངས་ཀྱི་ཤེས་རིག་དར་འཕེལ་དང་འབྲེལ་བ་མེད་དམ།,4
དུམ་མཚམས་དེའི་ནང་དུ་གྲོས་བསྡུར་བྱས་པའི་ཟངས་ཀྱི་དུས་རབས་ཀྱི་དཔལ་ཡོན་གྱི་མིང་ལ་གཤམ་གྱི་ནང་དོན་གང་དག་གླེང་མེད་དམ།,1
དུམ་མཚམས་དེ་ལྟར་ན། གཤམ་གསལ་གྱི་ནང་ནས་གང་དག་ལ་ཡུན་རིང་གི་ཁེ་ཕན་ཐོབ་ཡོད་དམ།,1
དུམ་མཚམས་དེ་ལྟར་ན། གལ་ཏེ་མི་ཞིག་གིས་དམིགས་འབེན་དེ་འཕྲལ་སེལ་ཁེ་ཕན་ལ་དམིགས་ན་གཤམ་གསལ་ནང་ནས་གང་ལ་གཙོ་འཛིན་བྱེད་ཀྱི་རེད་དམ།,4
དུམ་མཚམས་དེ་ལྟར་ན། སུ་ཞིག་གིས་དམག་འཁྲུག་གི་འགྲོ་སོང་གལ་ཆེན་དག་བཏང་ཡོད་དམ།,3
དུས་སྐབས་གང་ཞིག་ནི་Templarsདུས་རབས་ཀྱི་སྔོན་དུ་བྱུང་བ་ཡིན་ནམ།,1
ཀྲེམ་པ་ལར་དུས་རབས་ཀྱི་རྗེས་སུ་དུས་ཚིགས་ཅི་ཞིག་བྱུང་བ་རེད་དམ།,1
རོ་མན་རྒྱལ་དུས་སྐབས་སུ་སྨན་པ་དང་གཤག་བཅོས་སྨན་པས་བཀོལ་སྤྱོད་བྱས་པའི་སྨན་བཅོས་དང་གོ་རིམ་གང་དག་གླེང་མེད་དམ།,2
དུམ་མཚམས་དེ་ལྟར་ན། གཤམ་གསལ་ནས་རོ་མན་རྒྱལ་རབས་ཀྱི་དུས་སྐབས་སུ་གསོ་རིག་ཁྱབ་ཁོངས་སུ་སྨན་བཅོས་ལག་རྩལ་ཡར་ཐོན་བྱུང་བ་གང་ཞིག་བསྔགས་བརྗོད་མ་ཐོབ་པ་པ་གང་དག་ཡིན་ནམ།,2
མཐོང་ཐུབ་པའི་ནུས་པ་ནི་ཅི་ཞིག་ལ་བརྟེན་དགོས་སམ།,1
སྐྱེ་དངོས་བར་གྱི་མིག་གི་གྲུབ་ཚུལ་གྱི་འགྱུར་ལྡོག་གང་ཞིག་ལ་རག་ལས་པ་རེད་དམ།,2
དུམ་མཚམས་དེ་ལྟར་ན། སི་ཁི་རིང་ལུགས་སྐོར་གྱི་བཤད་ཚུལ་གང་ཞིག་གིས་ཆོས་ལུགས་དེ་ཡང་དག་པའི་སྒོ་ནས་མཚོན་མི་ཐུབ་བམ།,1
དུམ་མཚམས་དེ་ལྟར་ན། གཤམ་གསལ་ལས་གང་དག་ནི་སི་ཁིའི་དད་མོས་མ་ལག་གི་ལྟེ་བའི་ལྟ་ཚུལ་འཛིན་ཕྱོགས་སུ་བརྩི་བཞིན་ཡོད་དམ།,1
དུམ་མཚམས་དེ་ལྟར་ན། དོ་སྣང་བྱེད་ཚད་མི་འདང་བའི་བྱིས་པར་དོ་སྣང་བྱེད་དཀའ་བའི་གནད་དོན་ཅི་ཞིག་ཡོད་དམ།,1
དུམ་མཚམས་དེ་ལྟར་ན། ཅིའི་ཕྱིར་དོ་སྣང་གཏད་ཚད་དམའ་བའི་ནད་ཕོག་པའི་བྱིས་པར་ཉེན་ཁ་ཡོད་པའི་གནད་དོན་འབྱུང་སྲིད་དམ།,1
དུམ་མཚམས་དེའི་ནང་གསལ་གནས་ཚུལ་ལ་གཞི་བཅོལ་ན། དེ་དག་གི་ནང་ནས་གཤམ་གསལ་ཅི་ཞིག་སློབ་སྦྱོང་སྐྱོར་རོགས་ཀྱི་དཔེ་མཚོན་མ་ཡིན་ནམ།,3
དེ་དག་གི་ནང་ནས་གཤམ་གསལ་ཅི་ཞིག་གིས་སློབ་སྦྱོང་སྐྱོར་རོགས་ཀྱི་སྒྲོམ་གཞི་འགྲེལ་བརྗོད་ཏག་ཏག་བྱེད་ཀྱི་མི་འདུག་གམ།,4
དུམ་མཚམས་དེ་ལྟར་ན། MySpaceཆ་རྐྱེན་ཅི་ཞིག་གིས་སློབ་ཕྲུག་ཀློག་རྒྱུར་དཀའ་ངལ་ཡོད་རིགས་རྣམས་ལ་ཕན་ཐོགས་ཡོང་ཐུབ་བམ།,1
དུམ་མཚམས་དེ་ལྟར་ན། གཤམ་གསལ་ནས་གནད་དོན་གང་དག་ནི་Krushchevབཟོ་པའི་ཟིང་འཁྲུག་ལ་ཁ་གཏད་འཇལ་བའི་ཆ་ཤས་ཤིག་མ་རེད་དམ།,4
གསལ་གྱི་གནད་དོན་གང་དག་ནི་པོ་ལན་དུ་ཟིང་ཆ་སློང་བའི་རྒྱུ་རྐྱེན་མིན་ནམ།,2
དུམ་མཚམས་དེ་ལྟར་ན། གཤམ་གསལ་གནད་དོན་གང་དག་གིས་ཨ་རི་དང་ཨུ་རུ་སུའི་བར་གྱི་འབྲེལ་བར་ཤུགས་རྐྱེན་མི་ཐེབས་སམ།,1
གཤམ་གསལ་ནས་དབང་རྩའི་ངར་ཤུགས་དེ་ལུས་ཡོངས་ལ་སྐྱེལ་བའི་དམིགས་ཡུལ་གསལ་བཤད་གནད་ལ་འཁེལ་བ་ཞིག་བྱེད་ཀྱི་མེད་དམ།,1
ང་ཚོར་ Giza ས་ཐོག་ནས་ཅི་ཞིག་རྙེད་སྲིད་དམ།,2
གཏོར་གཟུགས་མཆོད་རྟེན་ཆེན་མོ་དེ་ཉིད་ཅིའི་ཕྱིར་བཞེངས་སམ།,2
སུ་ཞིག་གིས་ང་ཚོས་དགོན་པར་གཏོར་བཤིག་བཏང་བའི་མེ་རྒྱག་མཁན་གྱི་ཤེས་བྱར་འགན་འཁུར་དགོས་སམ།,1
གང་ཞིག་ནི་Artemisལྷ་ཁང་བསྐྱར་སྐྲུན་དང་འབྲེལ་བ་ཡོད་པའི་སྒྲོམ་གཏམ་གཏམ་ཞིག་ཡིན་ནམ།,2
དུམ་མཚམས་དེ་ལྟར་ན། སྐྱེ་དངོས་ཅི་རིགས་ཀྱིས་ཆེས་ཐོག་མར་རྐང་པ་གཉིས་ལ་བརྟེན་ནས་འགྲོ་སྲིད་པ་བྱུང་ཡོད་དམ།,1
དེ་དག་ནས་སྲོག་ཆགས་ཅི་ཞིག་རྐང་པ་གཉིས་ཀྱི་ཐོག་ཏུ་འགྲོ་གི་ཡོད་དམ།,2
དམག་ཆེན་གཉིས་པའི་སྐབས་སུ་འཇར་མན་གྱི་མཚོ་དམག་གིས་ཅི་ཞིག་འགྲུབ་པར་འབད་བརྩོན་བྱས་ཡོད་དམ།,2
དུམ་མཚམས་དེའི་ནང་གསལ་བའི་གནས་ཚུལ་ལ་གཞི་བཅོལ་ན། སུ་ཞིག་གིས་ཨེ་ཊེ་ལན་ཌིག་རྒྱ་མཚོ་ཆེན་མོའི་གཡུལ་འགྱེད་ཁྲོད་མཚོ་དམག་གི་དམག་འཁྲུག་ལ་གྲུབ་འབྲས་ཆེ་ཤོས་ཐོབ་ཡོད་དམ།,1
ཨ་སེ་རི་ཡའི་མིས་རྟ་དམག་བཀོལ་སྤྱོད་བྱེད་འགོ་འཛུགས་སྐབས་ཅི་ཞིག་མེད་དམ།,1
རྟ་དམག་བེད་སྤྱོད་བྱེད་པའི་དམག་འཐབ་ཇི་ལྟར་བྱེད་དགོས་སམ།,1
དུམ་མཚམས་དེ་ལྟར་ན། ཁྱེད་ཀྱིས་གང་དུ་བྷ་བྷི་ལོན་མི་སེར་དང་ལྷན་མཐོང་གི་མ་རེད་དམ།,1
གཤམ་གསལ་གྱི་ནང་དོན་གང་དག་ནི་ཆོས་དཔོན་ལ་དམིགས་སུ་བཀར་ནས་བཤད་པ་ཡིན་ནམ།,2
རྒྱལ་པོ་Tutankhamunལ་ནམ་ཞིག་མཚན་ངན་པོ་ཐོགས་སམ།,3
རྒྱལ་པོ་Tutankhamunཅི་ཞིག་གིས་ཨེ་འཇེབ་ཀྱི་སྐད་གྲགས་ཆེ་བའི་རྒྱལ་པོ་བཟོས་ཡོད་དམ།,1
གྷི་རིག་གི་སྙན་ངག་པ་ཧོ་མར་གྱིས་བྱེད་མ་ཐུབ་པ་ཅི་ཡིན་ནམ།,2
གྷི་རི་སེའི་མི་སྣ་སུ་ཞིག་རྩོམ་རིག་ཕུད་པའི་གཞན་གྱི་ཐད་སྐད་གྲགས་ཡོད་པ་སུ་ཡོད་དམ།,2
ཧིབ་རུ་ནང་མི་རྣམས་ཀྱིས་དུས་ཚོད་ཕལ་མོ་ཆེ་གང་དུ་གཏོང་གི་རེད་དམ།,1
ཧིབ་རུ་ནང་མིར་ཅི་ཞིག་ཧ་ཅང་གལ་ཆེན་དུ་འགྱུར་གྱི་མེད་དམ།,1
གཤམ་གསལ་ནས་ཅི་ཞིག་སེ་ཀེན་ཌི་ནི་ཝི་ཡན་རྒྱལ་ཁབ་རྣམས་ཀྱི་བར་དུ་ཁྱད་པར་འགྲེལ་བརྗོད་བྱེད་ཀྱི་མེད་དམ།,3
སུ་ཞིག་ཐོག་མར་གྷི་རིན་ལན་ཊིར་གནས་སྡོད་བྱས་སམ།,1
རུ་ཁག་སུ་ཞིག་ཕྱིར་རྐུབ་སྟེགས་མེད་པར་ཁ་ལག་རོལ་བར་འདོད་དམ།,4
གཤམ་གསལ་གྱི་ནང་དོན་གང་དག་ནི་གནའ་བོའི་རོ་མའི་གསོལ་སྟོན་གྱི་ཆ་ཤས་ཤིག་མིན་ནམ།,4
དུམ་མཚམས་དེ་ལྟར་ན། གཤམ་གསལ་གྱི་ནང་དོན་གང་དག་གིས་ཡུན་རིང་གི་ཤུགས་རྐྱེན་ཐེབས་མི་སྲིད་པ་ཅི་ཞིག་ཡོད་དམ།,2
དུམ་མཚམས་དེ་ལྟར་ན། རྒྱལ་ཁབ་ཅིག་གི་སྔོན་ལ་ཅི་ཞིག་ཡོད་དམ།,3
འབྲུག་རྒྱལ་རྫོང་གི་སྒྲོག་གཏམ་ཅི་ཞིག་བདེན་པ་མིན་ནམ།,3
འབྲུག་རྒྱལ་རྫོང་ལ་མེ་ཤོར་བའི་གྲུབ་འབྲས་ཅི་ཞིག་ཏག་ཏག་ངང་འགྲེལ་བརྗོད་བྱེད་ཀྱི་ཡོད་དམ།,1
གཤམ་གསལ་ནས་ཅི་ཞིག་ཀེམ་བྷོ་ཌི་ཡའི་དང་འབྲེལ་སྒྲོག་གཏམ་གང་ཞིག་བདེན་པ་ཡིན་ནམ།,3
གཤམ་གསལ་ནས་ཅི་ཞིག་གིས་ཀེམ་བྷོ་ཌི་ཡའི་བཙན་འཛུལ་ཐད་འགྲེལ་བརྗོད་ཏག་ཏག་བྱེད་དམ།,2
ཌོ་ཆི་རྒྱ་གར་ཤར་ཕྱོགས་ཚོང་ཚོགས་ཀྱིས་ཁོང་ཚོའི་ཐའེ་ཝན་ནང་གྱི་དུས་རིང་རིང་གཤམ་གསལ་གྱི་ནང་དོན་གང་དག་མེད་དམ།,1
ཧྲི་མོ་ནོ་སི་ཅི་ཆིངས་ཡིག་གིས་ཅི་ཞིག་གཏན་འབེབས་བྱས་ཡོད་དམ།,4
ཇི་ལྟར་བྱས་ནས་རྫས་རིགས་ནང་དུ་pHརིམ་པ་ཚད་རྒྱག་གི་ཡོད་དམ།,2
ཡང་རླུང་གི་གློག་ལྡན་རྡུལ་ཕྲན་ནས་ཅི་ཞིག་ཕྱིར་འཐེན་ནམ།,1
གཤམ་གསལ་ནས་ཅི་ཞིག་སེང་གེའི་སྤོབས་པ་འགྲེལ་བརྗོད་ཏག་ཏག་བྱེད་ཀྱི་མེད་དམ།,1
གཤམ་གསལ་ནས་ཅི་ཞིག་སེང་གེའི་གཤིས་ཀ་འགྲེལ་བརྗོད་ཏག་ཏག་བྱེད་ཀྱི་མེད་དམ།,4
རི་བོང་རྣམས་ཤ་གཟན་གཏུམ་སྤྱོད་ཅན་གྱི་སྲོག་ཆགས་ཅི་རིགས་ཀྱི་ཐུན་མོང་བརྔོན་བྱར་གྱུར་ཡོད་དམ།,1
ཞི་མིའི་ཁྱིམ་རྒྱུད་ཆུང་གྲས་ཀྱིས་རྒྱུན་དུ་གཤམ་གསལ་ནས་ཅི་ཞིག་རྔོན་ནམ།,1
གཤམ་གསལ་ནས་ཅི་ཞིག་ལྷོ་ཨེ་མི་རི་ཁའི་རི་ཞིམ་གྱི་རྔོན་རྒྱག་ཐབས་ཀྱི་ཆ་ཤས་ཤིག་མ་རེད་དམ།,2
གཤམ་གསལ་ཅི་ཞིག་གིས་ཨོ་སི་ལོ་ཊི་རི་ཞིམ་ཐད་འགྲེལ་བརྗོད་ཏག་ཏག་བྱེད་ཀྱི་མེད་དམ། ,4
གཤམ་གསལ་ནས་ཅི་ཞིག་སྟག་གི་སྟོབས་ཤུགས་ཆེ་ཤོས་སུ་བརྩི་གི་མེད་དམ།,1
དུམ་མཚམས་དེ་ལྟར་ན། སྟག་དང་སེང་གེ་གཉིས་ཀྱི་ཁྱད་པར་གང་དག་ཡོད་དམ།,2
དུམ་མཚམས་དེ་ལྟར་ན། Robert Hooke ཁོ་རང་སྐྱེས་དངོས་རིག་པ་བ་མ་བྱས་པའི་སྔོན་དུ་ཅི་ཞིག་བྱེད་ཀྱི་ཡོད་དམ།,2
“ཕྲ་ཕུང་”ཟེར་བའི་ཚིག་དེའི་བྱུང་ཁུངས་ཀྱིས་ཅི་ཞིག་འགྲེལ་བརྗོད་བྱེད་བཞིན་ཡོད་དམ།,2
དུམ་མཚམས་དེ་ལྟར་ན། སེམས་ཅན་མང་ཆེ་བས་ཅི་ཞིག་བྱེད་རྒྱུའི་ནུས་པ་ཡོད་དམ།,2
དུམ་མཚམས་དེ་ལྟར་ན། སེམས་ཅན་གཞན་ཁ་ཤས་ལ་ཅི་ཞིག་མེད་དམ།,3
རྩི་ཤིང་གི་ཟས་རང་བཟོའི་དུས་རིམ་ཁྲོད་རྩི་ཤིང་གིས་ཅི་ཞིག་བསྣན་གྱི་ཡོད་དམ།,3
འགྲོ་བ་མིས་ཅི་ཞིག་ཕྱིར་འབྱུང་བ་དང་རྩི་ཤིང་གིས་རྔུབ་བཞིན་ཡོད་དམ།,2
དུམ་མཚམས་དེ་ལྟར་ན། གཤམ་གྱི་དཔེར་བརྗོད་གང་དག་གིས་འཕེལ་འགྱུར་གྱི་འཕེལ་རིམ་ལ་འགོག་རྐྱེན་བཟོ་སྲིད་དམ།,invalid
གཤམ་གྱི་བཤད་ཚུལ་གང་དག་གིས་རིགས་འགྱེད་གོ་རིམ་ཡང་དག་པར་འགྲེལ་བརྗོད་བྱེད་ཀྱི་མེད་དམ། ,3
འཁོར་རྒྱུག་མ་ལག་གི་ཆ་ཤས་གང་དག་གིས་སྙིང་ལ་ཁྲག་འཁུར་ཡོང་གི་ཡོད་དམ།,4
འཁོར་རྒྱུག་མ་ལག་ཁྲོད་ཀྱི་སྦུ་གུ་གང་དག་ནི་ཆེས་ཆུང་ཤོས་དེ་ཡིན་ནམ།,3
འབུ་སྲིན་ཞིག་གི་གཤོག་པ་ཕྱིར་བསྐུམ་བྱེད་པའི་ནུས་པ་ཇེ་ཆེར་སོང་དོན་གཤམ་གསལ་ནས་ཅི་ཡིན་ནམ།,2
དུམ་མཚམས་དེའི་ནང་གསལ་བརྗོད་བྱས་གསལ་འབུ་སྲིན་གྱི་འཕུར་སྐྱོད་ནུས་པར་ཤུགས་རྐྱེན་ཐེབས་པའི་དངོས་པོ་གང་དག་གླེང་མེད་དམ།,1
གཤམ་གསལ་ནས་ཁྱད་ཆོས་གང་དག་ནི་རྒྱུན་དུ་ཁུང་འབྲུག་དང་འབྲེལ་བ་མེད་དམ།,4
གཤམ་གསལ་གྱི་གནད་དོན་གང་དག་ནི་སྤྱིར་བཏང་དུ་འདབ་ཆགས་དང་ཁུང་འབྲུག་གི་ཐུན་མོང་གི་ཁྱད་ཆོས་སུ་བརྩི་གི་མེད་དམ།,1
དུམ་མཚམས་དེ་ལྟར་ན། Triceratopsཁུང་འབྲུག་གིས་ཟ་སྲིད་པའི་བྱ་སྒྲོ་རྩི་ཤིང་གི་ཆ་ཤས་ཅི་ཞིག་ཟ་སྲིད་དམ།,4
དུམ་མཚམས་དེ་ལྟར་ན། གཤམ་གསལ་ནས་Triceratopsཁུང་འབྲུག་གིས་ཅི་ཞིག་ཆེས་ཟ་སྲིད་པར་འདོད་དམ། ,2
དུམ་མཚམས་དེ་ལྟར་ན། གཤམ་གསལ་གྱི་རྩེད་རིགས་གང་དག་ཨི་ཌ་ལིའི་ཆེས་བྱང་ཕྱོགས་ས་ཁུལ་དུ་རྒྱ་ཁྱབ་ཏུ་དར་ཁྱབ་ཆེ་བ་ཡིན་ནམ།,1
དུམ་མཚམས་དེའི་ནང་གནས་ཚུལ་མཁོ་སྤྲོད་བྱས་པ་ལྟར་ན། གཤམ་གྱི་རྩེད་རིགས་རྣམ་གྲངས་གང་དག་ནས་ཨི་ཌ་ལིས་འཛམ་གླིང་ཕུལ་བྱུང་གི་གོ་གནས་བླངས་ཡོད་དམ།,1
ལག་སམ་བྷག་གི་ས་ཆ་ཁ་ཤས་སུ་དོན་རྐྱེན་གང་ཞིག་བྱུང་རྗེས་བྷེལ་ཇེན་དུ་གྱུར་བ་རེད་དམ།,2
གཤམ་གསལ་ནས་ཅི་ཞིག་ལག་སམ་བྷག་གི་བར་གནས་ལ་ཤུགས་རྐྱེན་ཐེབས་སམ།,1
ཡོ་རོབ་ནང་དུ་ཁྱོན་བསྡོམས་ཊར་ཀིར་ས་ཁྱོན་སྤྱི་ལེ་གྲུ་བཞི་མ་ག་ཚོད་ཡོད་དམ།,4
དུམ་མཚམས་དེ་ལྟར་ན། ཊར་ཀིའི་རིང་ཚད་མེལ་ལི་ཅི་ཙམ་ཡོད་དམ།,4
ཝེ་ཊི་ཀན་སི་ཌི་ནང་དུ་ལྷོ་ཨེ་མི་རི་ཁའི་སྐད་ཡིག་གང་ཞིག་སྤྱོད་བཞིན་ཡོད་དམ།,1
ཝེ་ཊི་ཀན་སི་ཌི་ནང་དུ། ཨི་ཌ་ལི་ཅི་ཞིག་ལ་སྤྱོད་ཀྱི་མེད་དམ།,1
དུམ་མཚམས་དེ་ལྟར་ན། ཞིབ་ཚགས་ཅན་གྱི་རྩིས་འཁོར་སྟེང་གི་སྒྲ་མཉམ་བསྲེས་བྱས་ན་གཤམ་གྱི་ཕན་པ་གང་དག་ཡོད།,2
དུམ་མཚམས་དེ་ལྟར་ན། ས་ཆ་གང་དུ་ཁང་པ་མང་ཆེ་བ་ཆུ་དེད་གསང་སྤྱོད་ཀྱི་ཁྱད་ཆོས་ལྡན་རིགས་ཡོད་དམ།,1
གཤམ་གསལ་གྱི་ས་ཆ་གང་དག་ལ་བཙོག་ཆུའི་འགྲོ་ལམ་ཆུ་ཡུར་སྔོན་ཐོན་ལག་རྩལ་རྙེད་ཡོད་དམ།,1
གཤམ་གསལ་རྒྱུ་རྐྱེན་ཅི་ཞིག་གིས་འཁྱགས་ཤུད་ལུས་རྩལ་པ་དེ་ཁ་ཕྱིར་འཁོར་རོགས་བྱེད་དུ་འཇུག་གམ།,1
དུམ་མཚམས་དེ་ལྟར་ན། གཤམ་གསལ་ནས་ཅི་ཞིག་དེང་རབས་ཀྱི་འཁྱགས་ཤུད་ཀྱི་མཐིལ་གྲིའི་སྟེང་གི་སྟོང་པ་དེ་ཏག་ཏག་ངང་འགྲེལ་བརྗོད་བྱེད་དམ།,1
དུམ་མཚམས་དེ་ལྟར་ན། རྡུལ་ཕྲན་གྱིས་འོད་ཁྲོད་ནས་ནུས་ཚད་ལྷག་མ་མེད་པར་བཟོ་བའི་གོ་རིམ་ནི་ཅི་ཞིག་ཡིན་ནམ།,4
ཅི་ཞིག་གི་རྡུལ་ཕྲན་གྱིས་འོད་རིགས་དབྱུང་དུ་འཇུག་གི་ཡོད་དམ།,1
དུམ་མཚམས་དེ་ལྟར་ན། མཇུག་མཐར་ཅི་ཞིག་གིས་ཤེལ་རྡོག་གི་ལས་ཀ་མཚམས་འཇོག་ཏུ་འཇུག་སྲིད་དམ།,1
གློག་ཞུའི་ཤེལ་རྡོག་གི་ཚབ་བྱེད་སྐབས་གཤམ་གྱི་ནང་དོན་གང་དག་ལ་རེག་ན་ཉེན་ཁ་ཧ་ཅང་ཆེན་པོ་ཡོད་དམ།,2
དུམ་མཚམས་དེ་ལྟར་ན། ཉིང་རྡུལ་ཁ་གྱེས་ན་ཅི་ཞིག་འབྱུང་གི་རེད་དམ།,1
གཤམ་གསལ་ནས་གང་དག་གིས་སའི་གོ་ལར་ཕྱིར་ཁ་པར་གཏོང་བར་ལྡོག་འཕྲོ་བྱེད་ཀྱི་ཡོད་དམ།,1
དེ་དག་དག་ནས་ཅི་ཞིག་མཁའ་ལྟ་རྒྱང་ཤེལ་གནམ་ལ་འཇོག་པར་སྤྱོད་ཀྱི་ཡོད་དམ།,2
དུས་འཁོར་རང་བཞིན་གྱི་དོན་རྐྱེན་གང་དག་ལ་དོ་སྣང་བྱས་ན་ད་གཟོད་དུས་ཚོད་འདས་པའི་གནས་ཚུལ་ལ་རྗེས་སྙེག་བྱེད་ཐུབ།,2
དུམ་མཚམས་དེ་ལྟར་ན། དོན་རྐྱེན་གྱི་ཕྱོགས་གང་ཞིག་ལ་ཞིབ་བསྡུར་བྱེད་པའི་དུས་ཚོད་སྤྱད་པ་ཡིན་ནམ།,2
དུམ་མཚམས་དེ་ལྟར་ན། གཤམ་གསལ་ཅི་ཞིག་རྒྱུན་ལྡན་གྱི་ཁྲིའི་ཤུལ་འཛིན་མཁན་གྱི་དཔེ་མཚོན་ཡིན་པར་ངོས་འཛིན་བྱེད་ཀྱི་ཡོད་དམ།,4
དུམ་མཚམས་དེའི་ནང་གསལ་གནས་ཚུལ་གསལ་བརྗོད་བྱས་པ་ལྟར་ན། Charlesདང་ཤོས་ཅི་ཞིག་བྱེད་མཁན་དེ་ཡིན་ནམ།,2
Trygvassonདམག་གྲུ་རུ་ཁག་ནི་རྒྱལ་ཁབ་གང་ནས་ཡོང་བ་ཡིན།,4
ལོ་རྒྱུས་ཐོག་འཇར་མན་གྱིས་དུས་ནམ་ཞིག་ལ་ཨེ་སི་ཐོ་ནི་ཡར་རིག་གནས་ཀྱི་ཤུགས་རྐྱེན་ཆེན་པོ་ཐེབས་ཡོད་དམ།,3
ཨེ་སི་ཐོ་ནི་ཡའི་སྐད་ཡིག་ལ་ཤུགས་རྐྱེན་ཐེབས་ཡོད་དམ།,1
དུམ་མཚམས་དེ་ལྟར་ན། ཡུལ་དེ་གའི་ཧིན་རྡིའི་སྐད་ཆ་བཤད་མཁན་གྱི་གྲངས་འབོར་དེ་རྒྱུ་རྐྱེན་གང་ཞིག་ལ་གཞིགས་ནས་འཕར་ཆག་བྱུང་བ་རེད་དམ།,2
གཤམ་གསལ་རྣམས་ནས་ཅི་ཞིག་ཧིན་རྡི་དང་ཨུར་རྡུའི་སྐད་ཡིག་ཏུ་འདོད་དམ།,3
གཤམ་གསལ་ནས་ཅི་ཞིག་གི་ཀོ་རི་ཡའི་གསལ་འབྱེད་དང་འབྲེལ་བའི་དངོས་དོན་ཏག་ཏག་མིན་ནམ།,3
དབྱངས་གསལ་ཡི་གེ་Hunmin Jeongeumདེ་མཇུག་མཐར་ཅི་ཞིག་ལ་བསྒྱུར་བ་ཡིན་ནམ།,2
དུམ་མཚམས་དེ་ལྟར་ན། སྐད་ཡིག་ཅི་ཞིག་ལེགས་སྦྱར་གྱི་སྐད་ཀྱི་ཤུགས་རྐྱེན་ཐེབས་ཡོད་དམ།,1
དུམ་མཚམས་དེ་ལྟར་ན། ལེགས་སྦྱར་སྐད་དེ་བཞིན་ཇི་ལྟར་བྱས་ནས་སྤྱོད་སྒོ་ཇེ་ཉུང་དུ་སོང་བ་ཡིན་ནམ།,2
དུམ་མཚམས་དེ་ལྟར་ན། གཤམ་གསལ་ནས་གཟའ་ཕུར་བུའི་ཐོག་གི་འཐེན་ཤུགས་དང་འབྲེལ་བ་ཡོད་པའི་འགྲེལ་བརྗོད་ཏག་ཏག་ཅིག་བྱེད་ཀྱི་ཡོད་དམ།,1
དུམ་མཚམས་དེ་ལྟར་ན། གཤམ་གྱི་བཤད་ཚུལ་གང་ཞིག་གིས་ཟླ་བའི་ཕྱི་ཤུན་རིམ་པའི་ཐད་ཏག་ཏག་འགྲེལ་བརྗོད་བྱེད་ཀྱི་འདུག་གམ།,4
དུམ་མཚམས་དེ་ལྟར་ན། ཟླ་བའི་ཐོག་གི་སྲ་ཤུན་མཐུག་ཤོས་གང་དུ་ཡོད་དམ།,1
དུམ་མཚམས་དེ་ལྟར་ན། གཤམ་གསལ་ནས་ཅི་ཞིག་མི་ཅི་རིགས་ཀྱིས་ཡིད་ཆེས་བྱེད་ཀྱི་ཡོད་དམ།,3
ཁྱེད་ཀྱིས་ཉི་མ་ནས་རྒྱང་ཐག་ཇི་རིང་དུ་འགྲུལ་བཞུད་བྱས་ཚེ་ཅི་ཞིག་སྲབ་ཏུ་འགྲོ་གི་ཡོད་དམ།,1
དུམ་མཚམས་དེ་ལྟར་ན། སའི་གོ་ལ་ནས་ཉི་མའི་ཆ་ཤས་ཅི་ཞིག་མཐོང་གི་ཡོད་དམ།,1
གཤམ་གྱི་ལྟ་ཚུལ་གང་དག་གིས་Copernicusརིག་པའི་གཞུང་ལུགས་ལ་ཁས་ལེན་པར་ཕན་པ་ཡོད་དམ།,1
སྤྱི་ལོ་1610ལོར་Galileo Galileiཡིས་གཤམ་གསལ་གྱི་ནང་དོན་གང་དག་ལ་ལྟ་ཞིབ་བྱས་ཡོད་དམ།,4
དུམ་མཚམས་དེ་ལྟར་ན། ཨེ་མ་ཛོན་གཙང་པོས་ཆུ་འགོ་གང་ནས་ལེན་བཞིན་ཡོད་དམ།,1
ཨེ་མ་ཛོན་གཙང་པོར་ཆེ་བསྟོད་གང་ཞིག་སྤྲོད་ཀྱི་མེད་དམ།,4
དུམ་མཚམས་དེའི་ནང་གསལ་གསལ་བརྗོད་བྱས་པའི་ལས་རིགས་ཁྲོད་ཝེ་ནི་ཛུ་ལ་བའི་མི་རིགས་ཆེས་ཉུང་ཤོས་གླ་གི་ཡོད་དམ།,1
དུམ་མཚམས་དེ་ལྟར་ན། གཤམ་གསལ་ཚན་ཁག་གང་ཞིག་གིས་ཝེ་ནི་ཛུ་ལ་བའི་མི་རིགས་ཆེས་མང་ཤོས་གླ་གི་ཡོད་དམ།,3
དུམ་མཚམས་དེ་ལྟར་ན། མཉམ་འདྲེས་ཀྱིས་སྐར་མས་ཅི་ཞིག་སྒྲུབ་ཏུ་འཇུག་གི་ཡོད་དམ།,3
གཤམ་གསལ་ནས་མཉམ་འདྲེས་ལྡོག་འཕྲོ་བཟོ་འཛུགས་ལ་ཅི་ཞིག་སྤྱོད་སྒོ་ཆེན་པོ་ཡོད་དམ།,2
རྫས་ཅི་ཞིག་གིས་ཆུ་གྲུབ་ཀྱི་ཡོད་དམ།,4
ནམ་ཞིག་ཆུའི་གྲུབ་ཆ་འགྱུར་སྐབས། ཅི་ཞིག་གཅིག་མཚུངས་གཅིག་མཚུངས་སུ་གནས་ཀྱི་རེད་དམ།,1
དུམ་མཚམས་དེ་ལྟར་ན། བཅའ་ཁྲིམས་ངེས་ཅན་ཞིག་བཙན་འགེལ་བྱེད་རྩིས་བྱེད་སྐབས་གཤམ་གསལ་གྱི་གནད་དོན་གང་དག་ནི་མངའ་སྡེ་བཅུ་གསུམ་ལ་མཚོན་ན་གནད་དོན་མ་ཡིན་ནམ།,2
དུམ་མཚམས་དེ་ལྟར་ན། གསར་བརྗེའི་དམག་འཁྲུག་གི་སྐབས་སུ་སྒྲོག་གཏམ་ཏག་ཏག་ཅི་ཞིག་གིས་དབུས་གཞུང་མཚོན་པར་བྱེད་ཀྱི་འདུག་གམ།,3
རང་བཙན་བསྒྲགས་གཏམ་གྱི་རྒྱབ་ལྗོངས་ཀྱི་ཡི་གེ་ཇི་ལྟར་བྲིས་ཡོད་དམ།,3
སེང་གྷ་པོར་གཤམ་གསལ་ནས་གང་ལ་སྐད་གྲགས་ཡོད་དམ།,1
Vanda Miss Joaquim ཅི་ཞིག་རེད་དམ།,2
དུམ་མཚམས་དེ་ལྟར་ན། ཨེ་འཇིབ་རྒྱལ་ཁམས་གསར་པའི་ཨེ་འཇིབ་ཀྱི་མིས་གྷི་ཛ་གཏོར་གཟུགས་མཆོད་རྟེན་གྱི་སྤུས་ཚད་ཅི་འདྲ་ཞིག་ལ་ཡ་མཚན་སྐྱེ་མི་སྲིད་དམ།,3
དུམ་མཚམས་དེ་ལྟར་ན། རྩ་གཟན་སེམས་ཅན་རྣམས་ཆར་ཆུ་དོན་གཉེར་བྱེད་པའི་ཆེད་དུ་གང་ནས་འགྲུལ་བཞུད་བྱེད་དགོས་སམ།,3
དུམ་མཚམས་དེ་ལྟར་ན། རྩ་གཟན་སེམས་ཅན་རྣམས་སྤྱི་ཟླ་བཞི་པའི་ཡས་མས་ཤིག་ལ་གང་ནས་ཐོན་འགྲོ་གི་ཡོད་དམ།,1
མཚོ་སེང་གི་བྱ་འགུལ་དེ་ཉིད་རྒྱལ་ཁབ་གང་ལ་བཙན་འཛུལ་བྱ་ཆེད་སྤེལ་བ་ཡིན་ནམ།,2
འཇར་མན་གྱིས་དབྱིན་ཇིར་འཇབ་རྒོལ་བྱས་པར་ཅི་ཞིག་ཟེར།,1
ཨི་ཌ་ལིའི་ཕྱོགས་ཀྱིས་ཨ་ཧྥེ་རི་ཁ་གླིང་གི་རྒྱལ་ཁབ་བཙན་བཟུང་བྱེད་པའི་འཆར་གཞིའི་དགོས་ངེས་ཀྱི་གོམ་རིམ་ཞིག་ཏུ་མ་བརྩིས་པ་ཅི་ཡོད་དམ།,1
དུམ་མཚམས་དེ་ལྟར་ན། ཨི་ཌ་ལའི་དམག་འཁྲུག་ཁྲོད་ཀྱི་དགོས་བྱ་གཙོ་བོ་དེ་གང་ཡིན་པར་འདོད་དམ།,1
སུ་ཞིག་གིས་བཙན་འཛུལ་པ་དང་ལྷན་དུ་གྲོགས་འདྲིས་ཀྱི་འབྲེལ་ལམ་བཙུགས་སམ།,1
Operation Dragoon ནང་དུ་ཚུད་པའི་མནའ་མཐུན་རྒྱལ་ཁབ་གང་དག་ཡོད་དམ།,1
ལག་རྩལ་གང་ཞིག་གིས་ཆུར་འཛུལ་དམག་གྲུ་ཆུ་འོག་ནས་འགྲུལ་བཞུད་བྱེད་འགོ་ཚུགས་པ་རེད་དམ།,1
ཐེངས་དང་པོའི་སྤྱོད་སྒོའི་སྐབས། ཆུ་འཛུལ་དམག་གྲུ་ཁྱབ་ཁོངས་ཅི་ཞིག་ལ་ཚད་བཀག་རེད་དམ།,2
དུམ་མཚམས་དེ་ལྟར་ན། སུ་ཞིག་གིས་གྲོས་མཐུན་གཏོང་གཤིག་བཏང་བ་རེད་དམ། ,4
དམར་དམག་གིས་གཤམ་གསལ་ནས་ཅི་ཞིག་བསྒྲུབ་མེད་དམ།,4
ཨི་ཌ་ལིའི་དམག་དཔུང་བཅུ་པའི་བཟོ་བཀོད་དོ་དམ་པར་དོན་དག་ཅི་ཞིག་བྱུང་ངམ།,3
Italo Balbo གང་དུ་བསད་འདུག་གམ།,4
དུམ་མཚམས་དེ་ལྟར་ན། གཤམ་གྱི་ནུས་རྩལ་གང་དག་ནི་བོད་ཀྱི་སྒོམ་གྲུབ་ཀྱི་གྲུབ་ཆ་གལ་ཆེན་དུ་གྱུར་ཡོད་དམ།,3
"""དུམ་མཚམས་དེ་ལྟར་ན། བོད་ཀྱི་སྒོམ་སྒྲུབ་""""ལྟེ་གནས་""""ཀྱི་དུས་སྐབས་སུ་འཁོར་ལོ་ཇི་ལྟར་ནུས་ལྡན་དུ་བསྒྱུར་དགོས་སམ།""",2
ལས་འཆར་དེའི་ཐོག་སུས་མཆོད་འབུལ་གྱི་གཞས་གཉིས་པ་བཏང་སོང་ངམ།,2
དུ་མཚམས་དེ་ལྟར་ན། ཟས་མཆོད་འབུལ་བའི་སྐབས་དེར་སུས་ཞིག་གིས་ཆོས་གཞས་བཏང་སོང་ངམ།,1
དགོང་དྲོའི་འཁྲབ་སྟོན་གཉིས་པ་དེ་གང་རེད་དམ།,2
Alessandro Safina རྒྱལ་ཁབ་གང་ནས་རེད་དམ།,4
དུམ་མཚམས་དེ་ལྟར་ན། གཤམ་གསལ་བསྒྲགས་གཏམ་ཅི་ཞིག་བདེན་པ་མ་རེད་དམ།,1
དུམ་མཚམས་དེ་ལྟར་ན། སུ་ཞིག་གིས་ཧ་ཅང་མི་བདེ་བའི་ཚད་ཀྱི་གནས་སྟངས་དེ་འབྲེལ་འགྲེལ་བརྗོད་བྱེད་འགོ་བཙུགས་སོང་ངམ།,2
མཚོ་རླུང་ཚུ་ན་མིས་རྐྱེན་བྱས་ཏེ་གློག་ཆད་པའི་དཀའ་ངལ་གང་དུ་འདུག་གམ།,1
དུམ་མཚམས་དེ་ལྟར་ན། ཏོང་གྷར་ཇི་ལྟར་བྱས་ནས་གློག་ཆད་པའི་དཀའ་ངལ་འཕྲད་འདུག་གམ།,4
ཉེན་རྟོག་པས་དུས་ནམ་ཞིག་ལ་ཁོ་ཚོའི་མྱུར་ཚད་རྟོགས་ཞིབ་མེ་མདའ་བཀོལ་ནས་Jonny Reidཡི་ཁ་ལོ་བའི་མྱུར་ཚད་ལ་ཚོད་འཛིན་བྱེད་ཐུབ་ཡོད་དམ།,3
དུམ་མཚམས་དེ་ལྟར་ན། ནེའུ་ཛི་ལན་ཌིའི་ཉེན་རྟོག་པར་Jonny Reidཡི་རླངས་འཁོར་མྱུར་ཚད་ཚོད་རྩིས་ཐུབ་རྒྱུར་ཅིའི་ཕྱིར་དཀའ་ངལ་འཕྲད་ཀྱི་ཡོད་དམ།,2
Butteདང་འབྲེལ་བ་ཡོད་པའི་ས་ཡོམ་གྱི་ལྟེ་གནས་དེ་གང་ན་ཡོད་དམ།,2
Abu Ghraibདུ་ཟིང་འཁྲུག་སྐབས་ཅི་ཞིག་བྱུང་བ་རེད་དམ།,1
ཅིའི་ཕྱིར་ཨི་རག་གི་བཙོན་ཁང་ལ་མིང་ཆད་ཐོབ་པ་རེད་དམ། ,4
Mauiཡི་དམག་འཁྲུག་དྲན་རྟེན་ཐང་ཆེན་ཐོག་དུས་སྟོན་ཅི་ཞིག་འཚོགས་འཆར་ཡོད་དམ།,3
མཇུག་མཐར་སུ་ཞིག་གིས་དུས་སྟོན་ཕྱིར་འཐེན་བྱས་པའི་སྐོར་ལ་འགྲེལ་བཤད་བྱས་པ་རེད་དམ།,1
སུ་ཞིག་གིས་Bishkekསྡེ་ཁུལ་མི་དམངས་རྣམས་ཐེངས་འདིའི་འཕྲོག་བཅོམ་ལ་འགན་འཁུར་དགོས་པར་འདོད་དམ།,3
སུ་ཞིག་གིས་ལྷོ་ཁུལ་ནས་ངོ་རྒོལ་བ་རྣམས་ལ་བཅོམ་འཕྲོག་བྱེད་མིར་ཉེས་འཛུགས་བྱས་སམ།,3
ནམ་ཞིག་Ringཉོ་ཚོང་ལ་འཕེལ་རྒྱས་བྱུང་ངམ།,2
Jamie Siminoff ནམ་ཞིག་ Ring འགོ་འཛུགས་བྱས་སམ།,1
Reading Rainbow ལེའུ་རེ་རེས་བྱིས་པ་ཚོར་ཅི་ཞིག་ལ་འོས་སྦྱོར་བྱས་ཡོད་དམ།,4
ཅི་ཞིག་གིས་ Reading Rainbow ཞེས་པའི་མུ་འབྲེལ་བརྒྱུད་རིམ་མེད་པར་བཟོ་བའི་རྒྱུ་རྐྱེན་བྱས་ཡོད་དམ།,1
གཤམ་གསལ་ནས་གང་དག་ནི་ཨེམ་སི་ཌར་ཌེམ་དང་འགྲེམས་སྟོན་ཁང་གི་དཔོན་རིགས་ཀྱིས་ཤིང་སྡོང་དང་འབྲེལ་བ་ཡོད་པའི་རྩོད་གླེང་གཅིག་མ་ཡིན་ནམ།,1
RSPCA སྤྱི་ཁྱབ་ཉེན་རྟོག་དཔོན་གྱིས་གསལ་བརྗོད་བྱས་པར་གཞིགས་ན། ཞིབ་བཤེར་བྱ་རྒྱུ་དེ་གཤམ་གསལ་གྱི་ནང་དོན་གང་དག་ཚད་གཞིར་འཛིན་དགོས་སམ།,1
དུམ་མཚམས་དེ་ལྟར་ན། ཅི་ཞིག་གིས་དུད་འགྲོའི་ཕན་བདེ་ཚོགས་པས་ཨོ་སི་ཁྲུ་ལི་ཡའི་བཤས་ཁང་ལས་བྱེད་པའི་གལ་ཆེན་རང་བཞིན་སྲ་བརྟན་དུ་གཏོང་བར་རོགས་རམ་བྱེད་ཐུབ་བམ།,1
དུམ་མཚམས་དེ་ལྟར་ན། འཛིན་བཟུང་བྱས་པའི་མི་དེའི་ལས་རིགས་ཅི་ཞིག་ཡིན།,1
དུམ་མཚམས་དེ་ལྟར་ན། བསྐྱར་དུ་གཞན་ཞིག་འཛིན་བཟུང་བྱས་པའི་སྐོར་ལ་གནས་ཚུལ་ཁྱབ་བཞིན་པའི་སྐབས། གནོད་འཚེ་ཕོག་མི་ཅི་ཙམ་ཞིག་གི་ཆེད་དུ་འདས་ཆོས་འཚོགས་བཞིན་ཡོད་དམ།,3
ངོ་རྒོལ་གྱི་ལན་འདེབས་ཆེད་དུ། རྒྱལ་ཁབ་གང་ཞིག་གིས་ས་སོས་ས་རྟགས་བཀོད་པའི་ACTAགྲོས་མཐུན་མུ་མཐུད་རྒྱུན་འཁྱོངས་བྱས་མེད་དམ།,2
དུམ་མཚམས་དེ་ལྟར་ན། གཤམ་གྱི་རྒྱལ་ཁབ་གང་དག་གིས་ ACTA ནང་ཞུགས་པའི་གོ་རིམ་ཕྱིར་འགྱངས་བྱ་རྒྱུའི་ཐག་བཅད།,4
མི་གྲངས་ག་ཚོད་ iPod ཚ་པོ་ཆགས་པའི་དོན་རྐྱེན་གྱིས་རྨས་སྐྱོན་ཕོག་མཁན་བྱུང་ཡོད་དམ།,1
སུས་ཚ་པོ་ཆགས་པའི་རྐྱེན་གྱིས་དོན་རྐྱེན་དེ་ཚབས་ཆེན་མ་རེད་ཅེས་བཤད་དམ།,1
Steve Jobs ཡིས་གཏམ་བཤད་བྱེད་སྐབས། ཀུ་ཤུ་ཚོང་ཚོགས་ཡང་བསྐྱར་གསར་གཏོད་བྱེད་ཀྱི་ཡིན་ཞེས་བཤད་དོན་ཅི་རེད།,2
Steve Jobs ཡི་ཆུ་ཚོད་གཉིས་ཅན་གྱི་གཏམ་བཤད་དེའི་དགོས་དོན་ཅི་རེད།,3
Argentine ཟློས་གར་ཁང་དུ་ Cristina Fernandez de Kirchner ཅི་ཞིག་ཁྱབ་བསྒྲགས་བྱས་པ་ཡིན་ནམ།,1
ས་གནས་གང་ཞིག་ཏུ་ Cristina Fernandez de Kirchner ཡིས་མོ་རང་འོས་མིར་ལངས་རྒྱུའི་གསལ་བསྒྲགས་སྤེལ་ལམ།,3
ACMA ཡིས་ Big Brother དང་འབྲེལ་བའི་རྙེད་དོན་ཅི་ཞིག་ཡོད་དམ།,1
དྲ་རྒྱའི་བརྗོད་དོན་ལ་བརྩི་བའི་ཆེད་དུ་བརྙན་པར་གྱིས་ངེས་པར་དུ་གནས་ཚད་གང་དག་གི་འོག་ཏུ་ཚུད་དགོས་ཀྱི་ཡོད་དམ།,1
ཨོ་སི་ཁྲུ་ལི་ཡའི་རང་དབང་ཚོགས་པའི་འགོ་ཁྲིད་སུ་རེད།,1
ཨོ་སི་ཁྲུ་ལི་ཡ་ལ་སྔར་ནས་ཉིང་རྡུལ་ནུས་ཤུགས་བཟོ་ལས་མེད་པའི་རྒྱུ་མཚན་ཅི་ཡིན་ནམ།,1
གངས་ཤུད་གཏོང་མཁན་སུ་ཞིག་གིས་སྣེ་ཁྲིད་པའི་ལམ་སྟོན་འོག་འགྲན་བསྡུར་ལ་ཞུགས་སམ།,4
རྒྱལ་ཁབ་སུ་ཞིག་གིས་བུད་མེད་མདུན་ལངས་རིམ་པའི་ཁྲོད་ནས་ Super-G ཨང་རིམ་བཅུ་པ་བླངས་སམ།,1
དུམ་མཚམས་དེ་ལྟར་ན། Blake སྐོར་གྱི་སྒྲོག་གཏམ་གང་ཞིག་བདེན་པ་མ་རེད་དམ།,2
དུམ་མཚམས་དེ་ལྟར་ན། གཤམ་གསལ་ཅི་ཞིག་ Blake བྱུང་མེད་དམ།,1
འཛམ་གླིང་མཉམ་འབྲེལ་རྒྱལ་ཚོགས་གོ་ལའི་ཚ་དྲོད་སྔོན་འགོག་མ་དངུལ་དེ་ཅི་ཞིག་གི་ཆེད་དུ་སྤྱོད་ཀྱི་མ་རེད་དམ།,3
དུམ་མཚམས་དེ་ལྟར་ན། འཛམ་གླིང་མཉམ་འབྲེལ་རྒྱལ་ཚོགས་ཀྱིས་གང་ཞིག་སྐྱོབ་པར་རེ་བ་བྱེད་ཀྱི་ཡོད་དམ།,1
གཤམ་གསལ་ནས་ཅི་ཞིག་ Albert Muchanga ཡིས་ད་དུང་གྲོས་མོལ་བྱ་དགོས་པའི་རིགས་ཤིག་ཏུ་བརྩིས་མེད་དམ།,3
དུམ་མཚམས་དེ་ལྟར་ན། ང་ཚོས་ཅིའི་ཕྱིར་སྤྱི་ཟླ་བདུན་པའི་ནང་ཚོང་འབྲེལ་འགོ་འཛུགས་མི་ཆོག་གམ།,1
དུས་མཚམས་དེ་ལྟར་ན། ཨ་ཌི་ལན་ཌའི་རྩ་ཁྲིམས་ཟིན་བྲིས་ཀྱིས་ཤེས་ཡོན་ལས་བྱེད་ལ་སྐྱོན་འཛུགས་ཅི་ཞིག་བྱས་ཡོད་དམ།,3
དུམ་མཚམས་དེའི་ནང་དུ་གསལ་བརྗོད་བྱས་པའི་གནས་ཚུལ་ལྟར་ན། ཨ་ཌི་ལན་ཌའི་རྩ་ཁྲིམས་ཟིན་བྲིས་ཀྱི་སྙན་ཞུའི་ནང་དུ་ཅི་ཞིག་གླེང་མེད་དམ།,2
དུམ་མཚམས་དེ་ལྟར་ན། གནས་ཚུལ་ཅི་ཞིག་གཤམ་གསལ་འབར་གས་དང་འབྲེལ་བ་ཡོད་དམ།,1
སྤྱི་ལོ་ 2017 ལོར་ Manchester City ལ་ཞུགས་པ་ནས་བཟུང་། རྩེད་འགྲན་ག་ཚོད་ནང་Jesus ཞུགས་ཡོད་དམ།,4
རྩེད་འགྲན་ཚོགས་པ་གང་ཞིག་གིས་ Jesus མཉམ་ཞུགས་བྱས་གླ་དབྱིན་སྒོར་ས་ཡ་£27སྤྲད་ཡོད་དམ།,1
མགྲོན་ཁང་གི་མགྲོན་པོ་དང་འབྲེལ་བ་ཡོད་པའི་བཤད་ཚུལ་གང་དག་ངོ་མ་མིན་ནམ།,1
དུམ་མཚམས་དེ་ལྟར་ན། གཤམ་གསལ་ནས་སྒྲོག་གཏམ་ཅི་ཞིག་བདེན་པ་རེད་དམ།,1
དུམ་མཚམས་དེར་གཞི་བཅོལ་ན། གདོང་ཐུག་སྐོར་གྱི་གནས་ཚུལ་གང་ཞིག་ངེས་བརྟན་མེད་དམ།,3
དུམ་མཚམས་དེ་ལྟར་ན། གདོང་ཐུག་དེ་འབྲེལ་ད་དུང་ཅི་ཞིག་བསམ་གཞིགས་བྱེད་དགོས་སམ།,4
དུམ་མཚམས་དེ་ལྟར་ན། Batten གྱིས་སྔོན་ཆད་ཆེས་ཕྱུག་པའི་ཨ་རིའི་མིང་ཐོའི་ཁྲོད་དུ་ས་ཆ་གང་དུ་གོ་གནས་བཟུང་ཡོད་དམ།,3
གཤམ་གསལ་ནས་ Batten ཡིས་ཞལ་འདེབས་འབུལ་གྱི་ཡོད་དམ།,2
གྲོང་ཁྱེར་གཞུང་འཛིན་པ་ Arnold Schwarzenegger ཡིས་ས་རྟགས་བཀོད་པའི་ཁྲིམས་ཡིག་གི་ཆ་ཤས་མ་རེད་དམ།,1
དུམ་མཚམས་དེ་ལྟར་ན། བཤད་ཟིན་པའི་སྐད་ཆ་སུ་ཞིག་གིས་ཐོས་མེད་དམ།,2
དུམ་མཚམས་དེ་ལྟར་ན། གཤམ་གསལ་ནས་ཉན་དཔང་ཁྲིམས་རའི་ཐོག་ Miller ཡི་ཉམས་མྱོང་དངོས་གནས་གང་ཞིག་ཡིན་ནམ།,1
སུ་ཞིག་གིས་ ‘ཁ་རླུང་གཙང་མའི་ཁྲིམས་ཡིག་’ ལ་བསྐྱར་བཅོས་དགོས་པའི་བསམ་འཆར་བཤད་དམ།,3
སུ་ཞིག་གིས་ ‘ཁ་རླུང་གཙང་མའི་ཁྲིམས་ཡིག་’ དེ་བཞིན་འོས་བསྡུའི་སྔོན་གྱི་རོལ་རྩེད་ཅིག་ལ་བགྲང་ནས་དགག་རྒྱག་བྱས་སམ།,1
འདྲེས་འགྱུར་སེ་ནུ་རེག་རྫས་དང་མེ་ལ་མིན་འདྲེས་རྫས་ཕན་ཚུན་ཞི་མིའི་གཅིན་པ་དང་ལྷན་ཐུག་རེག་སྐབས་ཀྱི་ལྡོག་འཕྲོས་ཅི་ཞིག་གྲུབ་པ་ཡིན་ནམ།,3
ཞིབ་འཇུག་པས་ཨིན་ཧྥ་རེ་ཌེ་བརྟག་བཤེར་ཡོ་བྱད་སྤྱད་ནས་ཅི་ཞིག་ལ་རྟོགས་ཞིབ་བྱེད་དམ།,2
སུ་ཞིག་གིས་ Luna “ཐལ་ཆ་ཤོར་བའི་རྒྱལ་མོར་” འགྲེལ་ལམ།,1
སུ་ཞིག་གིས་ Luna “ཁྱད་མཚར་” དུ་འགྲེལ་ལམ།,2
རླངས་འཁོར་ཆག་སྒོ་བྱུང་བའི་ཁ་ལོ་བར་གནད་དོན་ཅི་ཞིག་བྱུང་གི་མ་རེད་དམ།,1
ཨོར་གཏུམ་པོ་ལོའི་འགྲན་བསྡུར་ཁྲོད་དུ་ལྷོ་ཨ་ཧྥེ་རི་ཁའི་འགྲན་རྩོད་པའི་ཁྲོད་མངོན་གསལ་དོད་པོ་མེད་པ་དེ་ཡིན་ནམ།,1
དུམ་མཚམས་དེ་ལྟར་ན། ལྷོ་ཨ་ཧྥི་རི་ཁའི་རྩེད་འགྲན་ག་དུས་འགོ་འཛུགས་ཀྱི་རེད་དམ།,1
དུམ་མཚམས་དེ་ལྟར་ན། གཤམ་གསལ་ནས་ཅི་ཞིག་གིས་རྒྱ་ནག་གི་དཔལ་འབྱོར་གནད་དོན་ཏག་ཏག་མཚོན་གྱི་མེད་དམ།,3
དུམ་མཚམས་དེ་ལྟར་ན། རྒྱ་ནག་གི་རྒྱལ་ནང་གི་ཐོན་སྐྱེད་རིན་ཐང་བསྡོམས་འབོར་ནམ་ཞིག་ལ་ཨ་རི་ལས་བརྒལ་ལམ།,2
Hu ཡིས་རྒྱལ་ཁབ་ཡར་རྒྱས་འགྲོ་བཞིན་པ་དག་གིས་ཅི་ཞིག་བྱེད་དགོས་པའི་བསམ་འཆར་བཏོན་ནམ།,3
Hu ཡིས་གསལ་བརྗོད་མ་བྱས་པ་ཅི་ཞིག་ཡོད་དམ།,4
གཤམ་གསལ་ནས་ Veerman ཡིས་གནས་སྟངས་ཅི་ཞིག་ཡག་པོ་མེད་སྐོར་བརྗོད་དམ།,2
ཁྲིམས་ཐུག་བྱུང་བའི་རྐྱེན་གྱིས། སུ་ཞིག་གིས་ Huhne ཡི་གོ་གནས་ས་ཆ་བླངས་ཀྱི་རེད་དམ།,4
སུ་ཞིག་གིས་ཁྲིམས་རའི་གཏུག་བཤེར་རྗེས་སུ་ཚོང་དོན་བློན་ཆེན་གྱི་འགན་འཁུར་རྒྱུ་ཡིན་ནམ།,2
འཁྲབ་སྟོན་པས་ལྟད་མོ་བ་ཚོར་ Camille Saint-Saens ཟློས་གར་འཁྲབ་སྟོན་བྱེད་སྐབས་ཅི་ཞིག་བྱེད་དགོས་པའི་སྐུལ་མ་གཏོང་དགོས་སམ།,1
གླུ་གར་འཁྲབ་སྟོན་སྐབས་སུ་ཞིག་གིས་སོ་མ་ར་ཙ་གཙོ་བོ་འཐེན་གྱི་རེད་དམ།,1
Leonov ཡིས་འཁྲབ་སྟོན་བྱས་པའི་ “བར་སྣང་གོམ་སྟབས་” ཀྱི་མིང་གཞན་གང་ཡིན་ནམ།,1
Leonov ཡིས་ཨུ་རུ་སུའི་ལས་འགུལ་ཅི་ཞིག་གི་ཆ་ཤས་བླངས་སམ།,2
བརྡབ་སྐྱོན་ཁྲོད་སུ་ལ་རྨས་སྐྱོན་ཕོག་གམ།,4
བརྡབ་སྐྱོན་ནང་ཚུད་པའི་མི་རྣམས་ལ་ཅི་ཞིག་བྱུང་ཡོད་དམ།,2
ལས་འཆར་འདིའི་ནང་དུ་ལས་ཀ་བྱེད་བཞིན་པའི་ཚན་རིག་པས་གཤམ་ནས་གནད་དོན་གང་དག་ལས་བྱུང་བའི་ཤུགས་རྐྱེན་ལ་ལྟ་ཞིབ་བྱེད་རྒྱུའི་རེ་བ་བྱེད་བཞིན་ཡོད་དམ།,4
ཚན་རིག་པས་གཤམ་གསལ་གནད་དོན་ཅི་ཞིག་ཐོག་ཉམས་ཞིབ་བྱེད་བཞིན་ཡོད་དམ།,1
དུམ་མཚམས་དེར་གཞི་བཅོལ་ན། སྲོལ་རྒྱུན་རིང་ལུགས་པས་ཅི་ཞིག་ལ་སྐྱོན་བརྗོད་བྱས་མེད་དམ།,1
སུ་ཞིག་གིས་རྒྱ་མཚོའི་རླུང་འཚུབ་ཀེཌ་རི་ནའི་རྒུད་སྐྱོབ་བྱ་བའི་བསྐྱར་སྐྲུན་གན་རྒྱར་སྐྱོན་བརྗོད་བྱེད་བཞིན་ཡོད་དམ།,3
དུམ་མཚམས་དེ་ལྟར་ན། Stardustམཁའ་སྐྱོད་འཕུར་གྲུའི་ནས་འོད་ཟེར་ཐོག་མ་དེ་ག་ནས་མཐོང་ཐུབ་ཀྱི་རེད་དམ།,2
དུམ་མཚམས་དེ་ལྟར་ན། མཁའ་སྐྱོད་འཕུར་གྲུས་གཤམ་གསལ་ནས་ཟིན་ཐོ་ཅི་ཞིག་གཏོད་ཡོད་དམ།,3
སྨན་པ་ Malar Balasubramanian ཇི་ལྟར་བྱས་ནས་ Saroja Balasubramanian འབྲེལ་བ་ཡོད་དམ།,1
Sara Balasubramanian ཕུང་པོ་གང་ནས་རྙེད་དམ།,1
eBay ཡིས་ཅི་ཞིག་ཉོས་སམ།,3
ཨི་བྷེ་ཡིས་ཉོ་སྒྲུབ་དེ་ནས་ཅི་ཞིག་མངོན་འགྱུར་བྱ་ཐབས་འཚོལ་ཞིབ་བྱེད་བཞིན་ཡོད་དམ།,2
དུམ་མཚམས་དེ་ལྟར་ན། སུ་ཞིག་གིས་འཁྲུག་འཛིང་བྱས་རྗེས་སྒོ་རའི་ནང་དུ་བསྡད་ཡོད་པའི་བཙོན་པ་དང་འབྲེལ་འདྲིས་བྱས་མེད་དམ།,3
གཤམ་གསལ་གྱི་ནང་དོན་གང་དག་གིས་མཇུག་མཐར་བཙོན་མ་རྣམས་ཟིང་འཁྲུག་ལས་ཞོལ་འཇགས་བྱུང་རྐྱེན་བྱས་པ་ཡིན་ནམ།,2
Ayatollah Ali Khamenei ཡི་བསམ་ཚུལ་ལ། ཨ་རན་རྒྱལ་ཁབ་རང་ཉིད་ཅི་ཞིག་ནས་རང་དབང་འཐོབ་དགོས་པར་འདོད་བཞིན་ཡོད་དམ།,4
དུམ་མཚམས་དེ་ལྟར་ན། སུ་ཞིག་གིས་ཉེས་ཆད་བཅད་པ་དེས་ཨི་རན་གྱི་དཔལ་འབྱོར་ལ་ཐེབས་པའི་ཤུགས་རྐྱེན་ཁས་བླངས་པ་ཡིན་ནམ།,1
གཤམ་གསལ་ནས་ཅི་ཞིག་ཧྥ་རན་སིའི་འོས་བསྡུའི་ལས་རིམ་དང་འབྲེལ་བ་མེད་དམ།,4
འོས་འཕེན་པས་རང་ཉིད་ཀྱིས་བདམས་པའི་འོས་མི་ཇི་ལྟར་བྱས་ནས་གསལ་སྟོན་བྱེད་དགོས་སམ།,1
ཅི་ཞིག་གིས་Allen ཡིས་ Musashi ལོ་བརྒྱད་རིང་གི་འཚོལ་ཞིབ་བྱེད་འགོ་བརྩམས་པ་ཡིན་ནམ།,4
དུམ་མཚམས་དེ་ལྟར་ན། Allen ཡིས་རང་ཉིད་ཀྱི་དངུལ་གྲངས་ཕོན་ཆེན་ཅི་ཞིག་གི་ཐོག་ཏུ་གཏོང་གི་ཡོད་དམ།,1
དུམ་མཚམས་དེ་ལྟར་ན། གཤམ་གསལ་གྱི་གནད་དོན་གང་དག་གིས་བཟོ་གྲྭ་ནང་དང་དེའི་ཉེ་འཁོར་དུ་ཉེན་ཁའི་གནས་ཚུལ་འབྱུང་སྲིད་དམ།,2
གཤམ་གསལ་ནས་གང་དག་བཟོ་གྲྭའི་དོན་རྐྱེན་བྱུང་རྗེས་ས་གནས་དེ་གའི་སྡེ་ཁུལ་མི་དམངས་ལ་བཏོན་པའི་བདེ་འཇགས་ཀྱི་སློབ་སྟོན་མ་རེད་དམ།,2
སྨན་པ་ Moll ཡིས་བརྗོད་དོན། XDR-TB ཐད་སེམས་ཁྲལ་མང་ཤོས་བྱེད་དགོས་ས་དེ་གང་རེད་དམ།,1
འཕྲོད་བསྟེན་ལས་བྱེད་པ་ནད་རིགས་གསར་པ་དེ་ཉིད་འགོས་ཟིན་པའི་ནད་པ་གྲངས་ཅི་ཙམ་ཡོད་འདུག་གམ།,2
NextGen ཡིས་ཚན་རིག་ལག་རྩལ་ཅི་ཞིག་སྤྱོད་བཞིན་ཡོད་དམ།,1
NextGen ཐ་དཀར་ཁ་རླུང་སྟངས་འཛིན་བྱེད་པ་དེས་ཁེ་ཕན་ཇི་ལྟར་ཡོང་གི་ཡོད་དམ།,3
དུམ་མཚམས་དེ་ལྟར་ན། ལོ་རྒྱུས་རིག་པ་བ་རྣམས་ཀྱིས་FBIལ་སྐྱོན་བརྗོད་བྱས་མེད་པའི་རྒྱུ་མཚན་ཅི་ཡིན་ནམ།,1
འདོད་ལོག་ཆགས་སྲེད་ཀྱི་བྱེད་ཐབས་ཀྱིས་ FBI ལ་བཙན་ཤེད་ཀྱིས་ཅི་ཞིག་བྱེད་དུ་འཇུག་གམ།,2
JAS 39C Gripen བརྡབ་སྐྱོན་བྱུང་སྐབས་མྱུར་སྐྱོབ་ཏུ་བསྐྱོད་མཁན་མེ་གསོད་རླངས་འཁོར་ལ་ཅི་ཞིག་བྱུང་བ་རེད་དམ། ,1
JAS 39C Gripen བརྡབ་སྐྱོན་བྱུང་རྗེས། གནམ་ཐང་ཅི་ཞིག་ལ་སྒོ་བརྒྱབས་པ་རེད་དམ།,1
ཨི་རན་གསར་བརྗེའི་དུས་སྐབས་རིང་སུས་ Brzezinski ལམ་སྟོན་འཆར་གཞི་བཏོན་ནམ།,1
སྤྱི་ལོ་ 1977 བར་རྒྱལ་སྲིད་བདེ་འཇགས་ལམ་སྟོན་པའི་གོ་གནས་བཟུང་ཡོད་དམ།,1
གཤམ་གསལ་གྱི་གནད་དོན་གང་དག་གིས་ Partizan Belgrade དང་ལྷན་ Bobek ཡི་མདུན་ལམ་ཏག་ཏག་མཚོན་པར་བྱེད་ཀྱི་མེད་དམ།,3
Partizan Belgrade པར་ཊི་ཛན་བྷེལ་གྷེ་རེཌ་དང་འབྲེལ་བའི་Bobek བྷོ་གྷེག་ གི་ལོ་རྒྱུས་ཀྱི་བསྒྲགས་གཏམ་གང་ཞིག་དངོས་གནས་ཡིན་ནམ།,4
དུམ་མཚམས་དེ་ལྟར་ན། ཁྱད་ཆོས་གང་ཞིག་གིས་ཁུང་འབྲུག་ Hesperonychus དང་ཁུང་འབྲུག་ Velociraptor གཉིས་དབྱེ་བ་འབྱེད་ཐུབ་བམ།,2
“ཁུང་འབྲུག་ Hesperonychus” ཞེས་པའི་དོན་ནི། སྐྱེ་དངོས་རིགས་ཀྱི་དངོས་ལུགས་ཀྱི་ཁྱད་ཆོས་གང་དག་ལས་བྱུང་བ་རེད་དམ།,1
གཤམ་གསལ་ནས་མེ་མདའི་དོན་རྐྱེན་ཁྲོད་ཀྱི་གནད་དོན་དང་འབྲེལ་བའི་སྒྲོག་གཏམ་དངོས་གནས་གང་ཡིན་ནམ།,4
མེ་མདའི་དོན་རྐྱེན་བྱུང་སའི་དུས་སྟོན་དང་འབྲེལ་བའི་བསྒྲགས་གཏམ་ཅི་ཞིག་བདེན་པ་རེད་དམ།,1
དུམ་མཚམས་དེ་ལྟར་ན། དཔོན་རིགས་ཀྱིས་ Luno ལ་ཐོག་མའི་སེམས་ཁྲལ་དེ་གང་ཡིན་ནམ།,1
དུམ་མཚམས་དེ་ལྟར་ན། གཤམ་གསལ་ནས་ཅི་ཞིག་ Luno ཆག་སྐྱོན་ཤོར་བ་དང་འབྲེལ་བའི་གནད་དོན་བདེན་པ་མ་རེད་དམ།,3
བཅུ་ཕྲག་གང་གི་ནང་དུ་ཨལ་ཇེ་རི་ཡ་རྒྱལ་ཁབ་ལ་རང་བཙན་ཐོབ་ཡོད་དམ།,3
དུར་མཆོད་སྐབས་བརྙན་འཕྲིན་འཆར་ཤེལ་སྒྲིག་བཀོད་བྱེད་ཀྱི་མ་རེད་དམ།,4
དུར་མཆོད་དེ་ཉིད་གང་དུ་འདུས་སམ།,4
འབར་གས་ཀྱི་རྗེས་སུ། སུ་ཞིག་རྨས་སྐྱོན་ཚབས་ཆེན་ཕོག་པ་ལས་སྨན་བཅོས་བྱས་ཡོད།,1
རླངས་རྫས་ཤོར་བའི་སྙན་སེང་ཞུ་མི་དེ།,1
དུམ་མཚམས་དེ་ལྟར་ན། དྲག་རྒོལ་དེའི་ནང་མི་མང་པོ་ཤི་འདུག,1
དྲག་རྒོལ་སྐབས་སུ་ཞིག་གི་མཚོན་ཆ་གནས་ག་གེ་མོར་འཕྲོ་བརླག་ཏུ་ཤོར་འདུག,2
ཨོ་ལིམ་ཕིག་ལུས་རྩལ་འགྲན་ཚོགས་ཀྱིས་གཤམ་གསལ་རྩེད་རིགས་ཅི་ཞིག་དེ་ཉིད་ལས་འཆར་ཁྲོད་ནས་ཕྱིར་འབུད་བྱ་རྒྱུའི་འོས་འཕེན་བྱས་ཡོད་དམ།,3
རྒྱལ་སྤྱིའི་ཨོ་ལིམ་ཕིག་ལུས་རྩལ་འགྲན་ཚོགས་ཀྱིས་གཤམ་གསལ་རྩེད་རིགས་ཅི་ཞིག་དེ་ཉིད་ལས་འཆར་ཁྲོད་ལ་འཇུག་རྒྱུའི་འོས་འཕེན་བྱས་ཡོད་དམ།,2
Arthur Guinness ཡིས་ St James ཡི་ Gate Brewery ལོ་ངོ་ཅི་ཙམ་རིང་བོགས་གཏོང་བྱས་ཡོད་དམ།,1
Guinness ཡིས་ལོ་རེར་ཨ་སྒོར་ཐེར་འབུམ་ག་ཚོད་འཁྱེར་ཡོང་གི་ཡོད་དམ།,4
ཡོ་རོབ་མཐུན་ཚོགས་ཀྱི་རྒྱལ་ཁབ་ག་ཚོད་ནང་དུ་ H5N1 གཉན་སྲིན་ཐོན་འདུག་གམ།,3
གང་དུ་ H5N1 གཉན་སྲིན་གསར་ཤོས་ཐོན་འདུག་གམ།,1
ཞི་བདེ་སྲུང་སྐྱོང་བྱེད་མཁན་ནས་མཆེད་པའི་ནད་ཡམས་དེའི་སྔོན་ལ་དུས་ནམ་ཞིག་ཧའེ་ཌིས་ནད་ཡམས་འདི་འཕྲད་པ་རེད་དམ།,2
ས་ཆ་གང་གི་གད་སྙིགས་ཀྱིས་ནད་རིགས་འདི་མཆེད་པར་སྐུལ་འདེད་བྱས་ཡོད་དམ།,1
ཨེ་རི་ཤི་གཞུང་གིས་ཅི་ཞིག་བྱེད་རྒྱུའི་འཆར་གཞི་ཡོད་དམ།,1
ཨར་ལན་ཌིའི་ནང་དུ་ད་ལྟ་གནས་སྐབས་ཅི་ཞིག་ཁྲིམས་མཐུན་རེད་དམ།,4
བརྟག་དཔྱད་བྱེད་བཞིན་པའི་དོགས་གཞི་ཡོད་པའི་ཉེས་ཅན་ནི་ཅི་ཞིག་ཡིན།,1
སྒོ་རྟགས་བསྒྱུར་སྐབས། དོགས་ཡོད་ཉེས་ཅན་གྱིས་ཅི་ཞིག་མ་བྱས་པ་ཡིན་ནམ།,1
དུམ་མཚམས་དེ་ལྟར་ན། གཤམ་གསལ་ནས་ཅི་ཞིག་དབྱིན་ཡིག་ཟུར་ཁྲིད་པ་ Karno ལ་ཉེས་འཛུགས་ཕོག་མེད་དམ།,1
དུམ་མཚམས་དེ་ལྟར་ན། Rolando Mendoza ཡིས་སུ་ཞིག་མི་གཏེར་ཉར་ཡོད་དམ།,1
དུམ་མཚམས་དེར་གཞི་བཅོལ་ན། མི་གཏེ་གང་དག་སྔོན་ལ་གློད་ཡོད་མེད་གཏན་འཁེལ་མི་འདུག་གམ།,2
དུམ་མཚམས་དེ་ལྟར་ན། སུ་ཞིག་གིས་བྷེར་ཛེལ་གྱི་མཚན་མཐུན་གཉེན་སྒྲིག་ཁྲིམས་མཐུན་ཅན་དུ་འགྱུར་བར་རྒྱབ་སྐྱོར་བྱེད་པའི་མིང་རྟགས་བསྡུ་འགོད་བཞིན་ཡོད་དམ།,1
ངོ་རྒོལ་བས་ཁོང་ཚོའི་ཡར་ཞུ་སུ་ལ་སྤྲོད་ཀྱི་རེད་དམ།,3
Armand Versace ཡིས་བཤད་ཚུལ་ལྟར་ན། མི་ཚོགས་ཀྱིས་གནམ་གཤིས་ལ་རྣམ་འགྱུར་མ་བསྟན་གོང་ལ་ཐད་ཀར་དོན་དག་ཅི་ཞིག་བྱུང་ངམ།,1
Versace ཡིས་བཤད་ཚུལ་ལྟར་ན། རླུང་འཚུབ་ཆེ་ཤོས་ག་དུས་ལྡང་བ་རེད་དམ།,1
Fred ཡི་སྔོན་ལ། 35°Wཡི་ཤར་ངོས་སུ་རླུང་འཚུབ་དྲག་པོ་ག་ཚོད་ཟིན་ཐོར་བཀོད་ཡོད་དམ།,4
ནམ་ཞིག་ Fred ནི་Cape Verde གླིང་ཕྲན་གྱི་ཉེ་འདབས་སུ་ཡོད་སྐབས། དེ་ཉིད་ཁ་ཕྱོགས་གང་གི་ཕྱོགས་སུ་སྐྱོད་བཞིན་ཡོད་དམ།,1
གཤམ་གསལ་ནས་གང་ཞིག་སྔོན་མ་དེ་ལས་མྱུར་ཚད་མཐོ་བ་ཡོད་དམ།,1
802.11n དང་ 802.11bགཉིས་ཕན་ཚུན་མཐུན་པའི་རྗེས་ལུས་ཐེབས་པར་དགོས་ངེས་ཀྱི་དགོས་མཁོ་ཅི་ཞིག་ཡོད་དམ།,1
ཨོ་ལིམ་ཕིག་ལུས་རྩལ་འགྲན་ཚོགས་ཀྱི་གསེར་གྱི་རྟགས་མ་ཐོབ་མཁན་གྱིས་དབྱིན་ཇིའི་རྒྱལ་ཕྲན་མཉམ་འབྲེལ་གྱི་ལུས་རྩལ་འགྲན་ཚོགས་སྟེང་ཆུ་རྐྱལ་ཅི་ཙམ་རྩེད་ཡོད་དམ།,4
ཨོ་ལིམ་ཕིག་ལུས་རྩལ་འགྲན་ཚོགས་ཀྱི་གསེར་གྱི་རྟགས་མ་ཐོབ་མཁན་གྱིས་ཁོ་པའི་ན་ཟུག་ལ་སྨན་མ་བརྟེན་པའི་རྒྱུ་མཚན་གང་ཡིན་ནམ།,3
དུམ་མཚམས་དེ་ལྟར་ན། ས་ཡོམ་གྱི་བྱེད་སྒོ་དང་འབྲེལ་ནས་ཅི་ཞིག་མགོ་བོ་འཐོམ་དུ་འཇུག་གམ།,1
དུམ་མཚམས་དེ་ལྟར་ན། ནམ་ཞིག་བརྒྱུད་རིམ་དེ་ཉིད་བརྗེས་འདུག་གམ།,4
གཤམ་གསལ་ནས་ Chandrayaan-1 ཡི་ཟླ་བའི་གོ་ལར་བརྟག་དཔྱད་བྱས་པའི་སྐོར་གྱི་གཤམ་གྱི་བཤད་ཚུལ་གང་དག་ནི་བདེན་པ་མིན་ནམ།,1
གཤམ་གསལ་ནས་ཅི་ཞིག་ཟླ་བའི་འཚོལ་ཞིབ་ཐད་འགྲེལ་བརྗོད་ཏག་ཏག་བྱེད་དམ།,3
དུམ་མཚམས་དེར་གཞི་བཅོལ་ན། ནད་རིགས་འདི་སྔོན་འགོག་བྱེད་ཐབས་གང་དག་ལག་བསྟར་བྱེད་རྒྱུ་ཡིན་ནམ།,3
མི་ལ་ནད་ཡམས་དེ་ཇི་ལྟར་འགོས་སམ།,1
ཚིག་སྒྲུབ་གཉིས་པ་དེ་ཉིད་ལམ་ལྷོངས་མ་བྱུང་བའི་གྲུབ་འབྲས་ཅི་ཞིག་ཡོང་གི་རེད་དམ།,4
དུམ་མཚམས་དེ་ལྟར་ན། ཚིག་སྒྲུབ་གཉིས་པ་དེ་ཉིད་ག་དུས་བསུབ་པ་རེད་དམ།,2
སུ་ཞིག་ལ་ “Panama ཤོག་བུ་” ཕྱིར་ཤོར་བྱས་ཡོད་དམ།,1
དུམ་མཚམས་དེ་ལྟར་ན། དབྱིན་ཇིའི་གསར་འགྱུར་ལས་རིགས་ཀྱིས་སྔོན་ཆད་རྒྱུ་ནོར་སྦས་སྐུང་བྱེད་པའི་ཚོང་ཚོགས་མང་པོ་ཞིག་ལ་དོ་དམ་བྱེད་བཞིན་ཡོད།,3
གཤམ་གསལ་ནས་གནམ་གྲུ་བརྡབ་སྐྱོན་གང་ཞིག་ཆེས་ཚབས་ཆེ་ཤོས་ཡིན་ནམ།,1
གཤམ་གསལ་གྱི་གནད་དོན་གང་ཞིག་ཨི་རན་དུ་མཁའ་འགྲུལ་དོན་རྐྱེན་མང་པོ་འབྱུང་བའི་རྒྱུ་རྐྱེན་མིན་ནམ།,4
གཤམ་གསལ་ཅི་ཞིག་ཨི་རག་ཞིབ་འཇུག་རུ་ཁག་གིས་སྤེལ་བའི་སྙན་ཐོ་ནང་གསལ་མེད་དམ།,4
གཤམ་གསལ་ནས་ཅི་ཞིག་ཨི་རཁ་ཞིབ་འཇུག་རུ་ཁག་གི་སྙན་ཐོས་ཞུ་འབོད་བྱས་མེད་དམ།,1
ཉེན་རྟོག་པས་བརྗོད་གསལ་ལྟར་ན། སུ་ཞིག་ Provenzano ཡི་དཔུང་པ་གཡས་པ་ཡིན་ནམ།,2
དུམ་མཚམས་དེའི་ནང་དུ་གསལ་བརྗོད་བྱས་པའི་གནས་ཚུལ་ལ་གཞི་བཅོལ་ན། Falcone ཡི་ཤི་རྐྱེན་ཅི་ཞིག་ཡིན་ནམ།,4
གཤམ་གསལ་གྱི་ནང་དོན་གང་དག་ནི་ Hitoshi Saito ཡི་ཆེ་བསྟོད་ཀྱི་གྲས་ཤིག་མ་རེད་དམ།,3
Iwasaki ཡིས་གང་ནས་སྡོམ་པ་ལེན་པར་གཡོལ་ཐབས་བྱས་པ་ཡིན་ནམ།,3
སུས་ Iwasaki དྲག་རྒོལ་བྱས་སམ།,2
ནམ་ཞིག་ Alonso ཡིས་ཁོ་པའི་རླངས་འཁོར་རྒྱུགས་འགྲན་མཚམས་བཞག་གམ།,1
རྒྱུ་རྐྱེན་ཅི་ཞིག་གིས་ Schumacher ཡིས་ཁོ་པའི་འགྲན་རྒྱུགས་སྔོན་ནས་མཚམས་འཇོག་བྱེད་དགོས་པ་བྱུང་ཡོད་དམ།,1
དུམ་མཚམས་དེ་ལྟར་ན། འཛིན་བཟུང་བྱེད་མཁན་མཁན་གྱི་མདུན་སར་ཁ་ཐེགས་བྱ་རྒྱུའི་ལས་ཀ་སུའི་ཡིན་ནམ།,1
དུམ་མཚམས་དེའི་ནང་གསལ་གནས་སྐབས་ཀྱི་ཚོད་འཛིན་བཀའ་རྒྱ་ལྟར་ན། འཛིན་བཟུང་བྱེད་མཁན་ལ་ངེས་པར་དུ་ཆུ་ཚོད་ 24 ལས་རིང་བའི་བཀག་ཉར་དུས་ཚོད་ཀྱི་ཆོག་མཆན་ཅི་ཞིག་དགོས་སམ།,3
འགྲེལ་བརྗོད་གཞིར་བཟུང་བྱས་ན། འོད་བསྡུ་ཕྱིར་འཐེན་བྱས་པའི་རྒྱུ་མཚན་གང་ཡིན་ནམ།,1
རྒྱལ་འབྲེལ་སྐུ་ཚབ་རྣམས་པས་མཐའ་མར་འོད་བསྡུ་ཕྱིར་འཐེན་དགོས་མེད་དུ་བརྩིས་བའི་རྒྱུ་མཚན་གང་ཡིན་ནམ།,1
ཕ་ཊ་(FATA)ལ་ཁྲིམས་ལུགས་ཀྱི་ཞབས་ཞུ་སུས་མཁོ་སྤྲོད་བྱེད་ཀྱི་ཡོད་དམ།,3
གཤམ་དུ་ཡོད་པའི་ཕ་ཊ་(FATA)ཡི་སྲིད་དོན་གྱི་ངོ་ཚབ་སྐོར་གྱི་འགྲེལ་བརྗོད་གང་གི་བདེན་པ་མིན་ནམ།,3
ཨི་མ་སིཌྣེ་(Emma Stone)བྱ་དགའ་གང་གི་འོས་མིང་དུ་བཅུག་པ་ཡིན་ནམ།,3
གློག་བརྙན་ཆེད་དུ་བྱ་དགའ་ག་རེ་འོས་མིང་དུ་བཅུག་མེད་དམ།,4
ས་ཡོམ་རྗེས་སུ་གཤམ་དུ་ཡོད་པ་ལས་གང་གིས་མུ་མཐུད་ནས་ལས་ཀ་བྱེད་པ་ཡིན་ནམ།,1
དུམ་མཚམས་གཞིར་བཟུང་བྱས་ན། གཤམ་དུ་ཡོད་པ་དེ་དག་ལས་གང་གི་ས་ཡོམ་གྱི་རྐྱེན་པས་སྐྱོན་མེད་རྒྱུན་འཛིན་ཐུབ་ཡོད་དམ།,1
འགྲེལ་བརྗོད་གཞིར་བཟུང་བྱས་ན། ཡིག་ཆའི་ནང་གཤམ་དུ་ཡོད་པའི་གནད་དོན་གང་གི་འཚུད་མེད་དམ།,1
གཤམ་དུ་ཡོད་པ་འདི་དག་ལས་གང་གི་པེ་ལེས་ཊིཎ་(Palestine)ཡི་མཁོ་གནད་ཁག་གཅིག་མིན་ནམ།,1
རྒྱལ་ཁབ་གང་གི་ནང་ཁྲིམས་ལུག་ཐོག་གཙུག་ལག་རབ་འབྱམས་པ་བྱས་པ་རེད་དམ།,1
འགྲེལ་བརྗོད་གཞིར་བཟུང་བྱས་ན། ཨེམ་ཨེ་(Ma)འོས་བསྡུའི་རྒྱལ་ཁའི་ནང་རྒྱལ་ཁབ་ག་རེ་ཡི་རོགས་སྐྱོར་ཞུ་གཏུག་བྱས་ཡོད་དམ།,1
འགྲེལ་བརྗོད་ནང་དུ་བཀོད་པ་ལྟར་ཁེ་རོ་ལེཎ་ཝིལ་སཎ་(Carolyn Wilson)གྲོང་སྡེ་ནས་ཕྱིར་མ་ཐོན་སྔོན་ལ་སུའི་ཆེད་དུ་ལས་ཀ་བྱས་པ་ཡིན་ནམ།,1
རྒྱུག་འགྲན་པ་བཞི་ལྷག་ཡོད་པའི་ནང་ནས་ཁ་ལོ་པའི་ཕུལ་བྱུང་རྒྱལ་ཁའི་ཨང་རིམ་བཞི་པར་སུ་ཡོད་དམ།,1
འགྲེལ་བརྗོད་ནང་རྒྱུག་འགྲན་བཀོད་པ་ལྟར་ཀ་ཎི་(Kahne)ལ་ཁ་ལོ་པའི་ཕུལ་བྱུང་རྒྱལ་ཁའི་ནང་ཐོབ་གྲངས་ག་ཚོད་ཡོད་དམ།,4
འགྲེལ་བརྗོད་གཞིར་བཟུང་བྱས་ན། མི་རྣམས་ཀྱིས་གནམ་རྡོ་མར་འཛག་པ་མཐོང་ནས་ཕྱིས་སུ་དེ་དག་གི་འབྱུང་ཁུངས་གཟའ་སྐར་མིག་དམར་ཡིན་པ་ཐེངས་ག་ཚོད་ར་འཕྲོད་བྱུང་ཡོད་དམ།,3
འགྲེལ་བརྗོད་ནང་དུ་བཀོད་པ་ལྟར། འབྱུང་ཁུངས་གཟའ་སྐར་མིག་དམར་ནས་ཡིན་པའི་བྲག་རྡོ་ཁག་གི་དངོས་ཡོད་གནས་ཚུལ་གང་ཡིན་ནམ།,4
ཤུས་མེ་ཀ་(Schumacher)ག་དུས་རྒས་ཡོལ་ལོ་ཚད་ཟིན་པ་ཡིན།,3
མས་ས་(Massa)ལ་རྨས་སྐྱོན་ག་དུས་ཕོག་པ་རེད་དམ།,1
འགྲེལ་བརྗོད་གཞིར་བཟུང་བྱས་ན། གོ་རིམ་སྒྲིག་སྟངས་ཀྱི་ཨོལ་(AOL)ལ་ཇི་ལྟར་ཤུགས་རྐྱེན་བྱེད་རྒྱུ་ཡིན་ནམ།,1
གོ་རིམ་སྒྲིག་སྟངས་གསར་པའི་རྗེས་སུ་མཇུག་རྗེས་གཤམ་དུ་ཡོད་པ་དེ་དག་ལས་གང་གི་མེད་པར་ཆགས་སྲིད་དམ།,3
འཐབ་རྒོལ་ནང་འཐབ་རྒོལ་ནང་བསད་པའི་མི་ག་ཚོད་ཉེན་རྟོག་པའི་ལས་འཛིན་པ་མིན་ནམ།,2
འཐབ་རྒོལ་ནང་གི་དོགས་གཞི་ཅན་གྱི་མེ་དེ་སུས་མིང་སྨྲོས་བྱས་པ་ཡིན་ནམ།,1
ཕུལོ་རི་ཌ་(Florida)ཡི་ལུང་འདྲེན། རྒྱལ་ཁ་ཐོབ་མཁན་གྱིས་མངའ་སྡེ་ཡོངས་རྫོགས་འཁྱེར་ཟེར་བ་ལ་བརྟེན་ནས་མིཊ་རོམ་ཎི་(Mitt Romney)ལ་ལེགས་སྐྱེས་ག་རེ་ཕུལ་བ་ཡིན་ནམ།,2
དུམ་མཚམས་གཞིར་བཟུང་བྱས་ན། གི་རིན་ཇི་ལ་སྔོན་འགྲོའི་འོས་བསྡུའི་སྐབས་བརྒྱ་ཆ་ག་ཚོད་ཡོད་དམ།,2
དུམ་མཚམས་གཞིར་བཟུང་བྱས་ན། སུས་ཇུས་སྟོན་ཚོགས་ཆུང་གི་གྲུབ་འབྲས་རྒྱབ་ལ་མུ་མཐུད་ནས་རྒྱུག་མེད་དམ།,4
འགྲེལ་བརྗོད་གཞིར་བཟུང་བྱས་ན། ཇུས་སྟོན་ཚོགས་ཆུང་གི་གྲུབ་འབྲས་རྗེས་སུ་སུས་འོས་མི་གཞན་གྱི་སྐོར་ལ་སྐད་ཆ་ག་ཅང་མང་པོ་བཤད་ཡོད་དམ།,4
ཕྱི་ལོ་2015ཡི་སྔོན་ལ་ལྟད་མོ་བསྟན་སའི་ས་ཆ་གཅིག་པུ་དེ་ག་པར་ཡིན་ནམ།,1
ས་ཚིགས་ཀྱིས་ལྟད་མོ་དང་འབྲེལ་སྒྲུང་གང་འདྲའི་འགྲེལ་བཤད་བཀོད་ཡོད་དམ།,1
ཌེ་ཝིཌ་ཧེཌ་ལི་(David Headley)ཡི་ག་རེ་བསྡུ་སྐོང་བྱས་པར་བརྟེན་ནས་མཐའ་མར་དམག་མིའི་རུ་ཁག་ལ་གནོད་འཚེ་ཕོག་པ་རེད་དམ།,1
དམག་མིའི་རུ་ཁག་གི་མུམ་བཡེ་(Mumbai)ལ་འགྲིམ་འགྲུལ་བྱེད་པའི་སྐབས་སུ་སྐྱེལ་འདྲེན་ཡོ་ཆས་ག་རེ་བེད་སྤྱོད་བྱས་པ་རེད་དམ།,3
ན་ཌལ་(Nadal)དང་རེཨོ་ནིཀ་(Raonic)ཡི་བིརིས་བེཎ་(Brisbane)རྩེད་འགྲན་གྱི་འགྲུབ་འབྲས་གང་གི་འགྲེལ་བརྗོད་ནང་དུ་ཏག་ཏག་བཀོད་འདུག་གམ།,1
འགྲེལ་བརྗོད་གཞིར་བཟུང་བྱས་ན། རྕེད་ཐེངས་དང་པོའི་རྗེས་སུ་ན་ཌལ་(Nadal)དང་རེཨོ་ནིཀ་(Raonic)ཡི་བརྒྱ་ཆ་ག་ཚོད་ཡིན་ནམ།,1
ནེ་ཀེཌ་(Naked)གསར་འགྱུར་རྒྱང་བསྲིང་གསར་པ་གསུམ་ནང་སྐད་རིགས་ལས་རིམ་གང་གི་འཚུད་མེད།,4
འགྲེལ་བརྗོད་གཞིར་བཟུང་བྱས་ན། ས་ཆ་ག་པར་ནེ་ཀེཌ་(Naked)གསར་འགྱུར་རྒྱང་བསྲིང་གསར་པ་ཐོབ་མི་རུང་བ་ཡིན་ནམ།,2
རྩེད་འགྲན་པ་ག་ཚོད་ཀྱིས་ཇེནྚ་སིལེ་ལོམ་(Giant Slalom)མཇུག་སྐྱེལ་མེད།,4
གཤམ་དུ་ཡོད་པའི་འགྲེལ་བརྗོད་གང་གིས་ཕུལ་བྱུང་རྒྱལ་ཁའི་རྒྱུག་འགྲན་གྱི་གྲུབ་འབྲས་ཏག་ཏག་བསྟན་ཡོད་དམ།,1
གཤམ་དུ་ཡོད་པ་དེ་དག་ལས་གང་གི་ཨེཎ་བི་ཨེ་(NBA)ཡིས་གནས་དབྱུང་གཏོང་རྒྱུའི་ཐག་གཅོད་བྱས་པ་ཡིན་ནམ།,2
འགྲེལ་བརྗོད་གཞིར་བཟུང་བྱས་ན། ཨེཎ་བི་ཨེ་(NBA)ཡི་གཉན་སྲིན་དང་འབྲེལ་བའི་སེམས་འཁུར་ཐོག་ག་རེ་བྱུང་ཡོད་དམ།,2
ཨེཊ་ལཎ་ཊ་ཐིརེ་ཤཱརས་(Atlanta Thrashers)ཡི་ཁ་གཏད་ཀྱི་རྩེད་འགྲན་སྐབས་སུ་ཝ་ཤིང་ཊོཎ་ཀེ་པི་ཊལྶ་(Washington Capitals)ཆེད་དུ་རྒྱལ་ཁའི་གོལ་(goal)སུས་བླུགས་པ་རེད་དམ།,4
ཀེ་པི་ཊལྶ་(Capitals)དང་ཨེཊ་ལཎ་ཊ་ཐིརེ་ཤཱརས་(Atlanta Thrashers)ཡི་རྩེད་འགྲན་སྐབས་སུ་གོལ་(goal)60ཐམ་པ་དེ་སུས་བླུགས་པ་རེད་དམ།,3
བྱང་ཕྱོགས་རོཀ་(Rock)དངུལ་ཁང་ལ་གཞུང་ནས་རྒྱབ་སྐྱོར་གྱི་དགོས་མཁོ་ག་དུས་བྱུང་བ་ཡིན་ནམ།,4
འགྲེལ་བརྗོད་གཞིར་བཟུང་བྱས་ན། གཤམ་དུ་ཡོད་པའི་བརྗོད་དོན་གང་གི་ཝར་ཇིཎ་(Virgin)རུ་ཁག་དང་རོཀ་(Rock)དངུལ་ཁང་གི་ཚོང་འབྲེལ་གྱི་འགྲེལ་བཤད་ཏག་ཏག་རྒྱག་ཡོད་དམ།,1
འགྲེལ་ནང་དུ་བཀོད་པ་ལྟར། ཡོ་ཊོ་(Kyoto)ནམ་དུས་ཆིངས་ཡིག་འཇོག་པར་བརྟེན་རྒྱལ་ཁབ་སུ་ལ་ཤུགས་རྐྱེན་ཐེབས་ཡོད་དམ།,1
ཨོས་ཊོ་ལི་ཡ་ཡི་སྲིད་གཞུང་སྔ་མས་ཀེཡོཊོ་གཏན་འབེབ་ལ་བརྟེན་ནས་ག་རེ་ལ་གནོད་སྐྱོན་བྱུང་གི་རེད་སྙམ་པ་ཡིན་ནམ།,3
སྔོན་འགྲོའི་ཚོད་ལྟའི་ཆེད་དུ་མེ་མདའ་རྒྱག་མཁན་གསར་འདེམ་བྱས་པ་རྣམས་ལས་གཞི་ག་རེའི་ཆེད་དུ་ཡིན་ནམ།,4
འགྲེལ་བརྗོད་གང་གི་གནོད་འཚེ་སྟངས་འཛིན་གྱི་སྔོན་འགྲོའི་ཚོད་ལྟ་ཏག་ཏག་སྟོན་མེད་དམ།,1
དུམ་མཚམས་གཞིར་བཟུང་བྱས་ན། གས་འགྱུར་བ་རྣམས་ག་པར་རག་པ་རེད་དམ།,1
འགྲེལ་བརྗོད་གཞིར་བཟུང་བྱས་ན། ག་རེ་བསམ་པ་ལས་མགྱོགས་བ་བྱུང་བ་རེད་དམ།,4
བརྙན་རྩེད་རྩེད་བའི་སྐབས་སུ་གཡོ་འགུལ་ཐོག་གཡོ་བྱུས་བྱེད་ཆེད་རྩེད་མོ་བས་ག་རེ་བྱས་དགོས་སམ།,4
གཟུགས་མཐོང་རླུང་འཕྲིན་གྱི་སྟངས་འཛིན་མ་ལག་ལྟར་མཐོང་ཆེད་ག་རེ་བཟོ་བཀོད་བྱས་པ་རེད་དམ།,1
ཛིཎ་ཧུཨ་(Xinhua)གསར་ཁང་གི་གསར་འགྱུར་གསར་ཤོས་དེའི་ནང་ག་རེ་བཀོད་མེད་དམ།,3
ཛིཎ་ཧུཨ་(Xinhua)གསར་ཁང་གསར་པའི་གསར་འགྱུར་སྔ་ཤོས་དེའི་ནང་ག་རེ་བརྗོད་མེད་དམ།,2
ས་ར་ཌེ་ཎི་ཡས་(Sara Danius)ཡིས་རླུང་འཕྲིན་ལས་གཞིའི་སྐབས་སུ་ག་རེ་གསལ་བསྒྲགས་བྱས་པ་རེད་དམ།,3
སུ་ལ་ཐུག་ཐུབ་ཀྱི་མེད་དམ།,4
མི་སུས་“གོམ་པ་རྒྱ་ཆེ་པོ་”ཞེས་པའི་ཁས་ལེན་དམ་བཅའི་ཐོག་འགྲེལ་བརྗོད་གནང་བ་རེད་དམ།,3
ས་ལ་ཎིཡ་(Słania)ཡིས་རྒྱལ་ཁབ་འདྲ་མིན་ཆེད་ཐམ་ཀ་ག་ཚོད་བཟོ་བསྐྲུན་བྱེད་ཀྱི་ཡོད་དམ།,2
འགྲེལ་བརྗོད་གཞིར་བཟུང་བྱས་ན། ཆུ་མཛོད་ཀྱི་ཐོན་སྒོ་ནས་མུ་མཐུད་ནས་ཆུའི་ཐིགས་པ་འཛག་པའི་རྒྱུ་རྐྱེན་ག་རེ་ཡིན་སྲིད་དམ།,3
ཆུའི་གཅད་སྒོ་ག་རེ་བྱས་ནས་ཁ་ཕྱེ་ཡོད་དམ།,1
ད་ལྟ་ཁང་ཐོག་དགུ་པའི་སྟེང་གི་ཆུའི་མཐོ་ཚད་ག་ཚོད་ཡིན་ནམ།,1
ཧུརིཁན་ཀཁྲི་ནའི་(Hurricane Katrina) སྐབས་ལ་ཁང་མིག་དགུ་པའི་ནང་ག་རེ་ཐོན་པ་རེད།,3
ཧལ་མི་ཏྲོན་(Hamilton)གྱིས་གཤམ་འོག་གང་གི་ལ་ངེས་གཏན་བཟོས་མི་འདུག,3
མཚན་རིག་པའི་ཤེས་འདོད་པ་དེ་ཅི་ཞིག་ཡིན་ནམ།,4
འགྲེལ་བརྗོད་གཞིར་བཟུང་བྱས་ན། ས་གནས་ཉེ་རྟོག་པ་མཇུག་སྡུད་ལས་འཆར་ནང་ལས་གནས་ག་རེ་ཡིན་ནམ།,1
མཇུག་སྡུད་ལས་འཆར་སྐབས་སྦུག་སྒོ་ལ་ག་རེ་བྱུང་བ་རེད་དམ།,1
འགྲེལ་བརྗོད་གཞིར་བཟུང་བྱས་ན། པར་པ་དེ་ཉིད་རླངས་འཁོར་གྱིས་མ་བརྡབས་གོང་ག་རེ་བྱུང་མེད་དམ།,1
པར་པ་ཁོང་རླངས་འཁོར་གྱིས་མ་བརྡབས་གོང་ཅི་ཞིག་བྱེད་རྩིས་ཡོད་དམ།,3
ནད་འབུ་ཡོད་པའི་བརྟག་དཔྱད་གྲུབ་འབྲས་ཐོན་པའི་རྗེས་བརྗོད་པ་གང་གིས་སྲིད་འཛིན་གྱི་གནས་བབས་ལ་འགྲེལ་བཤད་ཏག་ཏག་བརྒྱབ་མེད།,3
འགྲེལ་བརྗོད་གཞིར་བཟུང་བྱས་ན། སྲིད་འཛིན་སྐོར་གྱི་གཤམ་གྱི་བརྗོད་པ་ནས་གང་གི་ངོ་མ་རེད་དམ།,3
འགྲེལ་བརྗོད་གཞིར་བཟུང་བྱས་ན། ཚ་ཁུལ་གྱི་རླུང་འཚུབ་གུ་ན་ (Gonu)ག་དུས་ཤུགས་ཆུང་རུ་འགྲོ་ཡི་ཡོད་དམ།,1
ཚ་ཁུལ་གྱི་རླུང་འཚུབ་གུ་ན་ (Tropical Cyclone Gonu) ཡི་རི་བོའི་རྩེ་ལ་རླུང་ཇི་ཙམ་མགྱོགས་པོ་ཡོད་དམ།,2
གཤམ་འོག་གང་གིི་ཀ་རན་ནིཡ་སྦི་ཝསི་ (Karenia brevis)ཡི་ཁྱད་ཆོས་རེད་མི་འདུག,4
གཤམ་འོག་དེ་དག་ནས་ཀ་རན་ནིཡ་སྦི་ཝསི་ཡིས་བྱེད་མ་ཐུབ་པ་ག་རེ་རེད།,1
འགྲེལ་བརྗོད་གཞིར་བཟུང་བྱས་ན། གཤམ་འོག་གང་གི་ཧུརིཁན་ཀཁྲི་ན (Hurricane Felicia) ཡིས་མཇུག་འབྲས་བྱས་ནས་ཐོན་མེད་པ་རེད།,1
ཧུརིཁན་ཀཁྲི་ན(Hurricane Felicia) སྐོར་གྱི་བརྗོད་པ་གང་འདི་རྫུན་མ་རེད།,1
བརྗོད་པ་གང་འདི་2009 ཧན་གར་རིན་སྒིརངཀྲི་པིརསི་ཡི་(Hungarian Grand Prix)གྲུབ་དོན་ཏག་ཏག་སྟོན།,3
བརྡབ་སྐྱོན་དེ་ཅི་འདྲ་བྱུང་བ་ཡིན་ནམ།,1
འགྲེལ་བརྗོད་གཞིར་བཟུང་བྱས་ན། གཤམ་འོག་གང་གི་ཞིབ་འཇུག་པ་དེ་དག་གིས་བསམ་པ་ལས་ལྷག་པའི་དུས་ཚོད་ཉུང་བ་སོང་ཡོད།,3
གཤམ་འོག་གང་གི་ཞིབ་འཇུག་པས་སྙན་སེང་ཞུས་མེད།,3
ཁཝོ་པ་ར་དྲི་(CowParade) ག་བར་ཡོད།,2
གཤམ་འོག་བརྗོད་པ་གང་གི་ཁཝོ་པ་ར་དྲི་ (CowParade) ངོ་སྤྲོད་ཏག་ཏག་བྱེད་འདུག,3
ཨུ་རུ་སི་རྒྱལ་ཁབ་ཀྱིས་ II-76s བེད་སྤྱོད་བྱེད་ཡོད་པ་དོགས་པ་ག་རེ་བྱེད་ནས་བྱེད་རེད།,1
II-76 ག་རེ་རེད་དམ།,3
སིམ་སོན་སི་(The Simpsons)ཡི་ཆེད་རྩོམ་འབྲི་ཚོགས་པ་སུས་གླར་བཏང་བ་རེད།,2
ཧྥུལགི་ (Fluke) གཞིར་བཞག་ན། མོ་ལ་མཆན་འདེབས་ཡག་པོ་བྲིས་པ་མཁན་དང་སྐུལ་མ་གཏོང་མཁན་སུ་རེད་འདུག,4
འགྲེལ་བརྗོད་གཞིར་བཟུང་བྱས་ན། མི་ཁ་ཤས་ཀྱིས་བུད་མེད་ཀྱི་བཤད་ན་མི་འདོད་པ་དེ་ག་རེ་རེད།,3
འགྲེལ་བརྗོད་གཞིར་བཟུང་བྱས་ན། རྒྱུ་སྐར་གྱི་ལུས་ཕུང་ནས་སྒུལ་ཤུགས་ཆེ་ཤོས་གང་གི་རེད་དམ།,1
རྒྱུགས་ཆུ་དང་མཚོ་ལས་བྱུང་བའི་དྭངས་གཙང་གི་ཆུ་རྒྱུ་སྐར་ལུས་ཕུང་ག་པར་ཡོད་དམ།,3
ཤེས་རྟོགས་དེ་དག་ནས་གང་གི་ཤོག་པའི་གསར་རྙེད་མ་རེད་དམ།,3
ཁྱུང་འབྲུག་གི་གཤོག་པ་ལ་ག་རེ་མེད་དམ།,1
གཤམ་གྱི་བརྗོད་པ་ནས་རྫ་མཔི་ (ZMapp) གང་འདི་ངོ་མ་རེད་འདུག,4
གཤམ་གྱི་བརྗོད་པ་དེ་དག་ལས་པི་ལམ་(PALM) ཚོད་ལྟ་འགྲེལ་བཤད་ཏག་ཏག་གང་གི་བརྒྱབས་འདུག,2
ཞིབ་འཇུག་པ་ཚོས་ག་དུས་འདུས་སྙིང་དེ་ཕན་ཐོགས་ཆེ་ཤོས་ཡིན་པ་ཚོར་ཡོད།,1
ཐབས་ལམ་ག་རེ་ནད་གཞི་བརྟག་དཔྱད་ཀྱི་ཡོ་ཆས་བཟོ་བའི་ཕྱིར་སྤྱོད་ཡོད་དམ།,2
འགྲེལ་བརྗོད་གཞིར་བཟུང་བྱས་ན། ལོ་སྦེ་ཏྲི་སི་ཁར་པིསི་(Lobate scarps) ཡི་སྐོར་གྱི་བརྗོད་པ་གང་གི་ངོ་མ་མ་རེད།,4
འགྲེལ་བརྗོད་གཞིར་བཟུང་བྱས་ན། ས་ཞིང་གི་རྣམ་པ་ལ་གཞི་ན་རིག་པའི་གཞུང་ལུགས་གང་འདི་ཡིས་ཟླ་བ་ལ་ས་གཤིས་རིག་པའི་བྱེད་སྒོ་ཡོད་པ་སྟོན་།,4
འགྲེལ་བརྗོད་གཞིར་བཟུང་བྱས་ན། ཉེས་འཛུགས་དེ་མ་བྱུང་གོང་དེ་ལས་མང་བ་ག་རེ་ཡོད་སྲིད་དམ།,3
འགྲེལ་བརྗོད་གཞིར་བཟུང་བྱས་ན། ཐམ་ག་རྒྱག་མཁན་ལ་ད་ལྟའི་དཀའ་ངལ་མ་ཡིན་པ་དེ་ག་རེ་རེད།,3
འཁྱག་རོམ་གྱི་ཐོག་ལ་གཞན་ཉེན་ཁ་ལས་སྲུང་བར་ག་རེས་གནོད་ཡོད།,2
བསམ་བློ་ག་རེ་ཡིས་རོ་སྦོ་ཏྲི་ཁྲིམས་མཐུན་བཟོ་བར་བཀག་འགོག་བྱེད་ཡོད།,3
བརྗོད་གཞི་གང་ཞིག་རོ་བྷརཏ་(Robert)ཡི་ཡ་རབས་སྤྱོད་བཟང་མི་ལྡན་པ་ཞིག་ཡིནཔའི་རྐྱེན་གྱི་གོ་བསྡུར་བྱེད་མི་ཐུབ་པའི་ཚོར་བ་བྱུང་འདུག་གམ།,2
འོད་ཀྱི་གདུང་མ་གཉིས་དེ་ག་པར་འདོན་གྱིས་འདུག་གམ།,1
འགྲེལ་བརྗོད་གཞིར་བཟུང་བྱེད་ན་ས་ཆ་དེིར་གནམ་བསྙེགས་ཁང་བཟང་གསར་པ་ག་དུས་རྒྱབ་ཀྱི་རེད་དམ།,4
གནས་ཚུལ་གང་ཞིག་ལ་ལྟེ་ནས་ཅེན་མོ་བདུན་རྣམས་བྲག་ཕུག་ཡིན་པ་བསམ་འཚུལ་འདོན་ཐུབ་བམ།,1
ཅེན་མོ་བདུན་རྣམས་ཀྱི་དྲོད་ཤུགས་ཀྱི་གཤིས་ཀ་དེ་ཇི་ལྟར་བརྟག་ཞིབ་བྱེད་ཀྱི་ཡོད་དམ།,1
འགྲེལ་བརྗོད་གཞིར་བཟུང་བྱེད་ན་བསྒྲགས་གཏམ་གང་ཞིག་དོགས་གཞི་ཅན་གྱི་སྐོར་ལ་བདེན་པ་མིན་ནམ།,4
འགན་འཛིན་གྱི་གནོད་འཚེ་སྐོར་ལ་གནས་ཚུལ་ག་རེ་ངེས་བརྟན་བྱེད་འདུག་གམ།,1
རུ་ཁག་གང་ཞིག་ཨེ་ལིས་པརཀ་(Ellis Park)ལ་རྩེད་འགྲན་རྩེའི་རེད་དམ།,3
སཔི་རིནག་བྷོཀས་(Springboks)ཀྱི་རྩེད་འགྲན་རྗེས་མ་དེ་ག་པར་རྩེའི་རེད་དམ།,1
གཤམ་གསལ་ནང་ནས་གང་ཞིག་བར་སྣང་ས་ཚིགས་ཀྱིས་སྒྲུབ་བྱེད་སྐབས་སུ་དཀའ་རྙོག་བྱུང་པ་རེད་དམ།,2
འགྲེལ་བརྗོད་གཞིར་བཟུང་བྱེད་ན་བར་སྣང་ས་ཚིགས་ཀྱི་བསྒྲུབ་བྱ་དེའི་དམིགས་ཡུལ་གཙོ་བོ་དེ་གང་ཡིན་ནམ།,1
གཤམ་གསལ་ནང་ནས་བསྒྲགས་གཏམ་གང་ཞིག་ཁ་མཆུ་དེའི་སྐོར་བདེན་པ་མིན་ནམ།,4
གཤམ་གསལ་ནང་ནས་བསྒྲགས་གཏམ་གང་ཞིག་ཁ་མཆུ་དེའི་སྐོར་ལ་འཁྲུལ་པ་མེད་པར་འགྲེལ་བཤད་རྒྱག་གིས་འདུག་གམ།,3
འགྲེལ་བརྗོད་གཞིར་བཟུང་བྱེད་ན་ཝི་ཌལ་(Vidal)གྱིས་ལོ་གསུམ་སྔོན་ལ་རུ་ཁག་གང་གིས་ཆེད་དུ་རྩེད་མོ་རྩེད་པ་རེད་དམ།,3
བྷར་ས་ཆེད་དུ་ཝི་ཌལ་(Vidal)གྱིས་རྩེད་མོ་འཐེང་ག་ཚོད་རྩེད་པ་རེད་དམ།,1
རྩེད་འགྲན་ནང་དུ་རུ་ཁག་གཞན་དེ་སུ་ཡིན་ནམ།,3
ཅིའི་ཕྱིར་ཇར་ཁེ་(Jarque)ཁོ་རང་མགྲོན་ཁང་དུ་སྡོད་ཡོད་དམ།,1
ག་རེ་བྱས་ནས་ཛྷ་ཀར་ཏའི་(Jakarta)ས་གཞིའི་དངོས་ཁམས་རིག་པའི་ངོ་ཚབ་ཁང་ཀྱི་ཉེན་བརྡ་གཏོང་མེད་དམ།,4
དུམ་མཚམས་གཞིར་བཟུང་བྱེད་ན་ས་ཡོམ་གྱི་རྒྱུ་རྐྱེན་གང་ཡིན་ནམ།,1
འདི་དག་ནས་གང་ཞིག་གིས་ཉི་མ་དང་སྐར་མ་གཞན་རྣམས་ཀྱིས་བྱེད་ལས་སུ་ཀུན་སློང་བྱེད་ཀྱི་ཡོད་དམ།,3
སྐར་མ་ཞིག་གི་རོས་སི་(Rossy)ཨང་ཀི་དེ་གང་འདྲ་ཐག་གཅོད་ཀྱི་ཡོད་དམ།,3
ཨོས་ཏརཨ་ལི་ཡ་(Australia)ལུང་པ་དེ་མི་སེར་རྒྱལ་ཁབ་ཆགས་པའི་ཆེད་དུ་ས་ཞིབ་བྱེད་པའི་སྐབས་སུ་མིའི་བརྒྱ་ཆ་ག་ཚོད་ཀྱིས་རྒྱབ་སྐྱོར་བྱེད་འདུག་གམ།,2
རྗུ་ལི་གྷི་ལརཌ་(Julie Gillard)གཞིར་བཟུང་བྱེད་ན་ཨོས་ཏརཨ་ལི་ཡ་(Australia)ལུང་པ་དེ་མི་སེར་རྒྱལ་ཁབ་ཞིག་ག་དུས་ཆགས་དགོས་ཀྱི་འདུག་གམ།,1
ཚོགས་པ་གང་ཞིག་ཁྲིམས་ཐོག་གི་ཞིབ་དཔྱོད་ནང་དུ་ཡོད་དམ།,2
ཀ་ལིཕ་སཏེརན་(Cliff Stern)དེ་ཚོགས་པ་གང་གིས་འགོ་འཁྲིད་ཡིན་ནམ།,1
དུམ་མཚམས་གཞིར་བཟུང་བྱེད་ན་སུད་སི་ཡུལ་གྱི་བུད་མེད་ལ་ག་རེ་བྱུང་མིན་འདུག་གམ།,1
ཀམ་པ་ནི་(Company)གང་ཞིག་ལ་2007ལོར་ཏའི་ཝན་(Taiwan)འདེགས་སྐྱོར་བྱེད་པའི་བྱ་དགའ་ཐོབ་འདུག་གམ།,3
ཨེ་སས(Asus)ཨི་ཨི་ཨི་(Eee)པི་སི་(Pc)ཞེས་པ་དེ་གང་ཡིན་ནམ།,2
སྦྲག་ཡིག་གི་ཡིག་ཆ་མ་ཚང་བ་དེ་སུ་ཞིག་གིས་ནོར་འཁྲུལ་ཡིན་ནམ།,3
འགྲེལ་བརྗོད་གཞིར་བཟུང་བྱེད་ན་ཡིག་ཆ་མ་ཚང་བའི་སྐོར་སུའི་དགོངས་སེལ་ཞུས་འདུག་གམ།,4
གྲལ་པོཏོརོ་ཡིས་ཁོང་གི་དཔུང་པའི་གནས་སྟངས་སྐོར་ལ་ག་དུས་ཞུ་འབོད་བྱེད་དགོས་འདུག་གམ།,2
ཚེར་ཐེངས་དང་པོའི་བར་སེང་རྗེས་སུ་གྲུབ་འབྲས་གང་ཡིན་ནམ།,1
དུམ་མཚམས་གཞིར་བཟུང་བྱེད་ན་མི་སུ་ཞིག་ནད་པ་ལ་མངོན་གསལ་བྱུང་འདུག་གམ།,1
དུམ་མཚམས་གཞིར་བཟུང་བྱེད་ན་སྤྱི་ཁྱབ་སྲིད་སྐྱོང་དེའི་ཋེག་ཟ་སི་མི་མང་རྣམས་ལ་གཏམ་བཤད་བྱེད་པའི་སྐབས་འགན་ལེན་གང་བྱེད་མིན་ནམ།,2
ཡུ་ཌབ་ལུ་(UW)སློབ་ཟུར་གཉིས་ཀྱིས་འཕྱ་སྨོད་ཀྱི་གསར་འགྱུར་གང་ཞིག་བཟོས་པ་རེད་དམ།,3
དུམ་མཚམས་གཞིར་བཟུང་བྱེད་ན་འདིའི་ནང་ནས་ཨོ་ནིན་གྱི་འཕྱ་སྨོད་ཀྱི་གསར་འགྱུར་ནང་དུ་གང་འཚུད་མེད་དམ།,2
འགྲེལ་བརྗོད་གཞིར་བཟུང་བྱེད་ན་སྐོར་སྲུང་བ་རྣམས་ཀྱིས་ག་རེ་ཉེན་ཟོན་བྱེད་ཀྱི་འདུག་གམ།,3
སྐོར་སྲུང་བའི་ངོ་རྒོལ་བ་རྣམས་ལ་རྒྱུ་ལམ་མ་བཀག་བའི་བྱེད་དུ་ག་དུས་ཕར་ཤིག་གསུང་འདུག་གམ།,4
སྨན་པ་ཨི་ཧུཌ་ཨུར་(Dr Ehud Ur)གྱི་ཉམས་ཞིབ་བྱེད་པའི་སྐོར་སྐད་ཆ་ག་རེ་བདེན་པ་ཡིན་ནམ།,2
འགྲེལ་བརྗོད་གཞིར་བཟུང་བྱེད་ན་སྨན་པ་ཨི་ཧུཌ་ཨུར་(Dr Ehud Ur)གང་ཞིག་གི་སྐོར་ལ་དོགས་འཆར་བྱུང་འདུག།,1
གཤམ་གསལ་ནང་ནས་བསྒྲགས་གཏམ་གང་ཞིག་གནམ་གྲུའི་(CG4684)བརྡབ་ལྷུང་སྐོར་ལ་འཁྲུལ་པ་ཡོད་པ་འགྲེལ་བཤད་རྒྱབ་ཞིན་འདུག་གམ།,2
གནམ་གྲུ་(CG4684)དེ་རྒྱུ་རྐྱེན་གང་ལ་ལྟོས་ནས་ས་ལ་བབས་པའི་རྩོལ་བྱེད་ཐུབ་མིན་འདུག་གམ།,4
གཤམ་གསལ་ནང་ནས་བསྒྲགས་གཏམ་གང་ཞིག་ཕརན་སིས་ཛེཀ་ཀོ་ཝལ་(Franciszek Kowal)གྱི་སྐོར་ལ་ཉམས་མྱོང་དེ་བདེན་པ་ཡིན་ནམ།,2
ག་རེ་བྱེད་ནས་ཚ་ཡུལ་གྱི་རླུང་དམར་ཌེ་ནི་ཡལ་(Danielle)དེའི་སྣུན་ཤུགས་ཁ་གཏད་བྱེད་པ་དེ་ལས་སླ་པོ་མིན་ནམ།,1
འགྲེལ་བརྗོད་གཞིར་བཟུང་བྱེད་ན་གཤམ་གསལ་ནང་ནས་བསྒྲགས་གཏམ་གང་ཞིག་ཚ་ཡུལ་གྱིས་རླུང་དམར་དེ་སྐོར་ལ་བདེན་པ་མིན་ནམ།,4
འགྲེལ་བརྗོད་གཞིར་བཟུང་བྱེད་ན་ན་ཚ་ཞིག་གོ་ལ་ཡོངས་ཀྱི་ནད་ཡམས་མ་ཆག་གོང་ལ་དེའི་མཉམ་དུ་ག་རེ་ཆགས་ཀྱི་ཡོད་དམ།,1
འགྲེལ་བརྗོད་གཞིར་བཟུང་བྱེད་ན་ཕུ་ཇི་ཡིན་(Fujian)ནས་ཏཱའི་ཕུན་མཚོེ་རླུང་(Typhoon)དེ་ཇི་ལྟར་ཐག་རིང་ངམ།,4
ཛྷོརཛྷ་ཌབ་ལུ་བྷུཤ་(George W Bush)ཨེ་ཤི་ཡ་ཕེབས་པའི་སྐབས་སུ་ཁོང་ལ་སུའི་དགའ་བསུ་ཞུས་པ་རེད་དམ།,3
སྲིད་འཛིན་གྱིས་ཨེ་ཤི་ཡའི་ཚོང་འབྲེལ་རྒྱ་སྐྱེད་གཏོང་བའི་སྐོར་ལ་ག་དུས་བཤད་བྱུང་ངམ།,3
འགྲེལ་བརྗོད་གཞིར་བཟུང་བྱེད་ན་གཤམ་གསལ་ནང་ནས་གང་ཞིག་དབུས་གཞུང་གི་དམིགས་ཡུལ་གཙོ་བོ་དེ་ཡིན་ནམ།,3
སྲིད་གཞུང་གིས་ག་རེ་གསལ་བསྒྲགས་གནང་བ་རེད་དམ།,3
འགྲེལ་བརྗོད་གཞིར་བཟུང་བྱེད་ན་གནས་ཚུལ་ག་རེ་ཤེས་པ་རེད།,2
ངོ་རྒོལ་དང་འབྲེལ་བའི་བསྒྲགས་གཏམ་གང་ཞིག་རྫུན་མ་ཡིན་ནམ།,1
སུ་ཞིག་གིས་སི་ཨི་པི་(CEP)སྔོན་མ་དེ་རྩ་དགོངས་ཞུས་བའི་བསམ་འཆར་འདོན་པར་རེད་དམ།,3
འགྲེལ་བརྗོད་གཞིར་བཟུང་བྱེད་ན་ན་སར་(Nassar)གྱིས་རྩལ་འགྲན་པར་དམའ་འབེབས་བྱེད་པའི་རྗེས་སུ་ཨ་རིའི་རྩལ་སྦྱོང་གིས་ག་རེ་རྒྱབ་སྐྱོར་བྱེད་ཀྱི་མིན་ནམ།,4
འགྲེལ་བརྗོད་གཞིར་བཟུང་བྱེད་ན་ཨ་རིའི་རྩལ་སྦྱོང་དང་ཨ་རིའི་རྩེད་འགྲན་ལྷན་ཚོགས་ཀྱི་ཡར་རྒྱས་གཏོང་བའི་དམིགས་ཡུལ་གཙོ་བོ་དེ་གང་ཡིན་ནམ།,4
རྐྱེན་ངན་དེ་བྱུང་བའི་སྐབས་ས་གྲུ་གཟིངས་དེ་ག་པར་འགྲོ་ཞིན་ཡོད་དམ། ,3
བརྗོད་བྱ་དེའི་ནང་གསལ་ཁ་བྱེད་པའི་གྲུ་གཟིངས་དེའི་དངོས་བདེན་སྐད་ཆ་གང་ཞིག་དྲང་པོ་མིན་ནམ།,3
ཨ་རིའི་དཔུང་དམག་དང་འབྲེལ་བའི་གཏམ་བཤད་སུ་ཞིག་གིེས་བཤད་པ་རེད་དམ།,1
འགྲེལ་བརྗོད་གཞིར་བཟུང་བྱེད་ན་རྒྱལ་ཁབ་གང་ཞིག་གིས་བཙོན་པའི་ཉེན་སྲུང་དེ་འགན་འཁུར་ལེན་པའི་ཡིན་ཤག་བྱེད་ཡོད་དམ།,4
བརྡབ་ལྷུང་ཤོར་བས་རྒྱུ་རྐྱེན་དེའི་གང་ཞིག་ཡིན་ནམ།,2
ཆགས་བབས་གང་ཞིག་ཏུ་བརྡབ་ལྷུང་ཤོར་འདུག་གམ།,4
ལས་བྱེད་པ་རྣམས་ཀྱི་ཆུ་ལོག་བྱུང་རྗེས་རེ་བ་ག་རེ་བྱེད་པ་རེད་དམ།,1
གཤམ་གསལ་ནང་ནས་གང་ཞིག་ཆུ་རགས་བརྒྱབ་བྱེད་གཏན་འཇགས་ཀྱིས་གནོད་རྐྱེན་བྱུང་པ་རེད་དམ།,1
འགྲེལ་བརྗོད་གཞིར་བཟུང་བྱེད་ན་ཨ་རི་ལ་སུ་ཞིག་གིས་འོང་སྲིད་པའི་གནོད་འཚེའི་སྐོར་བརྡ་ལན་སྤྲད་པ་རེད་དམ།,1
གཤམ་གསལ་ནང་ནས་བསྒྲགས་གཏམ་གང་ཞིག་གི་དྲག་སྤྱོད་པའི་གནོད་འཚེ་ཡི་འཆར་གཞི་དེ་འཁྲུལ་པ་མེད་པར་འགྲེལ་བཤད་རྒྱག་གིས་འདུག་གམ།,2
གཤམ་གསལ་ནང་ནས་མི་སྣ་གང་ཞིག་ཁྲིམས་རྩོད་པ་མ་ཡིན་ནམ།,4
མིའི་སྡེ་ཚེན་གང་ཞིག་གྷི་རིགས་ཁྲིམས་མཐུན་ཚོགས་པའི་གླེང་རྙོག་གི་ནང་ཁུལ་དུ་བརྗོད་མི་འདུག་གམ།,4
རྒྱ་གར་གྱིས་འབེན་ཤིང་(Wicket)ག་ཚོད་མང་པོ་ཡི་ཤོར་རེད་དམ།,2
འགྲེལ་བརྗོད་གཞིར་བཟུང་བྱེད་ན་རྕེད་འགྲན་ནང་ནས་ཐོབ་གྲངས་མཐོ་ཤོས་དེ་གང་ཡིན་ནམ།,1
གཤམ་གསལ་ནང་ནས་གང་ཞིག་ཨེ་ཌེམ་ཁུར་ལྡན་(Adam Cuerden)གྱིའི་སུན་སྣང་བྱེད་པའི་རྒྱུ་མཚན་མ་ཡིན་ནམ།,4
དུམ་མཚམས་གཞིར་བཟུང་བྱེད་ན་ས་དམིགས་དེ་ནས་ག་རེ་བྲིས་སུབ་བྱེད་འདུག་གམ།,3
འགྲེལ་བརྗོད་གཞིར་བཟུང་བྱེད་ན་གཤམ་གསལ་ནང་ནས་གང་ཞིག་ཨ་མིར་ཁཱན་(Aamir Khan)གྱིས་རྒྱབ་སྐྱོར་བྱེད་ཀྱི་མིན་ནམ།,3
འགྲེལ་བརྗོད་གཞིར་བཟུང་བྱེད་ན་གཤམ་གསལ་ནང་ནས་གང་ཞིག་ཨ་མིར་ཁཱན་(Aamir Khan)གྱིས་སྒེར་གྱི་བསམ་ཚུལ་མི་ལྟོས་པར་རྒྱབ་,3
པི་ཊར་ལནཛ་(Peter Lenz)ཞེས་པ་མི་དེ་ག་དུས་ཚེ་ལས་འདས་པ་རེད་དམ།,1
ཛྷེ་ཝི་ཡར་ཛྷ་ཡཏ་(Xavier Zayat)ཞེས་པ་མི་སྣ་དེ་སུ་ཡིན་ནམ།,2
གནས་སྟངས་གང་ཞིག་ལ་བློ་འཚབ་སྐྱེད་པའི་གནམ་གྲུ་གཏོང་མཁན་ཞིག་གི་གནམ་གྲུ་ནང་མིའི་ལས་ཀ་བྱེད་སྟངས་ཧ་གོ་བྱེད་ཁེ་ཕན་གང་འདྲ་རགས་ཐུབ་བམ།,4
འགྲེལ་བརྗོད་གཞིར་བཟུང་བྱེད་ན་གཤམ་གསལ་ནང་ནས་གང་ཞིག་རིན་སྒོང་དོ་སྣང་ཅན་གྱི་འགྲུལ་པའི་མཐའ་མར་བྱེད་ཀྱི་ཡོད་དམ།,3
འགྲེལ་བརྗོད་གཞིར་བཟུང་བྱེད་ན་འགྲུལ་པ་རྣམས་ཀྱི་གནམ་གྲུའི་རིན་གོང་ཁེ་ཤོས་ཐོབ་པའི་ཆེད་དུ་དང་ཤོས་ག་རེ་བྱེད་དགོས་སམ།,2
གློད་བཀྲོལ་སླེན་པའི་སྐབས་སུ་རོགས་ཟླ་ཞིག་ག་དུས་དགོས་འདུག་གམ།,2
འགྲེལ་བརྗོད་གཞིར་བཟུང་བྱེད་ན་གནམ་གྲུ་ཡང་ཡང་འཕུར་མཁན་འདམ་པའི་སྐབས་སུ་གཤམ་གསལ་ནང་ནས་གང་ཞིག་གནད་ཆེ་ཤོས་ཙིས་དགོས་སམ།,3
འགྲེལ་བརྗོད་གཞིར་བཟུང་བྱེད་ན་སུའི་ཀྱི་ཡང་ཡང་འཕུར་བའི་རྣམ་གྲངས་མང་བ་འབུལ་ཐུབ།,3
འགྲེལ་བརྗོད་གཞིར་བཟུང་བྱེད་ན་གཤམ་གསལ་ནང་ནས་དབང་པོ་གང་ཞིག་ཆང་རག་མངཔོ་འཐུང་བའི་རྐྱེན་གྱི་ཉམས་ཀྱི་ཡོད་དམ།,4
འགྲེལ་བརྗོད་གཞིར་བཟུང་བྱེད་ན་དངོས་པོ་གང་ཞིག་གི་ཆང་རག་གི་གནོད་འཚེ་རྣམས་ཉུང་དུ་གཏོང་ཐུབ་བམ།,3
ཨམ་སཏར་ཌམ་(Amsterdam)ནང་དུ་ཁང་པ་རིན་ཐང་མཐོ་ཤོས་རྣམས་ག་པར་ཡོད་དམ།,1
ག་རེ་བྱེད་ནས་ཆུ་ཡུར་རྫོང་ཁོངས་མཉམ་འབྲེལ་རྒྱལ་ཚོགས་ཀྱི་སློབ་གསོ་ཚན་རིག་རིག་གནས་རྩ་འཛུགས་ཀྱི་འཛམ་གླིང་ཤུལ་བཞག་གནས་ཡུལ་ཞིག་ཆགས་པ་རེད་དམ།,1
འགྲེལ་བརྗོད་གཞིར་བཟུང་བྱེད་ན་གཤམ་གསལ་ནང་ནས་གང་ཞིག་ཕ་ནོམ་ཀརོམ་(Phnom Krom)ལ་ཕྱིན་པའི་ཟེར་ཐང་རེ་བ་ཞིག་འདུག་གམ།,2
འགྲེལ་བརྗོད་གཞིར་བཟུང་བྱེད་ན་ཕ་ནོམ་ཀརོམ་(Phnom Krom)ལ་འགྲོ་བའི་ཆེད་དུ་ག་རེ་ག་རེ་དགོས་མཁོ་འདུག་གམ།,3
འགྲེལ་བརྫོདགཞིར་བཟུང་བྱས་ན་གཤམ་གསལ་ནང་ནས་གང་ཞིག་གིས་ཡུལ་སྐོར་སྤྲོ་འཆམ་པར་ཨན་ཏར་ཏི་ཀ་(Antartica)ལ་མི་འགྲོ་འི་སྔོན་འགོག་བྱེད་ཞིན་འདུག་གམ།,4
ཡུལ་སྐོར་སྤྲོ་འཆམ་པ་ཞིག་ཨན་ཏར་ཏི་ཀར་(Antartica)ནང་དུ་རི་མཐོ་བོར་འཛེགས་བའི་དབྱིངས་ཡོད་ན་ས་ཕྱོགས་གང་དུ་འགྲོ་གི་རེད་དམ།,1
དེང་དུས་སྔོན་གྱི་བརྟག་དཔྱད་ཁང་དེའི་བསྟི་གནས་གང་དུ་ཡོད་དམ།,3
དེང་དུས་ཀྱི་ཉམས་ཞིབ་བྱེད་པའི་རྒྱང་ཤེལ་དེ་ག་པར་ཉར་ཡོད་སྲིད་ཀྱི་རེད་དམ།,4
འགྲེལ་བརྗོད་གཞིར་བཟུང་བྱས་ན་མཚོ་ཁ་ཉིན་མོར་ཞི་འཇམ་ལྡན་པའི་ས་ཆ་དྲག་ཤོས་དེ་ག་ན་ཡིན་ནམ།,2
འགྲེལ་བརྫོད་གཞིར་བཟུང་བྱས་ན་རྐྱལ་རྒྱག་པའི་གནས་སྟངས་ཉེན་སེལ་ཡག་ཤོས་བྱེས་པའི་ས་ཆ་དེ་ག་ན་ཡོད་དམ།,1
བརྗོད་བྱ་ཐོར་བུ་དེའི་ནང་འགྲེལ་བཤད་རྒྱབ་པའི་ས་ཆར་འགྲོ་བའི་སྐབས་སུ་གཤམ་གསལ་ནང་ནས་གང་ཞིག་བཙི་མཐོང་མི་རན་པ་ཞིག་རེད་འདུག་གམ།,1
འདི་རྣམས་ནས་གང་ཞིག་གིས་ལིན་གུཨ་ཕར་རནས་(Lingua Francas)སྐད་ཡིག་འགྲེལ་བཤད་རྒྱོབ་འདུག་གམ།,4
བསྒྲགས་གཏམ་གང་ཞིག་གིས་སྔོང་གྲོགས་སྐད་ཡིག་དེ་འགྲེལ་བཤད་ཞིབ་ཚགས་རྒྱབ་མིན་འདུག་གམ།,2
འགྲེལ་བརྫོད་གཞིར་བཟུང་བྱས་ན་གལ་སྲིད་འགྲུལ་མི་རྣམས་ཀྱི་གྲུ་གཟིངས་དེ་དགུན་ཁར་ཡིན་ན་འཚོལ་ཞིབ་ག་རེ་བྱེད་དགོས་སམ།,1
འགྲེལ་བརྫོད་གཞིར་བཟུང་བྱས་ན་གལ་སྲིད་འགྲུལ་མི་རྣམས་ཀྱི་གྲུ་གཟིངས་དེ་དབྱར་ཁྱ་ཡིན་ན་ཁོང་རྣམས་ག་རེ་ག་རེ་གཡོལ་ཐུབ་ཀྱི་རེད་དམ།,1
བྷར་སི་ལོ་ན་(Barcelona)ནང་དུ་ག་རེ་བྱེད་ནས་ཡང་ཡང་མིང་བྱང་དང་གསལ་བསྒྲགས་བཀོན་པའི་སྐབས་སུ་ཀ་ཏ་ལཨན་(Catalan)སྐད་ཡིག་དེ་བེད་སྤྱོད་བྱེད་ཀྱི་ཡོད་དམ།,2
གཤམ་གསལ་ནང་ནས་སྐད་ཡིག་གང་ཞིག་བྷར་སི་ལོ་ནས་(Barcelona)ས་འོག་མེ་འཁོར་ནང་འཆར་ཅན་གསལ་བསྒྲགས་གཏོང་བའི་སྐབས་བེད་སྤྱོད་བྱེད་ཀྱིས,1
འགྲེལ་བརྫོད་གཞིར་བཟུང་བྱས་ན་གཤམ་གསལ་ནང་ནས་མཐུན་རྐྱེན་གང་ཞིག་བྷ་རེཌ་དང་བྷ་རེག་ཕསཏ་(Bread and Breakfast)འགྲོན་ཁང་གི་གལ་གནད་ཆེ་ཤོས་སྤྲད་ཀྱི་མེད་དམ།,1
འགྲེལ་བརྫོད་གཞིར་བཟུང་བྱས་ན་གཤམ་གསལ་ནང་ནས་གང་ཞིག་རྒྱས་སྤྲོས་(Luxury)དང་བྷི་དང་བྷི་(B and B)དབར་འགྲན་སྡུར་གྱི་དོན་གནད་གཙོ་བོ་དེ་མིན་ནམ།,4
འགྲེལ་བརྫོད་གཞིར་བཟུང་བྱས་ན་གཤམ་གསལ་ནང་ནས་གང་ཞིག་བྷེའི་ཇིང་(Beijing)2022་ནང་དུ་འཚོག་མི་ཐུབ་པ་རེད་དམ།,2
འགྲེལ་བརྫོད་གཞིར་བཟུང་བྱས་ན་གཤམ་གསལ་ནང་ནས་གང་ཞིག་བྷེའི་ཇིང་(Beijing)2022ནང་དུ་མགྲོན་གཉེར་བྱེད་ཀྱི་ཡོད་དམ།,4
མི་སུ་ཞིག་ལ་ཨེ་བྷི་ཨན་ཨིན་ཕུ་ལུན་རྫ་(Avian Influenza)ཞེས་པ་ན་ཚ་དེ་འགོ་བའི་ཉེན་ཚབས་ཆེ་ཤོས་ཡོད་དམ།,2
འགྲེལ་བརྫོད་གཞིར་བཟུང་བྱས་ན་གཤམ་གསལ་ནང་ནས་བསྒྲགས་གཏམ་གང་ཞིག་བྱ་ཆམ་ཚད་(Bird Flu)དེ་འགྲེལ་བཤད་ཞིབ་ཚགས་རྒྱབ་ཀྱི་འདུག་གམ།,3
མཚོ་དཀར་(White Sea)དང་བྷལ་ཏིཀ་ཆུ་ཡུར་(Baltic Canal)དེ་ག་རེ་མཐུད་ཀྱི་ཡོད་དམ།,3
འགྲེལ་བརྗོད་གཞིར་བཟུང་བྱས་ན། འགྲུལ་འཁོར་གང་འདྲ་ཞིག་གི་ནང་འགྲུལ་པ་ལ་བཀག་འགོག་མི་ཡོང་ཕྱིར་ཕྱི་སྐྱོད་ལག་ཁྱེར་བསྡུ་ལེན་བྱེད་སྲིད།,2
འགྲེལ་བརྗོད་གཞིར་བཟུང་བྱས་ན། ས་མཚམས་བརྒལ་བའི་མེ་འཁོར་འགའ་ཤས་ནང་ག་དུས་ཁྱེད་ཀྱི་ངོ་སྤྲོད་ཤོག་བྱང་ལ་རྟོག་ཞིབ་བྱེད་ཀྱི་རེད།,4
སིང་ག་ཕོར་གྱི་ཚ་བ་ཆེ་ཡུལ་དུ་སྡོད་སྐབས་གཤམ་གྱི་དཀའ་ངལ་ག་རེ་འཕྲད་སྲིད་དམ།,3
ཇར་མན་(German)གྱི་བག་སན་བཟའ་རྒྱུར་སུས་གཡོལ་འདོད་བྱེད་ཀྱི་རེད།,2
རྫས་སྣ་གང་ཞིག་ཇར་མན་(German)བག་ཟན་གྱི་དུས་ཚིགས་རང་བཞིན་ཅན་གྱི་གྲུབ་ཆ་ཡིན་ནམ།,1
འགྲེལ་བརྗོད་གཞིར་བཟུང་བྱས་ན། འགྲོ་གྲོན་གཏན་འཁེལ་བཟོས་ནས་འགྲུལ་བཞུད་བྱེད་པར་གཤམ་གྱི་ལམ་སྟོན་གང་དེ་ངོ་སྤྲོད་བྱེད་ཀྱི་མིན།,1
འགྲེལ་བརྗོད་གཞིར་བཟུང་བྱས་ན། གཏན་འཁེལ་བའི་འགྲོ་གྲོན་ཧ་ཅང་ཉུང་ཉུང་ཐོག་འགྲུལ་བཞུད་བྱེད་དུས་མི་སུ་འདྲ་ཞིག་ལ་དཀའ་ངལ་འཕྲད་སྲིད།,1
གཤམ་གྱི་བརྗོད་པ་གང་གིས་ས་ཆ་ཕི་ཡེན་མ་རན་(Point Marion)ནས་ཧྤིར་མོན་(Fairmont) བར་གྱི་ལམ་ཀ་འགྲེལ་བརྗོད་ཏག་ཏག་བྱེད་མེད།,4
འགྲེལ་བརྗོད་གཞིར་བཟུང་བྱས་ན། བྷ་ཧྤ་ལི་ཕེ་ཚི་བྷིར་གྷུ(Buffalo Pittsburg)གཞུང་ལམ་སྟེང་སྐྱོད་པའི་ཁ་ལོ་བ་ཞིག་ལ་མཚོན་ན། གཤམ་ལས་གང་ཞིག་ལ་ཡིད་འཇོག་གཙོ་བོ་བྱེད་རུང་ངམ།,2
གྲོག་རོང་ནས་རྒྱུག་ཆུའི་ནང་མཆོང་བའི་ལུས་རྩལ་དེ་རྩེ་ཐུབ་པར་གཤམ་ལས་གང་ཞིག་དགོས་མཁོ་མེད།,4
གྲོག་རོང་ནས་རྒྱུག་ཆུའི་ནང་མཆོང་བའི་ལུས་རྩལ་གྱི་སྐོར་སྐྱོད་དེ་ལམ་ལྷོངས་འབྱུང་བར་གཤམ་གྱི་གང་ཞིག་དགོས་ངེས་ཅན་ཡིན།,1
འགྲེལ་བརྗོད་གཞིར་བཟུང་བྱས་ན། རང་གི་རླངས་འཁོར་ནང་སྒར་རྒྱག་འཆར་བྱེད་མཁན་ཞིག་ལ་མཚོན་ན་ག་རེ་ཕན་པོ་འབྱུང་གི་རེད།,1
འགྲེལ་བརྗོད་གཞིར་བཟུང་བྱས་ན། གལ་སྲིད་རླངས་འཁོར་ནང་སྒར་རྒྱག་མཁན་ཚོ་རེ་ཌཱར་(རླབས་སྤྱོད་མ་ལག་ཅིག) ཞིག་གི་འོག་ཏུ་སྡོད་རྩིས་ཡོད་ན། ཁོ་ཚོས་ག་རེ་ལ་གཡོལ་ཐབས་བྱེད་འདོད།,1
འགྲེལ་བརྗོད་གཞིར་བཟུང་བྱས་ན། གྲོང་ཁྱེར་ཁཱ་ས་བྷི་ལནཁ་(Casablanca)་སུས་ཐེངས་གཉིས་པར་བསྐྱར་བཟོ་བྱས་པ་རེད།,1
རང་བྱུང་གི་གནོད་འཚེ་ཕོག་རྗེས་སུས་དེང་རབས་ཀྱི་གྲོང་ཁྱེར་ཁཱ་ས་བྷི་ལནཁ་བསྐྱུར་ནས་ཕྱིན་པ་རེད།,2
འགྲེལ་བརྗོད་གཞིར་བཟུང་བྱས་ན། ཕྱི་རྒྱལ་བ་ཚོས་གྲོང་བརྡལ་སིན་ཐི་རཱ་(Sintra)ལ་ཆེ་མཐོང་ཇི་ལྟར་སྤྲད་པ་རེད།,1
ཨརམེ་ནེ་ཡ་(Armenia) ཡིས་ངོས་འཛིན་མ་བྱས་པ་དེ་གང་ཡིན།,1
ཨ་ཟིར་བྷེ་ཇན་(Azerbaijan)དང་ཨརམེ་ནེ་ཡ་(Armenia) བར་གྱི་འབྲེལ་བ་ལ་མུ་མཐུད་ཅི་ཞིག་གིས་ཤུགས་རྐྱེན་སྤྲད་པ་རེད།,4
གྲོང་ཁྱེར་ཤཱར་ལོ་ཊི་(Charlotte) ནང་གླ་འཁོར་ཞིག་གླས་པ་ཡིན་ན། ཅི་ཞིག་ལ་གླ་ཐོལ་པ་སྤྲོད་དགོས་སམ།,1
འགྲེལ་བརྗོད་གཞིར་བཟུང་བྱས་ན། གྲོང་ཁྱེར་ཤཱར་ལོ་ཊི་(Charlotte)ནང་བྱིས་པ་ཚོ་དང་མཉམ་དུ་བསྡད་ན་འགལ་རྐྱེན་ཅི་ཞིག་ཡོད་སྲིད་དམ།,2
སི་ཕན་(Spain)གྱི་ཡུལ་མི་མ་འབྱོར་གོང་། སུས་ཆེ་ལེ་(Chile) ཡི་བྱང་ཕྱོགས་དབང་སྒྱུར་བྱས་པ་རེད།,4
འགྲེལ་བརྗོད་གཞིར་བཟུང་བྱས་ན། གཤམ་ལས་གང་ཞིག་1810 ལོར་བྱུང་བ་མིན།,3
ལེ་གྷོ་རེ་ཡ་(Liguria)ཡི་ས་ཁུལ་དུ་ཐག་རིང་གི་གྲོང་གསེབ་ལ་མི་རྣམས་ཇི་ལྟར་འབྱོར་ཐུབ་བམ།,2
ཨེ་ཊི་ལེ་(Italy) ཡི་སྐད་ ‘སིན་ཁི་ཊ་རེ།’ ཞེས་པའི་གོ་དོན་གང་ཡིན།,4
འགྲེལ་བརྗོད་གཞིར་བཟུང་བྱས་ན། འདྲེད་བརྡར་ཤོར་སླ་བའི་དགུན་དུས་སུ་ལྷམ་གྱི་རིགས་གང་འདྲ་ཞིག་འཚམ་པོ་ཡོད།,1
དགུན་དུས་དུ་འཁྱགས་རོམ་ཀྱིས་ཁེངས་པའི་ལམ་ཁའི་སྟེང་བརྟན་པོར་སྡོད་ཆེད་ཕན་མི་ཐོགས་པ་གང་ཡིན།,1
གཤམ་ལས་ཧཱ་ཝེ་(Hawaii) དང་ཁཱོ་ཁི་ཨ་ལན་ཌི་(Cook Islands) གཉིས་ཀྱི་བར་ཏག་ཏག་འདྲ་བའི་ཆ་གང་ཡོད་དམ།,1
གཤམ་ལས་གང་ཞིག་གིས་ཀུཀ་མཚོ་གླིང་གི་འགྲེལ་བརྗོད་ཏག་ཏག་ཅིག་བྱེད་ཀྱི་མེད།,1
གཤམ་གྱི་གླིང་ཀ་སྲུང་མཁན་གྱི་ས་ཁུལ་གང་གིས་འགྲོན་ཁང་གི་གདམ་ཀ་མི་འདྲ་བ་རིགས་གཉིས་སྤྲོད་ཀྱི་ཡོད་དམ།,1
འགྲེལ་བརྗོད་གཞིར་བཟུང་བྱས་ན། གལ་སྲིད་ཁྱེད་ཀྱིས་བུན་བྱང་གི་ཚབ་ཏུ་དངུལ་ལོ་སྤྱོད་འདོད་ན། བཀག་འཇོག་ས་ཆའི་ཆོག་མཁྱེན་མངགས་བཅོལ་བྱེད་ཐུབ།,3
འགྲེལ་བརྗོད་གཞིར་བཟུང་བྱས་ན། རི་གཟར་མོ་ལ་གངས་ཤུད་ཀྱི་རིགས་གང་འདྲ་ཞིག་རྩེ་ཡི་རེད།,1
དུམ་མཚམས་གཞིར་བཟུང་བྱས་ན། མྱུར་ཚད་ཇེ་མགྱོགས་སུ་གཏོང་འདོད་པའི་གྲོང་གསེབ་ཀྱི་གངས་ཤུད་གཏོང་མཁན་རྣམས་ལ་གང་ཞིག་གིས་ཕན་ཐོགས་སྲིད།,4
ཡུལ་སྲོལ་གོམས་གཤིས་མི་འདྲ་བའི་ཉམས་མྱོང་གསོག་པའི་འགྲུལ་བཞུད་པ་ཞིག་ལ་མཚོན་ན་གང་ཞིག་བྱེད་པར་དཀའ་ལས་ཡོད་དམ།,4
འགྲེལ་བརྗོད་གཞིར་བཟུང་བྱས་ན། ཡུལ་སྲོལ་གོམས་གཤིས་མི་འདྲ་བའི་ཉམས་མྱོང་གསོག་པར་དམིགས་བསལ་གྱིས་འགྲུལ་བཞུད་པ་སུ་འདྲ་ཞིག་ལ་དཀའ་ལས་ཡོད་དམ།,1
བྱང་ཨ་རིའི་ཤྭ་བ་ཆེན་པོ་དང་འཕྲད་ན་མི་རྣམས་ཀྱིས་གཤམ་ལས་གང་ཞིག་ལ་གཡོལ་དགོས་སམ།,3
འགྲེལ་བརྗོད་གཞི་བཟུང་བྱས་ན། གཤམ་གྱི་བརྗོད་པ་དག་ལས་ཤྭ་བ་ཆེན་པོའི་སྐོར་བྲིས་པ་གང་ཞིག་ནོར་ཡོད་དམ།,4
འགྲེལ་བརྗོད་གཞི་བཟུང་བྱས་ན། བྱེ་ཐང་གི་འགྲུལ་བཞུད་པ་ཞིག་ལ་མཚོན་ན། གཤམ་ལས་གང་ཞིག་ཉེན་ཁ་ཆུང་ཤོས་དེ་ཡིན།,1
བྱེ་ཐང་གི་འགྲུལ་བཞུད་པ་ཞིག་ལ་མཚོན་ན། གཤམ་ལས་གང་ཞིག་ཡོང་སྲིད་པའི་ཉེན་ཁར་བརྩིས་ནས་བཤད་མེད།,4
འགྲེལ་བརྗོད་གཞི་བཟུང་བྱས་ན། མྱུལ་ཞིབ་པ་ཚོ་སླེབས་རྗེས་མིའི་སྡེ་ཚན་གང་ལ་ཤུགས་རྐྱེན་ཆེན་པོ་ཐེབས་ཡོད།,3
འགྲེལ་བརྗོད་གཞི་བཟུང་བྱས་ན། ཁཱ་རེ་བྷེ་ཡི་མི་རྣམས་ཀྱི་སྐད་གང་ཤོད་ཀྱི་ཡོད་དམ།,4
སྐད་གྲགས་ཡོད་པའི་གངས་ཤུད་དེ་སྤྲོ་གསེང་གི་བྱ་འགུལ་ཞིག་ཏུ་སྒྱུར་མཁན་སུ་རེད།,4
འགྲེལ་བརྗོད་གཞི་བཟུང་བྱས་ན། དུས་རབས་གང་ཞིག་ལ་གངས་ཤུད་དེ་ལུས་རྩལ་གྱི་ངོ་བོར་ངོས་འཛིན་ཐོབ་པ་རེད།,1
གཤམ་ལས་གང་ཞིག་ཤར་ཨ་ཧྤི་རེ་ཀ་(East Africa)ཡི་མཚོ་འགྲམ་གྱི་གླིང་ཕྲན་ཆེ་ཤོས་དང་འབྲེལ་བ་ཡོད་དམ།,1
ཤར་ཨ་ཧྤི་རེ་ཀ་(East Africa)ཡི་གླིང་ཕྲན་ཆུང་ཆུང་དེ་ཚོའི་ཁྱད་ཆོས་མིན་པ་གང་ཡིན། ,3
འགྲེལ་བརྗོད་གཞི་བཟུང་བྱས་ན། ཡི་ཤུ་བསྐྱར་གསོའི་དུས་ཆེན་དེ་དམིགས་བསལ་གྱིས་ཡི་ཤུ་ལྷ་ཁང་རྙིང་པ་ཁག་གིས་སྲུང་གཙི་ཇི་ལྟར་བྱས་སམ།,4
ཨེ་ཁའ་ཌོར་(Ecuador)རྒྱལ་ཁབ་ནང་འཛུལ་སྐབས་དགོས་ངེས་ཀྱི་ཆ་རྐྱེན་འགར་གཡོལ་ཆེད། ཁི་བྷན་(Cuban)གྱི་མི་སེར་ཞིག་ལ་དང་པོ་ངེས་པར་དུ་ག་རེ་དགོས་ཀྱི་ཡོད།,2
ཨེ་ཁའ་ཌོར་(Ecuador) གྱི་ཆེད་དངགས་མིན་པའི་འགྲུལ་བཞུད་ཀྱི་ཆ་རྐྱེན་དག་གང་ཡིན།,3
གཤམ་ལས་གང་ཞིག་ལ་རང་གི་ནང་ལས་ཕྱིའི་རྒྱལ་ཁབ་ནང་རིན་གོང་མཐོ་བ་ཡོད་སྲིད།,2
ཕྱིའི་རྒྱལ་ཁབ་ནང་སྤུས་ཀ་ལྡན་པའི་མིག་ཤེལ་གྱི་ཕྱི་སྒྲོམ་ཉོས་ན་ཉེན་ཁ་ག་རེ་ཡོང་སྲིད་དམ།,1
གླིང་ཕྲན་ཧྤོལ་ཁི་ལན་ཌི་(Falklands)ཡི་ནང་དངུལ་ལོ་བེད་སྤྱོད་གཏོང་ཕྱོགས་སྐོར་ལ། གཤམ་གྱི་བརྗོད་པ་གང་ཞིག་ཡག་དག་པ་ཡིན།,3
དུམ་མཚམས་གཞིར་བཟུང་བྱས་ན། ཨ་རི་ནས་ཕལཀ་ལེནཊ་ཡི་ནང་འགྲུལ་བཞུད་བྱེད་སྐབས། བུན་བྱང་ལས་ད་དུང་དངུལ་སྤྲོད་པའི་འགེངས་ཤོག་ཅིག་གང་དུ་དམིགས་བསལ་གྱིས་བེད་སྤྱོད་ཡོད་སྲིད་དམ།,3
ལྷ་ཁང་དུས་ཆེན་གྱི་དགའ་སྟོན་དང་འབྲེལ་བ་མེད་པའི་བྱུང་བ་དེ་གང་ཡིན་ནམ།,1
རྒྱན་བཀོད་བྱས་པའི་གླང་ཆེན་ག་པར་མཐོང་ཐུབ་བམ།,4
འགྲེལ་བརྗོད་གཞིར་བཟུང་གཤོམ་གསལ་གྱི་རིམ་པ་དང་པོའམ་ལས་དོན་གྱི་ཐོག་ལ་སྒོར་མོ་བསྲི་ཚགས་ཀྱི་ཐབས་ལམ་’འོས་ཤོས་གང་ཡིན།,2
འགྲུལ་སྐྱོད་ཀྱི་རིམ་པ་མངག་ཉོ་ངེས་གཏན་ཁེལ་བའི་སྐབས་སུ་འགྲེལ་བརྗོད་གཞིར་བཟུང་སྟེ་དུས་ཚོད་ལ་བསྲི་ཚགས་གཏོང་ཐབས་འཚོལ་ཆོག,4
ཨ་ཧྥི་རི་ཁ་(Africa)དང་མཉམ་དུ་འཛམ་གླིང་གི་གཡས་གཡོན་གང་ལ་འགྲུལ་གླའི་གོང་ཚད་ཕྱོགས་སྡོམ་རྒྱག་པའི་སྐབས་སུ་ཁ་སྣོན་དགོས་པ་གང་ཡང་མེད།,2
དུམ་མཚམས་གཞིར་བཟུང་། དྲག་འདེམ་བྱས་པའི་ཚོང་ལས་ཁྲོམ་རའི་རིན་པ་དམའ་འབེབ་ཀྱི་གང་འགོ་འཛུགས་ཞེ་ན།,1
མཐུན་རྐྱེན་སྤྲོད་སྤྲོད་མཁན་གྱི་ཚོང་ལས་ཁྲོམ་ར་འགའ་ཤས་ཀྱིས་སྟབས་བདེའི་བཟའ་བཅའ་འཚོལ་སྒྲུབ་མཁན་གྱི་མགྲོན་པོ་ཞིག་ལ་གང་འབོད་སྐུལ་བྱེད་སྲིད།,1
ཧྥ་རན་སིའི་སྐད་རྒྱག་མཁན་གྱི་སུད་སུ་བ་དང་བྷེལ་ཇེམ་བ་ཚོས་གཤམ་གསལ་ནང་ནས་གང་མ་རྟོགས་སམ།,3
སུད་སུ་ལན་ཌི(Swizerland)འམ་ཡང་བྷེལ་ཇམ་(Belgium)ནང་བཞིན་ཧྥ་རན་སིའི་(French)ནང་སྐད་མི་གཅིག་ས་གང་ཞིག་འབྱུང་གི་ཡོད།,4
གཉེན་ཉེ་ཁ་བྲལ་གྱི་འགྲུལ་སྐྱོད་ལ་གོང་ཚད་དམའ་འབེབ་མ་འདྲ་བ་གང་ཞིག་ཡོད་ཅེ་ན།,2
ཁ་འབྲལ་བའི་འགྲུལ་སྐྱོད་ཀྱི་ལམ་ཡིག་སྐོར་ལ་བདེན་པ་གང་རེད།,2
རང་སྐྱ་བའི་གནས་འཁེལ་མ་ལག་གི་འཕྲུལ་ཆས་ག་དུས་འཛམ་གླིང་གནས་འཁེལ་མ་ལག་ལས་སྟབས་བདེ་རུ་འགྱུར་གི་རེད།,3
རང་སྐྱ་བའི་འཕྲུལ་ཆས་ཤིག་ལས་ལྡོག་པའི་འཛམ་གླིང་གནས་འཁེལ་མ་ལག་ཅིག་སྤྱོད་པ་ལ་གང་ཞིག་རྒྱུ་མཚན་ཡག་པོ་མེད་པ་ཡིན་ནམ།,4
འགྲིམ་འགྲུལ་ལ་གཞིར་བཟུང་སྟེ་ ཁྱེད་རང་ཚོ་འགྲུལ་པ་མང་ཉུང་དང་འཚམས་པའི་གྲུ་གཟེངས་ཤིག་ག་འདྲ་བྱས་གཏན་ཁེལ་ཐུབ་པ།,3
རྒྱན་འཛུགས་མཁན་གྱི་མགྲོན་པོ་ཚོ་ཉར་བའི་ཐབས་ཇུས་སྤྱོད་ཀྱི་མེད་པའི་འགྲིམ་འགྲུལ་ལ་གཞིར་བཟུང་ཡོད།,2
འགྲིམ་འགྲུལ་ལ་དཔགས་པའི་སྤྱང་གྲུང་འཛོམས་པའི་རྒྱན་འཛུགས་མཁན་ཞིག་གིས་གང་ཞིག་འཛེམ་དགོས་ས།,3
འགྲིམ་འགྲུལ་ལ་དཔགས་ན་སྐད་ཆའི་ཆ་ཤས་ནི་ཚིག་སྒྲུབ་གཅིག་གི་བར་གྱི་མ་རྩ་གཅིག་རེད།,1
འགྲིམ་འགྲུལ་ལ་གཞིར་བཟུང་སྟེ་མིང་ཚིག་གཙོ་ཆེ་བའམ་ཕབ་སྒྱུར་ཆེས་དཀའ་བ་གང་དག་ཡིན་ནམ།,2
མཱ་ལེ་ཤཱའི་(Malaysia)གྲོང་གསེབ་ནང་གི་ཤོག་ཅེས་ཟེར་བའི་རྣམ་འགྱུར་གང་ཡིན།,1
རྩོམ་ཡིག་དུམ་ཚན་གཞིར་བཟུང་ཚུར་ཤོག་ཅེས་པའི་རྣམ་འགྱུར་གང་ལྟར་ཡིན།,1
དུམ་མཚམས་གཞིར་བཟུང་འཁྱགས་རོམ་སེར་ཀའི་རྒྱུ་རྐྱེན་གང་ཡིན།,3
རྩོམ་ཡིག་གཞིར་བཟུང་གངས་ཟམ་གྱི་བརྒྱུད་ནས་གང་དག་མི་མངོན་པར་འགྱུར་ཞེ་ན།,2
རྩོམ་ཡིག་འདི་གཞི་རྩ་བཟུང་སྟེ་འགྲིམ་འགྲུལ་ཚོ་ས་གནས་དེར་ལྟ་སྐོར་ལ་མ་འགྲོ་སྔོན་ཉེན་གཡོལ་འཕར་མ་གང་བྱེད་དགོས་སམ།,1
གྷོ་མཱ(Goma)འི་ནང་ཡུལ་སྐོར་བའི་ཆེད་དུ་འགྲུལ་བཞུད་ཡག་པོ་མེད་པར་འགྱུར་པ་གང་ཡིན་ནམ།,1
གྲོང་གསེབ་ནང་སྤྱི་ཟླ་བརྒྱད་པའི་ནང་ཆོག་མཆན་སྤྲོད་པའི་ཉི་མ་ག་དུས་འགོ་བཙུགས་ན་སྟབས་བདེ་བ་ཆགས་ཀྱི་རེད།,2
གྲོག་ཤུར་སྲུང་སྐྱོབས་ཆེད་དུ་སྲིད་ཇུས་ག་རེ་བཟོ་བཞིན་པ་ཡིན་ནམ།,4
གཤམ་དུ་ཡོད་པ་དེ་དག་ལས་གང་གི་འགྲེལ་བརྗོད་ནང་དུ་མགྲོན་ཁང་གི་འགྲེལ་བཤད་་བཀོད་པ་ལྟར་ཉུང་མཐར་དེ་ལྟར་རག་གི་ཡོད་དམ།,3
འགྲེལ་བརྗོད་འདིའི་ནང་གི་གནས་ཚུལ་བཀོད་པ་གཞིར་བྱས་ཏེ་མགྲོན་ཁང་གི་མགྲོན་པོ་ཚོ་ལ་འབུལ་ཚན་གཤོམ་པ་ནི་མ་མཐའི་གལ་ཆེན་བརྩི་ཚུལ་ཞིག་ཡིན་ནམ།,1
འགྲེལ་བརྗོད་གཞིར་བཟུང་སྟེ་གྷི་རན་ལན་ཌི(Greenland)་ལ་བལྟ་སྐོར་ལ་འགྲོ་མཁན་མཁན་ཚོས་གང་ལ་འཛེམ་ཟོན་དགོས་པ་ཡིན།,invalid
འགྲེལ་བརྗོད་གཞིར་བཟུང་གྲྭ་སྒྲིག་མེད་པའི་གྷ་རེན་ལན་ཌ་(Greenland)ལ་ལྟ་སྐོར་འགྲོ་མཁན་གྱི་འགྲུལ་པ་ཚོ་ལ་དཀའ་རྙོག་མང་ཤོས་གང་འདྲ་འབྱུང་གི་རེད་དམ།,invalid
གཤོམ་གསལ་དེའི་ནང་ཁྲོམ་རའི་ལྟེ་གནས་ཤིག་ལ་འགྱུར་བ་གང་གི་གཏོང་བར་བྱེད།,4
དུམ་མཚམས་གཞིར་བཟུང་བྱས་ན། གཤམ་གསལ་ནང་ནས་གང་ཞིག་ཇར་ཌིན་དེ་ལ་ཡུནིའོན་གྱི་ནང་རྙེད་ཀྱིན་མེད་དམ།,4
འགྲེལ་བརྗོད་གཞིར་བཟུང་སྟེ་གོམ་འགྲོས་ལ་འགྲོ་བའི་ཉིན་མོ་ནི་ཏག་ཏག་མིན་པར་ཆ་འཇོག་བྱེད་པ་ཡིན་ནམ།,2
འགྲེལ་བརྗོད་གཞིར་བཟུང་གོམ་བགྲོད་ལ་འགྲོ་བའི་ཉིན་གྲ་སྒྲིག་ཅུང་ཙམ་ལས་མི་དགོས་པ་ག་དུས་རེད།,1
ནོར་ཝེ(Norway)འི་ལ་ཡོད་པ་དང་ལྟོས་ཏེ་ཨག་ཌེར་(Agder)ཡང་ན་ཪོ་གྷ་ལན་ཌིའི་(Rogaland)ནང་ཡོད་པའི་ས་མཐོའི་ཐང་གཤོངས་པར་ལ་མི་འདྲ་བའི་ཁྱད་པར་གང་ཡོད།,1
འགྲེལ་བརྗོད་གཞིར་བཟུང་ནོར་ཝེ་ལ་ཐུན་མོང་མ་ཡིན་པའམ་དཔེ་མཚོན་དུ་མི་འགྱུར་བ་གང་ཡིན།,1
གངས་ཤུད་ལ་དོ་དབྱིངས་ཆེ་བའི་ཡུལ་སྐོར་བ་ཚོ་རི་བོའི་ས་ཚིགས་སུ་ག་དུས་ལྟ་སྐོར་ལ་འགྲོ་དགོས་སམ།,1
འགྲེལ་བརྗོད་གཞིར་བཟུང་ནམ་རྒྱུན་རི་བོའི་ས་ཚིགས་སུ་ཡུལ་སྐོར་བ་མང་ཤོས་ག་དུས་རེད།,3
གལ་སྲིད་ཁྱེད་རང་གིས་གྲུ་གཞོང་ཞིག་རྙེད་ཐབས་ཀྱི་རོགས་རམ་འཚོལ་བའི་རེ་བ་རྒྱག་གི་ཡིན་ན་ཁྱེད་རང་གིས་གང་བྱེད་པ་ལ་འཛེམ་ཟོན་བྱེད་དགོས་སམ།,3
གྲུ་ལ་རོགས་རམ་བྱེད་མཁན་འཚོལ་བའི་སྐབས་སུ་ཁྱེད་རང་གིས་རྒྱ་མཚོའི་ཉེ་སྐོར་ནས་གང་བྱ་དགོས་སམ།,1
གླིང་ཕྲན་ལ་གཞིས་ཆགས་པའི་ལོ་རྒྱུས་ལ་དོ་དབྱིངས་ཡོད་པའི་ཡུལ་སྐོར་བ་ཞིག་གིས་ས་གནས་གང་ལ་སྙན་ཞུ་འབུལ་དགོས་ས།,1
ཡུལ་སྐོར་བ་ཞིག་གིས་དཔེ་མི་སྲིད་པའི་ཡུལ་ལྗོངས་གདམ་ཁ་བྱེད་པ་ལ་ས་གནས་གང་ལ་སྙན་ཞུ་འབུལ་བར་བྱེད།,3
རྟ་སྒ་འགའ་ཤས་ལ་རྟ་འདུལ་མཁན་གྱི་རྐང་པ་ཡོབ་ནང་ལ་ཐོགས་པའི་ཉེན་ཚབས་ཆུང་དུ་གཏོང་ཐབས་གང་ཡོད་དམ།,2
རྟ་འདུལ་མཁན་གྱི་ཡོབ་བེད་སྤྱོད་བརྟན་པོ་བྱེད་པའི་སྐབས་སུ་ལྷམ་ཡུ་རིང་གི་ཕན་ཐོགས་སམ།,3
མགྲོན་པོ་སྣེ་ལེན་གྱིས་དྲྭ་རྒྱ་བརྗེ་ལེན་བརྒྱུད་ནས་འགྲིམ་འགྲུལ་བ་ཚོ་ལ་གང་ཞིག་དང་ལེན་བྱེད་དམ།,1
འགྲེལ་བརྗོད་འདི་གཞིར་བཟུང་དྲྭ་རྒྱ་བརྗེ་ལེན་གྱི་མགྲོན་བསུ་སྣེ་ལེན་དང་འབྲེལ་བའི་གཤོམ་གསལ་གྱི་འགྲེལ་བརྗོད་དེ་བདེན་པ་མ་ཡིན་ནམ།,3
འགྲེལ་བརྗོད་གཞིར་བཟུང་བྱས་ན། ཐུན་མོང་མཉམ་སྤྱོད་ཀྱི་མགྲོན་ཁང་ནང་མགྲོན་པོ་ཡི་རིགས་ལ་ཇི་ལྟར་ཡོད་དམ།,1
འགྲེལ་བརྗོད་གཞིར་བཟུང་མགྲོན་ཁང་ཞིག་ལ་མང་ཤོས་སུ་འདྲ་ཞིག་སྡོད་ཀྱི་རེད།,2
འགྲེལ་བརྗོད་གཞིར་བཟུང་གཤོམ་གསལ་གྱི་ཚིག་བརྗོད་ནང་འཕང་ཤིང་གཡུག་སྟངས་ལ་འགྲེལ་བརྗོད་མ་འཕྱུག་པ་གང་རེད།,1
ཇཱ་ཝཱན་ནེ་སི(Javanese)འི་ཁ་ལག་གཡོས་སྦྱོར་ནང་གཤོམ་གསལ་གང་མང་བ་སྤྱོད་ཀྱི་རེད།,3
འགྲེལ་བརྗོད་གཞིར་བཟུང་འགོས་ནད་ཅིག་ག་འདྲའི་མགྱོགས་པོ་ཁྱབ་པ་རེད།,1
འགྲེལ་བརྗོད་གཞིར་བཟུང་འགོས་ནད་ཅིག་གི་རྒྱུ་རྐྱེན་མི་ཤེས་པ་གང་རེད།,1
མི་སྒེར་གྱི་VPN་གྱི་ཚབ་ལ་དྲྭ་རྒྱའི་བརྒྱུད་ལམ་འཐེན་སྒམ་ཞིག་འདེམས་པ་ཡིན་ན་གནས་སྟངས་གང་ལའང་བཀོལ་སྤྱོད་མཁན་གྱི་འདོད་པ་འདང་ངེས་ཤིག་སྐོང་བར་འགྱུར་རམ།,3
དུམ་མཚམས་གཞིར་བཟུང་བྱས་ན། གཤམ་གྱི་བསྒྲགས་གཏམ་དག་ལས་ཝི་པི་ཨེན་དང་ལྟར་སྣང་སྒེར་གྱི་དྲྭ་བ་གང་ཞིག་བདེན་པ་མིན་ནམ།,2
མི་འགའ་ཤས་ཁ་པར་ཀུང་སིའི་བར་གནས་ས་ཁོངས་ཀྱི་ཕྱི་ལོག་ཏུ་གང་བེད་སྤྱོད་གཏོང་བའི་ཆོག་གམ།,1
འགྲེལ་བརྗོད་གཞིར་བཟུང་བྱས་ན། ཁ་པར་ངེས་ཅན་ཞིག་གི་བརྡ་འབྱོར་བ་བྱེད་པར་གང་ཞིག་སྒྲུབ་དགོས་པ་རེད་དམ།,1
གཤམ་ནས་གང་གིས་ཨེ་ཀྲ་ལིའི་(Italian)ཚིག་གི་སྒྲ་གདངས་ལྟར་འགྲེལ་བརྗོད་འཚམས་པོ་བྱེད་ཀྱི་མི་འདུག་གམ།,3
གཤམ་གསལ་ནས་ཨི་ཛི་མར་གྱི་ཁྱད་ཆོས་གང་ཞིག་དེང་རབས་ཀྱི་སྔོན་ལ་བྱུང་བ་ཡིན་ནམ།,4
གཤམ་ནས་གང་ཞིག་ལེའི་ཙི་སྨིེར་(Lzmir)ཁྱད་ཆོས་དང་འཚམས་པོ་མེད་དམ།,1
ཚིག་ཧན་སྨི་ཞེས་གང་ཞིག་ལྟ་ཞིབ་བྱེད་པར་ཁུངས་གཏུགས་དགོས་སམ།,1
སེའུ་མེ་ཏོག་བཞད་པའི་བསུ་མར་དགའ་སྤྲོའི་གླིང་ཁ་དང་པོའི་སྦྱན་བདག་སུས་བྱས་པ་རེད།,3
འགྲེལ་བརྗོད་གཞིར་བཟུང་བྱས་ན། གཤམ་ནས་གནས་ཚུལ་གང་ལ་བརྟེན་ནས་ཇེརུ་ས་ལེམ་(Jerusalem)གྱིས་ཡུལ་སྐོར་བ་ཉུང་ངུ་ལས་འགུག་མི་ཐུབ་པ་རེད།,4
གཤམ་ནས་གང་ཞིག་ཇེརུ་ས་ལེམ་(Jerusalem)དུ་གྲགས་པའི་འགྲེལ་བརྗོད་བཞིན་ཟུར་སྟོན་བྱས་མི་འདུག་གམ།,3
འགྲེལ་བརྗོད་གཞིར་བཟུང་བྱས་ན། ཡུལ་སྐོར་བ་གང་གི་གྲས་ལ་བྱེས་སྐྱེས་བྱང་བུ་ཞིག་ཉོ་བར་ཁེ་ཕན་མི་ཡོང་ངམ།,4
བསྒྲགས་གཏམ་གང་གིས་ཀ་རུའུ་སྒར་(Kruger)རྒྱལ་སྤྱིའི་སྤྱི་གླིང་ཇི་བཞིན་འགྲེལ་བརྗོད་བྱེད་ཀྱི་མི་འདུག་གམ།,2
གཤམ་ནས་གང་ཞིག་རི་འཛེགས་མཁན་རྣམས་རི་བོའི་གཟར་ངོས་བརྒྱུད་དུས་ཉེན་ཁ་ཆེ་ཤོས་བཟོ་མཁན་ཞིག་ཡིན་ནམ།,3
གཤམ་གྱི་གསལ་བསྒྲགས་གང་གིས་སྨ་ཆུ་པིག་ཆུའི་(Macgu Picchu)གྱེན་འགྲོས་འགྲེལ་བརྗོད་བྱས་པ་བཞིན་བསམ་གཞིག་འཚམས་པོ་ཞིག་ཡོང་གི་མི་འདུག་,3
འགྲེལ་བརྗོད་གཞིར་བཟུང་བྱས་ན། དེ་ཚོ་གང་ཞིག་མེའི་འཇོར་ཁན་(Majorcan)ཚོད་མའི་ཐོན་སྐྱེད་གཙོ་བོ་མ་རེད།,1
གནས་ཚུལ་འགྲེལ་བརྗོད་གཞིར་བཟུང་བྱས་ན། བསྒྲགས་གཏམ་གང་ཞིག་ཧང་གིའི་(Hangi)ཟ་མ་ནི་དངོས་གནས་མིན་ནམ།,2
གཤམ་དུ་ཡོད་པ་དེ་དག་ལས་གང་གི་ཐུན་མོང་མ་ཡིན་པའི་ས་དོང་ལྕགས་སླང་ཚ་པོ་བཟོ་ཆེད་དུ་བརྗོད་མེད་དམ།,3
གྲྭ་བ་དང་ཨ་ནེའི་ནང་ནས་ངོས་འཛིན་དམིགས་བསལ་ཐོབ་པའི་འབྲས་བུ་ཡོང་གི་རེད་དམ།,4
གཤམ་ནས་གོས་གང་ཞིག་དགོན་པ་ནས་གཡར་རྒྱུ་མེད་པ་འདྲ་བོ་བྱས་སོང། ,1
ག་དུས་ཡུལ་སྐོར་བ་རྣམས་ལྷོ་སྣེའི་མཐའ་འཁོར་ལྟ་སྐོར་སྐབས་སྐར་མ་མཐོང་རྒྱུའི་གོ་སྐབས་ཡག་ཤོས་ཡོང་སྲིད་དམ།,3
དུས་ནམ་ཞིག་ལ་འཁོར་སྐར་གྱི་ཁ པར་གྱིས་ལག་ཁྱེར་ཁ་པར་གྱི་ཚབ་བྱེད་མི་ཐུབ་བམ།,2
དུས་ནམ་ཞིག་ལ་ཁོར་སྐར་གྱི་ཁ་པར་ལག་ཁྱེར་ཁ་པར་དང་གདམས་ག་ཡོང་སྲིད་དམ།,4
གཤམ་དུ་ཡོད་པའི་བརྗོད་གཞི་གང་གི་ཐོག་རྩོད་རྙོག་བྱུང་བར་བརྟེན་ཊ་རནྶ་ནིས་ཊིེིརིཨ་(Transnistria)ཡི་མི་སེར་རྒྱལ་ཁབ་གསར་སྐྲུན་བྱུང་བ་ཡིན་ནམ།,2
གཤམ་ནས་གང་ཞིག་ཁྲུ་རན་སེ་ཏྲི་རི་ཡ་(Transnistria)སྤྱི་མཐུན་རྒྱལ་ཁབ་དེ་མོལ་སྒྲོ་ཝ་ཡོངས་ལས་མི་འདྲ་བ་ཆགས་ཀྱི་ཡོད་དམ།  ,3
འགྲེལ་བརྗོད་གཞིར་བཟུང་བྱས་ན། གལ་སྲིད་ཁོ་ཚོས་རླུང་འཚུབ་ཀྱི་གནས་སྟངས་ལས་གཡོལ་ཐུབ་ཕྱིར་ཡུལ་སྐོར་བ་རྣམས་མོན་ཀྲི་ཝི་སྒྲོའོ་(Montevidoe)l ལ་ག་དུས་འགྲིམ་འགྲུལ་བྱེད་དགོས་སམ།,1
འགྲེལ་བརྗོད་གཞིར་བཟུང་བྱས་ན། གལ་སྲིད་ཁོ་ཚོ་གནམ་གཤིས་གྲང་བར་དགའ་ཞེན་ཡོད་ན་ཡུལ་སྐོར་བ་རྣམས་མོན་ཀྲི་ཝི་སྒྲོའོ་(Montevidoe)l ལ་ག་དུས་འགྲིམ་འགྲུལ་བྱེད་དགོས་སམ།,4
འགྲེལ་བརྗོད་གཞིར་བཟུང་བྱས་ན། གཤམ་ནས་གང་ཞིག་གཏོར་བཅོམ་རིང་ལུགས་གི་རྒྱབ་བརྒལ་དུ་རྡོ་བརྐོས་སྒྱུ་རྩལ་བཟོ་སྐྲུན་གྱི་བཟུང་སྦྲེལ་བྱེད་སྲིད་དམ།,1
རོལ་མོའི་དུས་ཆེན་གྱི་གནས་སྟངས་གང་གིས་་ཞབས་ཞུ་བ་ཁ་ཤས་ཉམས་མྱོང་ཁྲོད་ཀྱི་འགག་རྩའི་ཆ་ཤས་ཤིག་ཏུ་བརྩི་ཡི་ཡོད་དམ།,4
འགྲེལ་བརྗོད་གཞིར་བཟུང་བྱས་ན། གལ་སྲིད་ཁོ་ཚོ་སྒར་ས་རོལ་དབྱངས་དང་ཉེ་སར་དགོས་ན་དུས་ཆེན་ཞབས་ཞུ་བ་ཞིག་གིས་དམིགས་སུ་བཀར་ནས་གང་བྱེད་དགོས་སམ།,4
དུམ་མཚམས་གཞིར་བཟུང་བྱས་ན། མེག་སི་ཁོ་གསར་མ་བྱང་ཕྱོགས་ཀྱི་ནང་མཚན་མོའི་འཚོ་བར་དོན་གཉེར་བྱེད་སྐབས་ཡུལ་སྐོར་བ་གང་དུ་ངེས་པར་གཡོལ་དགོས་སམ།,1
འགྲེལ་བརྗོད་གཞིར་བཟུང་བྱས་ན། མེག་སི་ཁོ་(Mexico)གསར་མ་ལྷོ་མའི་ནང་ལྟ་སྐོར་བ་ཚོས་སྐད་གྲགས་ཆེ་བའི་རོལ་རྩེད་གང་ནས་བརྙེད་ཐབས་བྱེད་དམ།,1
སྔོན་རྩིས་ཀྱི་འདུ་ཤེས་ལྡན་པའི་ཡུལ་སྐོར་བས་བཏུང་ཡ་གང་ཞིག་ལས་གཡོལ་སྲིད་དམ།,3
དུམ་མཚམས་ནང་འགྲེལ་བརྗོད་བྱས་པའི་རྒྱ་ཁྱབ་གཞིར་བཟུང་བྱས་ན། གཤམ་དུ་མངགས་པའི་འཐུང་ཡ་གང་ཞིག་ཞབས་ཞུ་བས་མགོ་ཐོམ་སྲིད་དམ།,1
དུས་རབས་གསུམ་གྱི་རིང་ལ་མི་སེར་སྤེལ་ཡུལ་གྱི་དུས་དེ་སྡེ་ཚན་གང་གིས་འགོ་བཙུགས་པ་རེད་དམ།,4
འགྲེལ་བརྗོད་གཞིར་བཟུང་བྱས་ན། ཆོས་ཁང་གི་མི་ཞིག་གིས་ཁྱོད་ལ་དྲོད་སྐྱིད་སྦྱན་པའི་ཐབས་ལམ་ཡག་ཤོས་དེ་ཅི་ཡིན་ནམ།,3
དུམ་མཚམས་གཞིར་བཟུང་བྱས་ན། གཤམ་ནས་གང་ཞིག་ཕ་རི་སིའི་་མིའི་གཏན་འཁེལ་རང་བཞིན་ལྡན་པའི་ཚད་ལྡན་དུ་བརྩི་ཆོག་གམ།,1
ཁེ་ཕུའུ་གྲོང་རྡལ་གྱི་ས་འོག་་ལྕགས་ལམ་རིམ་པ་དང་པོའི་ཁེ་ཕན་ཅི་ཞིག་ཡིན་ནམ།,3
འགྲེལ་བརྗོད་གཞིར་བཟུང་བྱས་ན། ཁེ་ཧྥུ་གྲོང་རྡལ་གྱི་རི་ལིའི་ཁ་ལོ་བ་ཚང་མར་གང་ཡོད་དམ།,4
གཤམ་ནས་གང་ཞིག་གིས་སྲོག་ཆགས་ཀྱི་གནོད་འབུ་དང་མི་འདྲ་ཡོད་དམ།,4
སྔོན་སྤྲོད་བྱས་པའི་ཁ་པར་བྱང་བུ་གང་ནས་ཉོ་ཐུབ་བམ།,4
བྱང་བུ་ཁ་ཤས་འདོན་སྤྲོད་བྱས་པས་ཁ་པར་བཏང་བའི་རིན་གོང་ཇི་ལྟར་ཡག་པོ་ཆགས་སམ།,2
འགྲེལ་བརྗོད་གཞིར་བཟུང་བྱས་ན། གཤམ་ནས་ཤིང་སྡོང་གང་ཞིག་པི་ལིཏྲི་ཝའེ་སེ་(Plitvice)རྒྱལ་སྤྱིའི་སྤྱི་གླིང་གི་མཚེའི་ནང་མཐོང་རྒྱུ་ཉུང་ཤོས་རེད་དམ།,1
གཤམ་གྱི་སྲོག་ཆགས་དཀོན་རིགས་གང་ཞིག་པི་ལིཏྲི་ཝའེ་སེ་རྒྱལ་སྤྱིའི་སྤྱི་གླིང་མཚེའུ་ནས་བརྙེད་ཐུབ་བམ།,4
འགྲེལ་བརྗོད་གཞིར་བཟུང་བྱས་ན། ས་ཁོངས་རྟགས་ཀྱིས་དོན་དངོས་ཅི་ཞིག་རོགས་པ་བྱེད་དམ།,2
འགྲེལ་བརྗོད་གཞིར་བཟུང་བྱས་ན། གཤམ་ནས་གང་ཞིག་གསར་འགྱུར་ཚོང་ཁང་གི་ས་ཁོངས་སྐོར་གྱིས་བརྟན་པོ་བཟོས་པའི་རྫུན་གཏམ་ཞིག་ཡིན་ནམ།,1
ཁྱེད་རང་གི་ནང་ལ་འབྱོར་དུས་བརྒྱུད་རིམ་གང་ཞིག་ཧ་ཅང་གི་སྟབས་བདེ་ཡིན་ནམ།,1
གཤམ་ནས་གང་ཞིག་ཁྱེད་རང་གིས་ངེས་པར་དུ་ཁྱེད་རང་རྒྱལ་ཁོངས་སུ་མ་འབྱོར་སྔོན་ལ་ཤེས་དགོས་སམ།,2
འགྲེལ་བརྗོད་གཞིར་བཟུང་བྱས་ན། གང་འབེལ་དྲག་པའི་རྐྱེན་གྱིས་རི་འཛེགས་མཁན་རྣམས་ཁོའོ་ཆ་མོ་(Cochamo)ལུང་གཞོང་ནང་རྒྱན་ཆད་མེད་པར་ལམ་ཁ་གསར་པ་གསར་གཏོད་བྱེད་དགོས་སམ།,1
འགྲེལ་བརྗོད་ནང་སྤྲད་པའི་གནས་ཚུལ་གཞིར་བཟུང་བྱས་ན། སུ་ཞིག་གིས་ལྷོ་ཕྱོགས་ཕྱེད་གོ་ལའི་བགྲོད་ལམ་མང་ཆེ་བ་བཀབ་ཡོད་དམ།,4
ལྷོ་ཕྱོགས་ཕྱེད་གོ་ལའི་ནང་གི་རྒྱ་མཚོའི་འཕྲེད་བཅད་གང་གིས་མཁའ་ལམ་ཕྱོགས་སྒྲིལ་ཉུང་ཤོས་བཀབ་ཀྱི་ཡོད་དམ།,3
ཡུལ་སྐོར་སྤྲོ་འཆམ་གྱི་ཚོགས་པ་གང་གི་རྒྱལ་སྤྱིའི་རྒྱུགས་ཤར་ཡུལ་སྐོར་སྤྲོ་འཆམ་ཆགས་ཡོད།,4
འགྲེལ་བརྗོད་གཞི་བཟུང་བྱས་ན། འགྲོ རྒྱུགས་ཤར་ཡུལ་སྐོར་སྤྲོ་འཆམ་གྱིས་མཐོང་ཆའི་རྒྱུགས་ཤར་ཚོགས་པ་མ་འདྲ་བ་ག་ཚོད་ལ་འབྲེལ་བ་བྱེད་པར་རོགས་བྱེད་ཡོད།,2
གལ་ཏེ་ཡུལ་སྐོར་སྤྲོ་འཆམ་པ་དེ་ཚོས་གཟིག་ཞིག་གསལ་པོ་མཐོང་འདོད་ཡོད་ན་ག་རེ་བྱེད་དགོས་སམ།,3
དུམ་མཚམས་གཞིར་བཟུང་བྱས་ན། མོ་ཊ་ནང་སྤྲོ་གསེང་ཕྱིན་དུས་ལྟ་སྐོར་བ་སེམས་ཅན་གང་ཞིག་དང་འཕྲད་སྲིད་པ་རེད།,1
འགྲེལ་བརྗོད་གཞི་བཟུང་བྱས་ན། ཡུལ་སྐོར་སྤྲོ་འཆམ་གྱི་གོང་ཚད་ཆུང་དུ་གང་འདྲས་གཏོང་ཐུབ་བམ།,1
འགྲེལ་བརྗོད་གཞི་བཟུང་བྱས་ན། ཡུལ་སྐོར་སྤྲོ་འཆམ་ཡག་ཤོས་ཀྱི་ཚད་གཞིི་སུ་ལ་ཐོབ་སྲིད་པ་རེད།,3
འགྲེལ་བརྗོད་གཞི་བཟུང་བྱས་ན། སན་ཧྥ་རན་སིསི་ཁོ་(San Franciso)རྒྱལ་སྤྱིའི་ངོས་འཛིན་ཐོབ་པའི་རོགས་སྐྱོར་གང་བྱེད་ཡོད་དམ།,3
འགྲེལ་བརྗོད་གཞི་བཟུང་བྱས་ན། འོག་གི་སན་ཧྥ་རན་སིསི་ཁོ་(San Francisco)དང་འབྲེལ་བའི་བསྒྲགས་གཏམ་གང་གི་དོན་དངོས་རེད་མི་འདུག,2
དུམ་མཚམས་གཞིར་བཟུང་བྱས་ན། ཡུལ་སྐོར་སྤྲོ་འཆམ་པ་གང་འདྲ་ཞིག་ལ་འགྲིམ་འགྲུལ་ངོ་ཚབ་ཁང་གི་ཞབས་ཞུས་ཕན་མི་ཐོགས་སྲིད་པ་རེད།,3
གཤམ་འོག་གང་དག་ནི་འགྲིམ་འགྲུལ་ངོ་ཚབ་ཁང་ནས་མངགས་ཉོ་བྱེད་པའི་དགེ་མཚན་བཀོད་མི་འདུག,2
དུམ་མཚམས་གཞིར་བཟུང་བྱས་ན། ཐད་ཀར་ཡིག་བསྒྱུར་ལག་ཆ་དེ་དག་གིས་མ་ཐུབ་པ་ག་རེ་ཡོད།,4
དྲ་མེད་དུས་ག་རེས་ཡི་གེ་བསྒྱུར་ཐུབ་པ་བྱེད།,1
གཤམ་འོག་དེ་དག་ལས་གང་གི་གངས་རུད་རྒྱག་པར་རྐྱེན་བྱེད་ཀྱི་མི་འདུག,2
འགྲེལ་བརྗོད་གཞི་བཟུང་བྱས་ན། གཤམ་འོག་གི་གང་དག་གངས་རུད་བཞིན་བཞུད་ཀྱི་ཡོད།,3
འགྲེལ་བརྗོད་གཞི་བཟུང་བྱས་ན། ཀ་རི་ཟས་རྫས་ག་རེ་དང་གཞི་བཞག་ཡོད།,2
ས་ཁུལ་ཁ་ཤས་ལ་བེ་ཏའི་འོ་མ་ཀ་རི་བཟོ་བའི་ཟས་རྫས་ཀྱི་ཚབ་ཏུ་སྤྱོད་ཀྱི་ཡོད་དམ།,3
ཁྲན་ཟན་ཁྲར་ཀྲིག་རི་བོ་(Transantarctic Mountains) ལ་འགྱུར་བ་ཞིག་གཏང་བར་མཐོ་སྒང་ལ་ག་རེ་བྱེད་ནས་འགྲོ་དགོས་རེད།,2
ལྷོ་ཕྱོགས་ནས་འགྲུལ་བཞུད་བྱེད་པར་དར་ཆའི་ཐོག་ག་རེ་བཀོད་ཡོད་དམ།,3
ཡུལ་སྐོར་སྤྲོ་འཆམ་པ་དག་ཨ་ཧྥི་རི་ཁའི་ལྷོ་ཕྱོགས་ལ་མྱུལ་དུས་དོ་སྣང་བྱེད་དགོས་ཤིང་བརྗོད་པའི་ནང་ག་རེ་བཀོད་མི་འདུག,1
འགྲེལ་བརྗོད་གཞི་བཟུང་བྱས་ན། ཡུལ་སྐོར་བ་དེ་དག་ལྷོ་ཨ་ཧྥི་རི་ཁར་མོ་ཊ་བརྒྱུད་ནས་མྱུལ་རྒྱུ་ཡིན་ན། ཁོ་ཚོར་ག་རེ་བསླབ་བྱ་ངན་པ་ཆགས་རྒྱུ་རེད།,1
གཤམ་གྱི་བརྗོད་པའི་ནང་རང་ཉིད་ཀྱི་ཁུག་པ་སྣང་མེད་བཞག་རྒྱུ་ཉེན་ཁ་ཡོད་པ་ག་པར་གསལ་མི་འདུག,2
དུག་རྫས་དང་འབྲེལ་བ་བརྗོད་པ་དེའི་ནང་ག་རེ་གསལ་མི་འདུག,2
ཕ་ཡུལ་ལ་གུང་གསེང་སྡོད་དུས་ནང་ལ་བཟོ་བའི་གཏུང་བྱ་ག་རེ་བཀོད་མི་འདུག,1
གལ་ཏེ་ཁྱེད་རང་གི་རྒྱལ་ས་འཐུང་བའི་རིག་གནས་ཡོད་ན་ཁྱེད་རང་ཕ་ཡུལ་ལ་གུང་གསེང་ཕྱིན་དུས་གཤམ་གྱི་ས་ཆ་ག་པར་འགྲོ་དགོས་འདུག,3
ཕུན་རོན་གྱི་རྡོ་བརྐོ་ཡོད་སའི་ས་ཆ་ག་པར་ཡོད།,2
མཐོང་མཆན་གང་འདྲ་ཞིག་ལ་དཔལ་འབྱོར་འདང་ངེས་ཡོད་པའི་རྒྱབ་གཉེར་དཔང་རྟགས་སྤྲད་དགོས་སམ།,4
སུ་ལ་ཕྱིར་རྒྱང་བྱེད་ཡོད་པའི་མཐོང་མཆན་དགོས་སྲིད་པ་རེད་དམ།,3
ཁྱེད་རང་དུག་སྤྲང་ལ་དམིགས་བསལ་ག་དུས་གཟབ་དགོས་སམ།,3
འགྲེལ་བརྗོད་གཞི་བཟུང་བྱས་ན། ཆར་ནགས་ནང་མོ་ཊ་གཏོང་ནས་འགྲོ་དུས་དུག་སྦྲང་གིས་སོ་མ་བརྒྱབ་པའི་ཆེད་ག་རེ་བྱེད་དགོས་སམ།,1
དུམ་མཚམས་གཞིར་བཟུང་བྱས་ན། སྲན་དར་སྦནསི་སྐོར་གྱི་བརྗོད་པའི་ནང་ག་རེ་འགྲིག་མི་འདུག,3
དེ་ནས་ཤིང་ནགས་དེའི་ཕྱོགས་ག་པར་རྒྱ་གར་གྱི་ས་མཚམས་ལ་ཡོད།,1
འགྲེལ་བརྗོད་གཞིར་བཟུང་བྱས་ན། སུ་ལ་དབྱིན་ཇི་གནས་ཚད་ཏག་ཏག་ཡོད་སྲིད་དམ།,2
འགྲེལ་བརྗོད་གཞིར་བཟུང་བྱས་ན། སྒྲ་གདངས་བཏོན་པར་ག་རེ་ཁག་པོ་ཡོད།,3
འགྲེལ་བརྗོད་གཞིར་བཟུང་བྱས་ན། རྫོང་གི་བབས་ཚིགས་(inter-district station)ནས་སྤྱི་སྤྱོད་རླངས་འཁོར་ནང་འགྲོ་བར་སི་ནེ་རི་ཡོ་(scenario)ག་རེ་ཡག་པོ་ཡོད།,2
རྫོང་གི་སྤྱི་སྤྱོད་རླངས་འཁོར་བབས་ཚིགས་(inter-district bus station)ནས་ཤར་ཕྱོགས་ལ་འགྲུལ་བཞུད་བྱེད་པ་ཡིན་ན་འགྲིམ་འགྲུལ་ཡག་པོ་ཆགས་སམ།,2
གཤམ་དེ་དག་ལས་ཏིམ་བུག་ཀྲུ་(Timbuktu)ཡི་འགྲེལ་བ་ཏག་ཏག་མིན་པ་དེ་གང་རེད་འདུག,1
ཏིམ་བུག་ཀྲི་སྐོར་གཤམ་ལ་བྲིས་པ་གང་འདི་ངོ་མ་རེད་འདུག,1
དབྱར་ཁའི་ཨོ་ལེམ་པིཀ་རྩེད་འགྲན་རྩ་བའི་དུས་ཚོད་རེའུ་མིག་ག་དུས་བཟོས་ཡོད། ,3
འགྲེལ་བརྗོད་གཞིར་བཟུང་བྱས་ན། ཚད་གཞི་གང་འདྲ་ཞིག་ལ་དཀར་ཁུང་རླུང་འཚུབ་ཏུ་འགྱུར་གྱི་ཡོད་དམ།,3
གཤམ་གྱི་ཁྱད་ཆོས་དེ་དག་ལས་གང་གི་རླུང་འཚུབ་དྲག་པོའི་ཁྱད་ཆོས་ཚད་ལྡན་རེད་འདུག,1
འགྲེལ་བརྗོད་གཞིར་བཟུང་བྱས་ན། ཡུལ་སྐོར་ཞིག་གི་རང་ཉིད་སྤྲོ་འཆམ་འགྲོའི་རྒྱལ་ས་དེའི་ཆབ་སྲིད་ཀྱི་གནས་སྟངས་སྐོར་ག་བ་ནས་རྒྱུན་ལོན་བྱེད་དགོས་སམ།,3
ཡུལ་སྐོར་ལམ་སྟོན་གྱི་བྱེད་སྒོའི་ནང་ཕྱི་རྒྱལ་བ་ཞིག་ལ་ཉམས་མྱོང་མི་ཐུབ་པ་ཞིག་ག་རེ་བྱུང་སྲིད་པ་རེད་དམ།,1
འགྲེལ་བརྗོད་གཞིར་བཟུང་བྱས་ན། འགྲུལ་བཞུད་གང་འདྲ་རིགས་ལ་འགྲིམ་འགྲུལ་ངོ་ཚབ་ཀྱི་འཛིན་ཤོག་མངགས་ཉོ་བྱེད་པར་རོགས་རམ་མི་དགོས་སྲིད།,1
འགྲེལ་བརྗོད་གཞིར་བཟུང་བྱས་ན། ས་ཆ་གང་འདྲ་ཞིག་ལ་འགྲིམ་འགྲུལ་ངོ་ཚབ་ཀྱི་ཕན་ཐོགས་ཆེ་ཤོས་བྱུང་སྲིད་པ་རེད།,3
འགྲེལ་བརྗོད་གཞིར་བཟུང་བྱས་ན། ཡུལ་སྐོར་ཞིག་ས་ཆ་གསར་པར་ཕྱིན་དུས་བློ་ཕམ་བྱུང་མི་དགོས་པར་ག་རེའི་ཕན་སྲིད་དམ།,1
འགྲེལ་བརྗོད་གཞིར་བཟུང་བྱས་ན། ཕྱིའི་རྒྱལ་ཁབ་ལ་འགྲུལ་བཞུད་ཕྱིན་དུས་བློ་ཕམ་དགོས་པའི་ཉམས་མྱོང་གང་འདྲ་རིགས་མྱོང་སྲིད་དམ།,3
ཡར་ཐོན་རྒྱལ་ཁབ་ཞིག་ལ་ཐེངས་དང་པོ་འགྲོ་མཁན་ཡིན་ན་གཤམ་གསལ་དེ་དག་ལས་ག་རེ་མ་བྱེད་ན་བཟང་།,1
གཤམ་འོག་དེ་དག་ལས་གང་འདི་ཁྱེད་རང་ཡར་རྒྱས་འགྲོ་བཞིན་པའི་རྒྱལ་ཁབ་ཞིག་ལ་གོམས་དུས་རྒྱུ་ངོམས་བྱེད་པ་ཡིན་པ་བཤད་མི་འདུག,3
གན་རྒྱའི་བདག་པོ་ཞིག་ལ་ཁོང་རང་ཚོའི་གན་རྒྱའི་དོན་དམ་དཔར་བཤུས་དགོས་ཀྱང་། དྲ་རྒྱ་མཐུན་རྐྱེན་མེད་པ་དེ་ནི་གཤམ་འོག་གི་འདམ་ཀ་དེ་དག་ལས་ཡག་ཤོས་གང་འདི་རེད་འདུག,1
འགྲེལ་བརྗོད་གཞིར་བཟུང་བྱས་ན། གཤམ་འོག་དེ་དག་ལས་གང་གི་གན་རྒྱར་སྟོན་མི་དགོས་སམ།,3
འགྲེལ་བརྗོད་གཞིེར་བཟུང་བྱས་ན། གློག་བརྙན་གྱི་མི་མཐུན་པའི་བཟོ་དབྱིབས་མང་ཤོས་ག་རེ་བེད་སྤྱོད་བྱེད་ཡོད་དམ།,4
གཤམ་གྱི་གློག་བརྙན་བཟོ་སྟངས་གང་གི་ DSLR འདྲ་བའི་གྲོས་ཆོད་བཏོན་གྱི་འདུག,1
འགྲེལ་བརྗོད་གཞིར་བཟུང་བྱས་ན། འགྲུལ་བཞུད་ཀྱི་ཚོང་ལས་རྩོམ་ཡིག་འགོ་བཙུགས་པར་དེ་དག་ལས་གང་གི་གོམ་སྟབས་མཐའ་མ་ཡིན་ས་རེད།,3
འགྲུལ་བཞུད་ཚོང་ལས་རྩོམ་ཡིག་འབྲི་འགོ་བཙུགས་དུས། འོག་གི་ཁྱད་ཆོས་གང་གི་དང་ཤོས་བཟོ་བཅོས་བྱེད་སྲིད་དམ།,1
གཟུགས་པོ་ནང་ལོག་གི་དཀའ་ངལ་དག་གནམ་གཤིས་གང་འདྲའི་རིགས་ལ་ཡོང་གི་ཡོད།,1
འགྲེལ་བརྗོད་གཞིར་བཟུང་བྱས་ན། རྒྱུན་གཏན་ཕྲུ་གུ་སྐྱུར་འཇོག་གི་ལུས་ཟུངས་ནུས་པ་ག་པར་གནོད་སྐྱོན་འབྱུང་ངམ།,2
ཤ་གན་ས་མཚམས་(Schegen zone)ལ་འགྲུལ་བཞུད་བྱེད་པར་གཤམ་འོག་གང་གི་ཁེ་ཕན་ཡིན།,1
ཏུ་ཏྲན་ཁ་མུན(Tutankhamun)ཡི་རོ་སྒམ་ནས་ཅི་ཡང་རྙེད་རྒྱུ་མེད་པ་དེ་ག་རེ་རེད་དམ།,1
འགྲེལ་བརྗོད་གཞིར་བཟུང་བྱས་ན། རིན་གོང་ལ་ཞིབ་ཚགས་བྱེད་མཁན་གྱི་ཡུལ་སྐོར་བར་བན་ཁོ་བར་(Vancouver)གྱི་འགྲོ་ཡུལ་གང་གི་ལ་དོ་སྣང་ཉུང་ཤོས་བྱེད་སྲིད། ,3
འགྲེལ་བརྗོད་གཞིར་བཟུང་བྱས་ན། འགྲོ་ཡུལ་གང་གི་ཡུལ་སྐོར་བ་ལ་ཝན་ཁོ་ཝར་ས་ཆའི་ཉམས་མྱོང་ཚད་ལྡན་ཞིག་བསྐྲུན་སྲིད།,3
འགྲེལ་བརྗོད་གཞིར་བཟུང་བྱས་ན། ཡུལ་སྐོར་བ་དག་ཡུལ་ལྗོངས་གཙང་མར་བལྟ་འདོད་ཡོད་ན་སྟོན་ཁ་ག་དུས་ལ་འཁྱམ་ཁ་འགྲོ་དགོས།,1
འགྲེལ་བརྗོད་གཞིར་བཟུང་བྱས་ན། ཝིག་ཏྲོ་རིཡ་སྟོན་དུས་ཀྱི་སྤྲོ་འཆམ་འགྲོ་རྒྱུའི་དུས་ཚོད་ཟླ་བ་དགུ་བ་ནས་ཟླ་གསུམ་པའི་བར་གང་བར་ཡག་ཤོས་ཡིན་ནམ།,1
འགྲེལ་བརྗོད་གཞིར་བཟུང་བྱས་ན། སྒྲོན་གནམ་གྲུ་(drone)བེད་སྤྱོད་བྱེད་ནས་གློག་བརྙན་བརྒྱག་དུས་འོག་གི་གཤམ་གསལ་གང་གི་ཡག་པོ་མེད།,4
དུམ་མཚམས་གཞིར་བཟུང་བྱས་ན། ཌོ་རོན་གནམ་གྲུ་བེད་སྤྱོད་བཏང་ནས་བརྙན་ལེན་ས་ཡག་ཤོས་དེ་གང་ཡིན།,1
དུམ་མཚམས་གཞིར་བཟུང་བྱས་ན། མཐོང་མཆན་ཞུ་བའི་བརྒྱུད་རིམ་ཁྲོད་དེབ་སྐྱེལ་ཆ་རྐྱེན་གྱི་སྐོར་ལ་གཤམ་གྱི་བརྗོད་པ་གང་ནོར་ཡོད་དམ།,1
གཤམ་ལས་ས་ཆ་གང་ཞིག་ནི་ཡུལ་སྐོར་བ་དེབ་སྐྱེལ་བྱེད་པར་འགྲོ་ས་ཞིག་མིན།,2
འགྲུལ་བཞུད་ཀྱི་སྐབས་སུ་དང་བླངས་ཐོན་པ་ཡིན་ན་སུ་འདྲ་ཞིག་ལ་ཁེ་ཕན་མེད།,4
འགྲེལ་བརྗོད་གཞིར་བཟུང་བྱས་ན། འགྲོ་གྲོན་གཏན་འབེབས་སྒང་ལ་འགྲོ་མཁན་གྱི་འགྲུལ་བཞུད་པ་ཞིག་ཡིན་ཚེ། ཕྱི་རྒྱལ་དུ་འགྲུལ་བཞུད་བྱེད་སྐབས་དང་བླངས་ཐོན་པས་ཇི་ལྟར་ཕན།,4
འགྲེལ་བརྗོད་གཞིར་བཟུང་བྱས་ན། ཝལ་ཊི་ཌེ་སི་ནེ་ཝོར་ཌི་(Walt Disney World) ལ་ཡུལ་སྐོར་སྤྲོ་འཆམ་དུ་ཕྱིན་པར་སྤྱིའི་ཆ་ནས་དམིགས་བསལ་དུ་འདོད་པ་དེ་གང་ཡིན།,3
ཝལཊ་ཌེསནི་ཝོརལཌ་་སྐོར་ལ་གཤམ་གྱི་བརྗོད་པ་དག་ལས་གང་ནོར་ཡོད།,4
འགྲེལ་བརྗོད་གཞིར་བཟུང་བྱས་ན། གཤམ་གྱི་གནད་དོན་ལས་གང་ཞིག་ཆེད་ལས་སྦྱོང་བརྡར་འཛིན་གྲྭ་དང་ཡང་ན་དེབ་ནང་མཐོང་རྒྱུ་དཀོན་པོ་ཡིན།,1
འགྲེལ་བརྗོད་གཞིར་བཟུང་བྱས་ན། གཤམ་ལས་བརྗོད་དོན་གང་ཞིག་ཆེད་ལས་སྦྱོང་བརྡར་འཛིན་གྲྭའི་ནང་ཡོངས་གྲགས་སུ་སྦྱོང་རྒྱུ་ཡོད་པ་ཡིན།,1
འགྲེལ་བརྗོད་གཞིར་བཟུང་བྱས་ན། རྫས་ངན་གྱིས་སྦགས་པའི་ཆུ་མི་འཐུང་པར་གདམ་ཁ་ཡག་ཤོས་གང་ཡིན།,1
འགྲེལ་བརྗོད་གཞིར་བཟུང་བྱས་ན། ཆུ་རྐྱལ་རྩེད་མཁན་རྩལ་ཅན་ཞིག་ཡིན་ནའང་ཧ་ལམ་ཡོང་མི་སྲིད་པ་དེ་གང་ཡིན་ནམ།,1
གལ་སྲིད་ཁྱེད་རང་ཆུ་རྒྱུན་ནང་ཐིམ་པ་ཡིན་ན་ག་རེ་བྱེད་དགོས་སམ།,1
འགྲེལ་བརྗོད་གཞིར་བཟུང་བྱས་ན། ས་ཁུལ་གང་ཞིག་ཏུ་མཁར་རྫོང་ཞིག་ལ་ལྟ་སྐོར་དུ་ཕྱིན་ཚེ་དེ་ནི་རིན་ཐང་ལྡན་པའི་གུང་སེང་སྐོར་སྐྱོད་ཅིག་ཡིན་སྲིད།,4
འགྲེལ་བརྗོད་གཞིར་བཟུང་བྱས་ན། གཤམ་གྱི་ལམ་སྟོན་ལས་གང་ཞིག་ས་ཆ་དེར་འགྲུལ་བཞུད་བྱེད་པའི་བུད་མེད་རྣམས་ལ་ངོ་སྤྲོད་མི་བྱེད།,1
ས་ཆ་འགྲེལ་བརྗོད་གཞིར་བཟུང་བྱས་ན། བུད་མེད་འགྲུལ་བཞུད་པ་རྣམས་ལ་ལམ་སྟོན་གང་ཞིག་ཕན་གྱི་རེད།,3
དུམ་མཚམས་གཞིར་བཟུང་བྱས་ན། ཡུལ་ལྗོངས་གང་འདྲ་ཞིག་ལ་རི་སྐྱེས་སྲོག་ཆགས་ཀྱི་པར་པས་དམིགས་བསལ་དྭངས་ཤེལ་བེད་སྤྱོད་བྱེད་དགོས།,1
འགྲེལ་བརྗོད་གཞིར་བཟུང་བྱས་ན། གཤམ་ལས་གང་ཞིག་རི་སྐྱེས་སྲོག་ཆགས་ཀྱི་པར་པ་ཞིག་གིས་གདོང་ལེན་བྱེད་དགོས་སྲིད་པ་བཤད་མེད། །,2
རི་མཐོ་ས་མོ་ཊ་གཏོང་མཁན་ཞིག་ལ་མཚོན་ན། གཤམ་ལས་གང་ཞིག་གིས་དཀའ་ངལ་ཆུང་ཤོས་དེ་བཟོ་སྲིད།,1
རྒྱལ་ཁབ་མི་འདྲ་བའི་ནང་འབབ་ཁྲལ་གྱི་སྐོར་ལ་འགྱུར་བ་མེད་སྲིད་པ་དེ་གང་རེད།,1
འགྲེལ་བརྗོད་གཞིར་བཟུང་བྱས་ན། གལ་སྲིད་ཁྱེད་རང་གིས་ཕྱི་རྒྱལ་ལ་ལས་ཀ་བྱེད་བཞིན་ཡོད་ཀྱང་སྡོད་གནས་དེ་གཞན་ཞིག་ཡིན་ན། ཁྱེད་ཀྱིས་འབབ་ཁྲལ་དེབ་འགོད་གང་དུ་བྱེད་དགོས་སྲིད།,3
གཤམ་གྱི་བརྗོད་པ་གང་གིས་འཛམ་གླིང་གི་ཁྲོམ་འདུས་ལ་འགྲེལ་བཤད་ཏག་ཏག་ཅིག་བྱས་མེད།,2
གཤམ་གསལ་ལས་གང་ཞིག་ནི་འཛམ་གླིང་ཁྲོམ་འདུས་དང་ཡང་ན་རྒྱལ་སྤྱིའི་འགྲེམ་སྟོན་གྱི་སྒྲིག་སྲོལ་ཡིན།,1
གཤམ་གྱི་བྱེད་སྟངས་གང་གིས་སྲོག་ཆགས་ཀྱིས་ཚུར་རྒོལ་བྱེད་པ་ཉུང་དུ་གཏོང་ངེས།,3
གོང་གསལ་གྱི་དུམ་མཚམས་ནང་གཤམ་ལས་གང་ཞིག་རི་སྐྱེས་སྲོག་ཆགས་ཀྱིས་ཚུར་རྒོལ་བྱེད་སྲིད་པའི་རྐྱེན་ཡིན་པ་བཤད་མེད།,2
