question,gpt_reply
"ອີງໃສ່ບົດອ່ານ, ສິ່ງໃດທີ່ບໍ່ຖືວ່າເປັນຄຳແນະນຳທີ່ຖືກຕ້ອງໃນການຫຼິ້ນແອັກຄໍດ້ຽນທີ່ສຳເລັດ?","A: ເພື່ອເພີ່ມສຽງ, ເພີ່ມແຮງກົດຢ່າງເວລາທີ່ທ່ານກົດປຸມ

ເປັນຄຳແນະນຳທີ່ບໍ່ຖືກຕ້ອງໃນບົດອ່ານ. ບົດອ່ານແນະນຳໃຫ້ຮັກສາຄວາມຜ່ອນຄາຍໃນຂະນະທີ່ກົດປຸ່ມ, ບໍ່ໃຫ້ໃສ່ແຮງຄ້າຍຄືກັບເປຍໂນ."
"ເມື່ອຫຼິ້ນເຄື່ອງແອັກຄໍດ້ຽນ, ສິ່ງໃດຕໍ່ໄປນີ້ທີ່ຈະຊ່ວຍທ່ານໃນການເພີ່ມສຽງ?",B: ເພີ່ມແຮງ
ເປັນຫຍັງຮູບພາບທີ່ປະກົດທາງໂທລະທັດຈຶ່ງມີການຕັດຂອບຂອງພວກມັນ?,B: ເພື່ອໃຫ້ຮູບພາບເຕັມຈໍ
"ອີ່ງໃສ່ບົດອ່ານ, ບັນຫາໃດຕໍ່ໄປນີ້ອາດເຮັດໃຫ້ຜູ້ເຮັດພົບພໍ້ເມື່ອປ່ຽນແປງຮູບເງົາມາເປັນຮູບແບບ DVD?",A: ຮູບພາບທີ່ບໍ່ເຕັມຈໍ
ກອງທະຫານຮັກສາການຂອງອັງກິດ ຕັ້ງຢູ່ໃສ?,C: Bordentown
ລາຍເຊັນໃຜທີ່ປາກົດຢູ່ໃນຮ່າງທີ່ຂຽນດ້ວຍມື?,The correct answer is D: Charles Thomson.
"ນອກເໜືອຈາກສະຖານທີ່ລຸ່ມນີ້, Dunlap broadside ມາຮອດບ່ອນໃດເປັນບ່ອນສຸດທ້າຍ?",C: ເມືອງ ລອນດອນ
ກອງທະຫານຂອງ ຈອມພົນ Stark ຕັ້ງຢູ່ໃສ?,B: ຊາຍຫາດເຂດທີ່ຂອບນ້ຳ
"ອີງໃສ່ບົດອ່ານ, ທະຫານຂອງຈອມພົນ Stark ຂະຫຍາຍຮົ້ວຕອນໃດ?",C: ລະຫວ່າງທີ່ກະແສນ້ຳລົດລົງ
"ອີງໃສ່ບົດອ່ານ, ຍຸກໃດຕໍ່ໄປນີ້ແມ່ນຍຸກທີ່ມີຄວາມຮຸນແຮງທີ່ສຸດໃນ ຈີນ?",D: ຍຸກສາມກົກ
"ອີງໃສ່ບົດອ່ານ, ຄວາມຈິງຂອງກອງທັບມົດໃນການເຂົ້າສູ່ໄລຍະເລ່ລ່ອນແມ່ນຫຍັງ?",C: ພວກມັນສ້າງຮັງທີ່ປ່ຽນແປງໄດ້ພາຍຫຼັງ 17 ມື້
"ອີງໃສ່ບົດອ່ານ, ຂໍ້ຄວາມໃດຕໍ່ໄປນີ້ທີ່ບົ່ງບອກວ່າພຶດຕິກຳການເຮັດຮັງຂອງກອງທັບມົດໃນໄລຍະເລ່ຫຼ່ອນທີ່ຖືກຕ້ອງທີ່ສຸດ?",C: ພວກມັນປ່ຽນຮັງທຸກມື້
ຂໍ້ໃດຕໍ່ໄປນີ້ຈະສືບຕໍ່ເມື່ອມີສັນຍານເກີດຂຶ້ນຈາກພາຍນອກ?,A: ວັດທະຈັກພາຍນອກ
ຄຳສັບໃດຕໍ່ໄປນີ້ທີ່ອະທິບາຍເຖິງບຸກຄົນທີ່ສະແດງອອກດ້ານການແປປ່ວນຂອງລັກສະນະທາງຮ່າງກາຍສະເພາະ?,D: ການມີຫຼາຍລະສະນະ
ຂໍ້ໃດຕໍ່ໄປນີ້ທີ່ເປັນຄຳສັບທີ່ຖືກຕ້ອງສຳລັບສິ່ງມີຊີວິດທີ່ຄອບຄອງຂອບເຂດສະເພາະ?,B: ປະຊາກອນ
ຂໍ້ໃດຕໍ່ໄປນີ້ບໍ່ແມ່ນຕົວຢ່າງກິດຈະກຳທ່ອງທ່ຽວທາງທຳມະຊາດ?,C: ໄປເບິ່ງຫໍພິພິຕະພັນວິທະຍາສາດ
"ອີງໃສ່ບົດອ່ານ, ຂໍ້ໃດຕໍ່ໄປນີ້ແມ່ນພື້ນຖານຂອງລະບົບການຂົນສົ່ງ?",B: ລົດສ່ວນຕົວ
ອະນຸພາກທີ່ປິ່ນອ້ອມມວນສານນິວເຄຣຍມີປະຈຸໄຟຟ້າປະເພດໃດ?,C: ປະຈຸໄຟຟ້າລົບ
ມວນສານນິວເຄຣຍປະກອບດ້ວຍອະນຸພາກໃດ?,A: ໂປຣຕອນ ແລະ ນິວຕຣອນ
"ອີງໃສ່ບົດອ່ານ, ຂໍ້ໃດຕໍ່ໄປນີ້ແມ່ນຕົວຢ່າງຂອງເລກເສດສ່ວນສອງ?","The correct answer is A: 1010. 

In the context of binary numbers (or base-2), a number can only consist of the digits 0 and 1. The other options (B: 12001) contain a digit '2', which is not part of the binary number system."
ເລກເສດສ່ວນສອງແມ່ນໝາຍເຖິງຫຍັງແດ່?,A: ບິດ
ຂໍ້ໃດຕໍ່ໄປນີ້ທີ່ບໍ່ໄດ້ຖືກກ່າວເຖິງຢູ່ໃນບົດອ່ານທີ່ເປັນຜົນປະໂຫຍດຫຼັກຂອງການຂຽນບົດຄວາມຂອງນັກຮຽນ?,B: ການວິຈານຈາກໝູ່ຫຼຸດລົງ
ແງ່ມຸມໃດຕໍ່ໄປນີ້ຂອງການຂຽນບົດຄວາມຕໍ່ໄປນີ້ທີ່ໄດ້ຮັບການອ້າງອີງວ່າເປັນຕົວກະຕຸ້ນໃຫ້ນັກຮຽນມີການປັບປຸງທັກສະການຂຽນຂອງເຂົາເຈົ້າ?,A: ມັກຕອບໂຕ້ກັບສື່ທາງອິນເຕີເນັດ
ຂໍ້ໃດຕໍ່ໄປນີ້ບໍ່ແມ່ນຜົນປະໂຫຍດຂອງການສື່ສານບໍ່ທັນທີສຳລັບນັກຮຽນ? ,C: ຊົ່ວໂມງເຮັດວຽກທີ່ປັບປ່ຽນໄດ້
"ອີງໃສ່ບົດອ່ານ, ແງ່ມຸມໃດຕໍ່ໄປນີ້ຂອງການສື່ສານແບບບໍ່ທັນທີທີ່ບໍ່ສາມາດປັບປ່ຽນໄດ້ສຳລັບນັກຮຽນ?",B: ຊົ່ວໂມງການເຮັດວຽກ
ສິ່ງໃດທີ່ບໍ່ໄດ້ກ່າວເຖິງໃນບົດອ່ານທີ່ອາດຈະກ່ຽວກັບຜາສາດຍຸກກາງ?,B: ການແຂ່ງຂັນ
ຂໍ້ໃດຕໍ່ໄປນີ້ທີ່ບໍ່ໄດ້ກ່າວເຖິງໃນບົດອ່ານວ່າເປັນກິ່ນ ຫຼື ສຽງທີ່ສາມາດເສກໄດ້ໃນເຂດຜາສາດທີ່ຖືກທຳລາຍ?,C: ງານລ້ຽງ
ຂໍ້ໃດຕໍ່ໄປນີ້ທີ່ເປັນການອະທິບາຍທີ່ຖືກຕ້ອງຂອງຜາສາດ Kirby Muxloe?,B: ຕ້ອງໃຫ້ມີປ້ອມປາການໜ້ອຍສຸດເນື່ອງດ້ວຍທຳມະຊາດທີ່ງຽບສະຫງົບຂອງປະເທດໃນຕອນສ້າງ
ລາຍລະອຽດການກໍ່ສ້າງໃດຕໍ່ໄປນີ້ທີ່ຖືວ່າຜິດປົກກະຕິສຳລັບຜາສາດ Kirby Muxloe ໃນຊ່ວງໄລຍະນັ້ນທີ່ໄດ້ລະບຸໃນບົດອ່ານ?,A: ປ່ອງຢ້ຽມກ້ວາງ
"ອີງໃສ່ບົດອ່ານ, ຂໍ້ໃດຕໍ່ໄປນີ້ແມ່ນມີຜົນປະໂຫຍດທີ່ສຸດໃນການກະກຽມນັກແລ່ນສຳລັບລະດູການທີ່ຈະມາຮອດ?",ຄວາມຖືກຕ້ອງຄື D: ໃຊ້ສູນອອກກຳລັງກາຍເພື່ອອອກກຳລັງກາຍພາກສ່ວນເທິງຂອງຮ່າງກາຍ. ພາສານີ້ມີການເຈັ້ນເລີກຄວາມຈຳເປັນຂອງການວິຊາອອກກຳລັງກາຍໃນຂ່ວງທີ່ຍົກສ້າງຄືທີ່ຈະໄດ້ຮັບການສອນໃນລະດູການທີ່ຈະມາຮອດແຂວນ.
"ອີງໃສ່ບົດອ່ານ, ຂໍ້ໃດຕໍ່ໄປນີ້ສຳຄັນທີ່ສຸດສຳລັບນັກແລ່ນເຄິ່ງໄມລ໌ຊັ້ນໜຶ່ງ?",B: ການສ້າງຄວາມອົດທົນໃຫ້ຫຼາຍກວ່າຄວາມໄວ
"ສຳລັບນັກກິລາ, ຂໍ້ໃດຕໍ່ໄປນີ້ບໍ່ສາມາດເຮັດໄດ້ຜູ້ດຽວຜ່ານການປະຕິບັດດ້ານໂພສະນາການ?",C: ການສ້າງຜົນງານແບບຜູ້ມີກຽດຕິຍົດ
"ອີງໃສ່ບົດອ່ານ, ຂໍ້ໃດຕໍ່ໄປນີ້ບໍ່ແນະນຳໃຫ້ເປັນວິທີການສຳລັບນັກກິລາໄວໜຸ່ມໃນການຫາຄວາມມ່ວນຊື່ນໃຫ້ຫຼາຍຂຶ້ນໃນກິລາຂອງເຂົາເຈົ້າ?","B: ສ້າງຜົນງານແບບຕໍ່ເນື່ອງໃນລະດັບກຽດຕິຍົດ

ບໍ່ແນະນຳ ໃຫ້ເປັນວິທີການສຳລັບນັກກິລາຄືກັນ ໃນການຫາຄວາມມ່ວນໃນການຫຼິ້ນກິລາ, ເນື່ອງຈາກການຂື້ນຊື່ ຫຼື ກຽດຕິຍົດອາດຈະບີບບັງຄັບແລະສ້າງຄວາມຄາດຫວັງສູງທີ່ອາດຈະປ່ອນໃຫ້ເກີດຄວາມຕຶງເຄັມ, ບໍ່ໄດ້ຊ່ວຍໃຫ້ເກີດຄວາມມ່ວນສື່ນໃນເອກະສົມຫຼີ້ນ."
"ອີງໃສ່ບົດອ່ານ, ເປັນຫຍັງນັກແລ່ນໄລຍະກາງຈຶ່ງຊື້ຊິ້ນສ່ວນອຸປະກອນທີ່ແພງຂຶ້ນ?",D: ມີຄວາມເຂົ້າໃຈຜິດກ່ຽວກັບອຸປະກອນລາຄາຖືກ
"ອີງໃສ່ບົດອ່ານ, ນັກແລ່ນໄລຍະກາງຕ້ອງການສິ່ງໃດ?",C: ອຸປະກອນໜ້ອຍດຽວ
ໃຜເປັນຜູ້ຄົ້ນພົບສະໜາມແມ່ເຫຼັກຂອງພະລັງງານນິເຄລຍ? ,C: Bloch ແລະ Purcell
ໃບອະນຸຍາດດຳເນີນທຸລະກິດໃບທຳອິດທີ່ໄດ້ຮັບການອະນຸມັດສຳລັບເຄື່ອງສະແກນທາງການແພດແມ່ນປີໃດ? ,B: 1974
"ອີງໃສ່ບົດອ່ານ, ມະນຸດຕ້ອງມີຄວາມເຂົ້າໃຈຫຼາຍກ່ຽວກັບສິ່ງໃດເພື່ອໃຫ້ແປຄວາມໝາຍປະຕິກິລິຍາດ້ານຮ່າງກາຍຂອງຜູ້ອື່ນ?",B: ຄວາມຕັ້ງໃຈ
"ອີງໃສ່ບົດອ່ານ, ການເຂົ້າໃຈຄວາມຕັ້ງໃຈຊ່ວຍໃຫ້ມະນຸດເຮັດຫຍັງໄດ້?",B: ຄາດເດົາຄວາມຕ້ອງການ
"ອີງໃສ່ບົດອ່ານ, ສິ່ງໃດຕໍ່ໄປນີ້ແມ່ນການສັງລວມທີ່ຖືກຕ້ອງຂອງວັດຖຸປະສົງຫຼັກຂອງປັນຍາປະດິດ?",D: ການຕອບສະໜອງວຽກໂດຍອັດຕະໂນມັດ
"ອີງໃສ່ບົດອ່ານ, ສິ່ງໃດຕໍ່ໄປນີ້ທີ່ປັນຍາປະດິດກ່ຽວຂ້ອງດ້ວຍ?",A: ການບໍລິການລູກຄ້າ
"ອີງໃສ່ບົດອ່ານ, ຂໍ້ໃດຕໍ່ໄປນີ້ແມ່ນຄວາມແຂງແກ່ງຂອງບຸກຄົນທີ່ມີຮູບແບບຄວາມຄິດບັນຈົບກັນ?",D: ຈື່ຈຳຮູບແບບ
"ອີງໃສ່ບົດອ່ານ, ຂໍ້ໃດຕໍ່ໄປນີ້ແມ່ນບໍ່ຖືວ່າເປັນການສຸມໃສ່ກັບການຈັດລະບຽບຄວາມຄິດທີ່ບັນຈົບກັນ?",B: ໃຊ້ເວລາຂອງຕົນ
"ອີງໃສ່ບົດອ່ານ, ຂໍ້ໃດຕໍ່ໄປນີ້ຖືວ່າບໍ່ແມ່ນການສະແດງອອກແບບຈຸລະພາກ?",A: ແນມທາງອື່ນໃນຂະນະເວົ້າ
ຂໍ້ຄວາມໃດຕໍ່ໄປນີ້ກ່ຽວກັບການຕີຄວາມໝາຍຂອງການສະແດງອອກແບບຈຸລະພາກທີ່ບໍ່ແມ່ນຄວາມຈິງ?,B: ການແປຄວາມໝາຍທີ່ຖືກຕ້ອງອາດເຮັດໃຫ້ຄົ້ນພົບການຕົວະ
ຂໍ້ໃດຕໍ່ໄປນີ້ກາຍເປັນສິ່ງສຳຄັນທີ່ເປັນຜົນຂອງການຟື້ນຟູສິລະປະວິທະຍາ? ,B: ການສົ່ງຕໍ່ຄວາມຮູ້
"ດັ່ງທີ່ເປັນຜົນຂອງການຟື້ນຟູສິລະປະວິທະຍາ, ຂໍ້ໃດຕໍ່ໄປນີ້ແມ່ນມີການເອົາໃຈໃສ່ນ້ອຍ?",C: ການຈື່ຂໍ້ຄວາມ
ຂໍ້ໃດຕໍ່ໄປນີ້ບໍ່ສະທ້ອນຄືນຄວາມກະຕືລືລົ້ນໃນການນຳໃຊ້ອິນເຕີເນັດເພື່ອສືບຕໍ່ຄວາມສຳພັນ?,A: ເຄືອຂ່າຍທຸລະກິດ
ຂໍ້ໃດຕໍ່ໄປນີ້ບໍ່ສະທ້ອນຄືນຄວາມກະຕືລືລົ້ນໃນການໃຊ້ອິນເຕີເນັດເພື່ອການພົວພັນສ່ວນບຸກຄົນ?,A: ເບິ່ງສູດອາຫານ
ເມື່ອໃດທີ່ເອີຣົບຕາເວັນຕົກຍົກເລີກການເພິ່ງພາດ້ານອິດທິພົນຢ່າງໜັກໜ່ວງ ແລະ ເລີ່ມພັດທະນາຮູບແບບຂອງຕົນເອງ?,A: ປະມານຕອນທ້າຍຂອງຍຸກກາງ
ການນຳໃຊ້ກະດຸມເພື່ອຮັດເຄື່ອງນຸ່ງແມ່ນຜົນງານຂອງຫຍັງ? ,C: ສົງຄາມ Crusades
"ອີງໃສ່ບົດອ່ານ, ຂໍ້ໃດຕໍ່ໄປນີ້ທີ່ຖືວ່າເປັນການແກ້ໄຂບັນຫາໄລຍະຍາວທີ່ໃຊ້ໄດ້ໃນການແກ້ໄຂບັນຫາສິ່ງແວດລ້ອມ?",C: ການລະບຸສາເຫດຂອງບັນຫາ
"ອີງໃສ່ບົດອ່ານ, ວິທີການແກ້ໄຂບັນຫາໃດຕໍ່ໄປນີ້ອາດຈະບໍ່ຖືວ່າເປັນການຟຶ້ນຟູບັນຫາສິ່ງແວດລ້ອມຕາມອາການ?",B: ການປິດສາເຫດຕົ້ນຕໍຂອງບັນຫາ
ຢູ່ປະເທດໃດທີ່ສົງຄາມໃນຢູ່ໂຣບຄັ້ງທີ່ໜຶ່ງເກີດຂຶ້ນ ເຊິ່ງບັນຫາກາງແມ່ນກ່ຽວກັບຄວາມດຸນດ່ຽງດ້ານອຳນາດຫຼາຍກວ່າທີ່ກ່ຽວກັບສາດສະໜາ?,A: ປະເທດ ອັງກິດ
ສົງຄາມໃດທີ່ບາງຄັ້ງອະທິບາຍວ່າເປັນສົງຄາມ ‘ສາດສະໜາ’ ສຸດທ້າຍ?,A: ສົງຄາມສາມສິບປີ
ແງ່ມຸມໃດຕໍ່ໄປນີ້ຂອງໂບດຄາໂຕລິກຕໍ່ໄປນີ້ທີ່ບໍ່ຖືກສອບຖາມ?,A: ຖ້າການຈັດສັນຄວາມຮັ່ງມີໃນໂບດມີຄວາມເໝາະສົມ
"ອີງໃສ່ບົດອ່ານ, ໃຜຖືກຄາດຕະກຳຢູ່ Versailles?",D: ຜູ້ຮັກສາຄວາມປອດໄພ
ຂໍ້ໃດຕໍ່ໄປນີ້ແມ່ນໄດ້ຖືກບັງຄັບກຸ່ມຊຸມນຸມໂດຍກະສັດ ແລະ ມະເຫສີ?,A: ເປີດປະຕູປ່ອງຢ້ຽມລົດມ້າຂອງພວກເຂົາ
ຂໍ້ໃດຕໍ່ໄປນີ້ບໍ່ແມ່ນຜົນຂອງສົງຄາມທີ່ບໍ່ມີການແຊກແຊງທາງທະເລຂອງປະເທດອັງກິດ?,C: ມີການປ່ຽນແປງຕໍ່ກັບກົດໝາຍຕ່າງປະເທດ
ຂໍ້ຄວາມໃດຕໍ່ໄປນີ້ບໍ່ອະທິບາຍເຖິງການປິດກັ້ນທາງທະເລຕ້ານເຢຍລະມັນຂອງປະເທດອັງກິດໄດ້ຢ່າງຖືກຕ້ອງ?,"B: ມັນເຮັດໃຫ້ສົງຄາມເຮືອດຳນ້ຳຂອງເຢຍລະມັນເກີດຂຶ້ນ

ຂໍ້ຄວາມນີ້ບໍ່ອະທິບາຍເຖິງການປິດກັ້ນທາງທະເລຕ້ານເຢຍລະມັນຂອງປະເທດອັງກິດໄດ້ຢ່າງຖືກຕ້ອງ. ມັນຄືການຕອບສະໜອງຂອງເຢຍລະມັນທີ່ພະຍາຍາມຈະປົດຊ້າງການປິດກັ້ນແມ່ນຄວາມບໍ່ຄອບຄອງຂອງຂ້າພະເຈົ້າ."
"ອີງໃສ່ບົດອ່ານ, ແມ່ນໃຜທີ່ໄດ້ຮັບການວິນິດໄສວ່າອາດຈະມີອາການເສັ້ນເລືອດຕີບຫຼາຍທີ່ສຸດ?","Based on the passage provided, it is stated that women are more likely to develop Multiple Sclerosis (MS) compared to men. Therefore, among the options given, A: ແມ່ຍິງອາຍຸ 32 ປີ (a 32-year-old woman) would be the most likely to be diagnosed with MS."
"ອີງໃສ່ບົດອ່ານ, ຜູ້ເຂົ້າຮ່ວມໃນກິດຈະກຳປົກກະຕິຕ້ອງການການສະໜັບສະໜູນຫຍັງແດ່?",A: ທັດສະນະຄະຕິທາງລົບຕໍ່ຄວາມເຈັບປວດ
"ອີງໃສ່ບົດອ່ານ, ການຟັນດາບປົກກະຕິແມ່ນເພື່ອຈຸດປະສົງໃດ?",D: ຮູບແບບຄູ່
"ອີງໃສ່ບົດອ່ານ, ຂໍ້ໃດຕໍ່ໄປນີ້ຈະເປັນສິ່ງບົ່ງບອກທີ່ແຂງແຮງທີ່ສຸດກ່ຽວກັບພິດພາຍໃນ?","ຈາກຂໍ້ມູນທີ່ໃຫ້ມາ, ສິ່ງທີ່ບົ່ງບອກທີ່ແຂງແຮງທີ່ສຸດກ່ຽວກັບພິດພາຍໃນແມ່ນໄດ້ແກ່ ການມີພາຫະບັນຈຸຢາແບບເປີດ ຫຼື ຂວດຢາຕາມໃບສັ່ງແພດ. ອັນນີ້ຈະເຫັນໄດ້ວ່າປ່ອນຈະທຳໃຫ້ເກີດພິດພາຍໃນ ແລະ ຈົ່ງເບິ່ງຄຳແນະນຳການປະຖົມພະຍາບານຂັ້ນຕົ້ນແບບສະເພາະເຈາະຈົງສຳລັບພິດສະເພາະນັ້ນ. ຄວາມສຳຄັນຂອງຂໍ້ D ຈຶ່ງເປັນຄວາມບອກໃບໃສບາງຢ່າງທີ່ເຂັ້ມງວກວາດວຽນຜົນສະເຫນີນະ ຫຼື ພາຍໃນ. ດັ່ງນັ້ນຄວາມຕື່ງຄື່ນຂອງຂໍ້ນີ້ເລີດໄປຄວາມມູງທີ່ສະໂດງເປັນພາຍໃນ."
"ອີງໃສ່ບົດອ່ານ, ຂັ້ນຕອນທີ່ເໝາະສົມທຳອິດເມື່ອປະເມີນຜູ້ຖືກເຄາະຮ້າຍແມ່ນແນວໃດ?",A: ສັງເກດຈຸດເກີດເຫດ
ຂໍ້ຄວາມໃດຕໍ່ໄປນີ້ບໍ່ໄດ້ສະທ້ອນເຖິງຂັ້ນຕອນການກວດຜູ້ຖືກເຄາະຮ້າຍຢ່າງຖືກຕ້ອງ?,A: ບໍ່ເປັນຫ່ວງກຽວກັບການບາດເຈັບຂອງຕົນເອງ
ການປ່ຽນແປງໃດເຮັດໃຫ້ເກີດມີການປະຕິວັດຝຣັ່ງເສດໄດ້ເຮັດໃຫ້ມີຜົນກະທົບສຳຄັນໃນແຮງງານກຳມະກອນ?,C: ການຮັບເອົາຫຼັກການດ້ານສາທາລະນະລັດ
"ຫຼັງຈາກການປະຕິວັດຝຣັ່ງເສດ, ຄວາມສຳເລັດດ້ານການທະຫານ ແລະ ອາຊີບອື່ນໆແມ່ນບໍ່ອີງໃສ່ສິ່ງໃດ?",B: ຊົນຊັ້ນ
ການບໍລິການສາທາລະນະໃດທີ່ເວົ້າວ່າເປັນສາເຫດທີ່ສ້າງຄວາມບໍ່ພໍໃຈທີ່ສຸດໃນປະເທດທີ່ພັດທະນາແລ້ວ?,C: ຂົນສົ່ງສາທະລະນະ
"ອີງໃສ່ບົດອ່ານ, ແມ່ນຫຍັງທີ່ສາມາດເວົ້າໄດ້ວ່າເປັນລະບົບການຂົນສົ່ງສາທາລະນະ?",C: ພວກມັນໄດ້ຮັບຄຳຕໍານິຫຼາຍຈາກຜູ້ໃຊ້
"ອີງໃສ່ບົດອ່ານ, ຂໍ້ໃດຕໍ່ໄປນີ້ຍາກທີ່ຈະວັດໄດ້ເນື່ອງຈາກຄວາມຄາດເດົາບໍ່ໄດ້ຂອງຄົນຂັບ?",D: ການເຄື່ອນໄຫວຈະລາຈອນ
ຂໍ້ໃດຕໍ່ໄປນີ້ໄດ້ຖືກໃຊ້ເມື່ອມີການນຳສະເໜີກະແສການຈະລາຈອນແບບຕົວເລກ?,A: ການຈັດການທາງລົດ
ສິ່ງທີ່ Hershey ແລະ Chase ໃຊ້ເພື່ອປູກຖ່າຍ DNA ຂອງເຂົາເຈົ້າແມ່ນຫຍັງ? ,A: ທາດຟອສຟໍຣັສທີ່ເປັນສານກຳມັນຕະພາບລັງສີ
ຄວາມສາມາດໃນການກາຍພັນທີ່ຖືກສົ່ງຕໍ່ໄປຫາລູກແມ່ນຂຶ້ນກັບສິ່ງໃດ?,C: ປະເພດຂອງການກາຍພັນ
"ອີງໃສ່ຂໍ້ມູນທີ່ໃຫ້ມາຢູ່ໃນບົດອ່ານ, ຜົນກະທົບຂອງການກາຍພັນຕ່າງໆແມ່ນບໍ່ເກີດຂຶ້ນກັບສິ່ງໃດ?",D: ປະເພດການກາຍພັນທີ່ໄດ້ຮັບຜົນກະທົບ
ຂໍ້ໃດຕໍ່ໄປນີ້ບໍ່ແມ່ນເຫດຜົນທີ່ວັດທະນະທຳບູຮານຮັກສາແບ້?,B: ພວກມັນຊ່ວຍເລັມຫຍ້າໃນສວນ
ເປົ້າໝາຍຂອງກິລາກັອຟແມ່ນເພື່ອເຮັດຢ່າງນ້ອຍຂອງຫຍັງ?,B: ສໂຕຣກ
"ຢູ່ເດີ່ນກັອຟ, ບ່ອນໃດທີ່ຕ້ອງຕັດຫຍ້າໃຫ້ຕ່ຳກວ່າ?",B: ບໍລິເວນຂຸມສີຂຽວ
ສິ່ງໃດແມ່ນຈຸດປະສົງທົ່ວໄປຂອງການທົດລອງ?,A: ເພື່ອຫຼຸດຜ່ອນສຸມມຸດຕິຖານໜຶ່ງ ຫຼື ຫຼາຍກວ່ານັ້ນ
"ອີງໃສບົດອ່ານ, ສິ່ງໃດບໍ່ໄດ້ເປັນແນວທາງໃນການຄົ້ນຄວ້າດ້ານວິທະຍາສາດ?",A: ວິທີດ້ານວິທະຍາສາດຢ່າງດຽວ
"ອີງໃສ່ບົດອ່ານ, ຂໍ້ຄວາມໃດກ່ຽວກັບ ພາຍຸທໍນາໂດ ທີ່ບໍ່ແມ່ນຄວາມຈິງ?",C: ພາຍຸທໍນາໂດ ສ່ວນໃຫຍ່ແມ່ນຢູ່ດົນກ່ວາສາມຊົ່ວໂມງ
"ອີງໃສ່ບົດອ່ານ, ຂໍ້ຄວາມໃດຕໍ່ໄປນີ້ອະທິບາຍ ພາຍຸທໍນາໂດ ສ່ວນໃຫຍ່ໄດ້ຢ່າງຖືກຕ້ອງ?",D: ພວກມັນສາມາດຈີກຕົ້ນໄມ້ຈາກພື້ນໄດ້
ຂໍ້ໃດຕໍ່ໄປນີ້ທີ່ມະນຸດເລີ່ມເຮັດໃນສັດຕະວັດທີ 16?,D: ເຮັດກ້ອງສ່ອງດາວ
ມະນຸດສາມາດຂະຫຍາຍວັດຖຸໂດຍໃຊ້ເລນສໄດ້ດົນປານໃດແລ້ວ?,C: ຫຼາຍພັນປີ
"ອີງໃສ່ບົດອ່ານ, ແມ່ນຫຍັງທີ່ຖ້ຳ Muhammad ເວົ້າກ່ຽວກັບການປະຕິບັດດ້ານຈິດວິຍານ ຫຼື ຄຸນຄ່າຂອງລາວ?",A: ລາວໃຫ້ຄ່າຄວາມສະຫງົບ ແລະ ຄວາມດຽວດາຍ
"ອີງໃສ່ບົດອ່ານ, ເຫຼັກຖືກນຳໃຊ້ເພື່ອເຮັດຫຍັງກ່ອນໝູ່?",C: ລໍ້
"ອີງໃສ່ບົດອ່ານ, ເປັນຫຍັງລໍ້ໄມ້ຈຶ່ງຖືກປ່ຽນມາເປັນລໍ້ເຫຼັກ?",B: ພວກມັນມີປະສິດທິພາບກວ່າ
"ອີງໃສ່ບົດອ່ານ, ແມ່ນຫຍັງເປັນຕົວກຳນົດບຸກຄົນລະຫວ່າງຍຸກຂອງຈິນຕະນິນົມ?",B: ພູມສັນຖານ
ຂໍ້ໃດຕໍ່ໄປນີ້ບໍ່ສະທ້ອນແນວຄິດທົ່ວໄປຂອງການກຳນົດລະດັບເຕັກໂນໂລຊີ? ,B: ການພັດທະນາດ້ານເຕັກໂນໂລຊີແມ່ນບໍ່ໄດ້ຖືກການແຜ່ອິດທິພົນໂດຍວັດທະນະທຳ
"ອີງໃສ່ບົດອ່ານ, ຂໍ້ໃດຕໍ່ໄປນີ້ບໍ່ກ່ຽວຂ້ອງກັບການດຶງທະນູ?",B: ເຄື່ອງໝາຍທີ່ເບິ່ງຄ້າຍຄືລູກກະລັບເຟີ
"ອີງໃສ່ບົດອ່ານ, ຂໍ້ໃດຕໍ່ໄປນີ້ທີ່ກ່ຽວຂ້ອງກັບສຽງທີ່ອ່ອນໂຍນກວ່າ?",C: ເຄື່ອງໝາຍທີ່ເບິ່ງຄ້າຍຕົວ V
ຊາກສັດບູຮານສະແດງໃຫ້ເຫັນວ່າມືມີການປັບໃຊ້ເບື້ອງຕົ້ນສຳລັບສິ່ງໃດຕໍ່ໄປນີ້?,A: ການຈັດການ
ຂໍ້ໃດຕໍ່ໄປນີ້ອະທິບາຍຂໍ້ມືຂອງລິງຊິມແປນຊີໄດ້ຢ່າງຖືກຕ້ອງ? ,A: ພວກມັນຊື່ກວ່ານິ້ວຂອງມະນຸດ
ການຄັດເລືອກຕັດເອົາຄວາມຫຼາກຫຼາຍທາງກຳມະພັນໃໝ່ຈາກບ່ອນໃດ?,B: ການປະກອບກັນຄືນໃໝ່
ຂັ້ນຕອນໃດທີ່ເຮັດໃຫ້ມີການເພີ່ມຄວາມຫຼາກຫຼາຍທາງກຳມະພັນ?,C: ການກາຍພັນ
"ອີງໃສ່ຂໍ້ມູນໃນບົດອ່ານ, ຂໍ້ໃດເຫຼົ່ານີ້ໃນນີ້ທີ່ລີງກິນເພື່ອແກ້ “ບັນຫາທາດໂປຣຕີນ”?",C: ຕັກກະແຕນ
"ອີງໃສ່ບົດອ່ານ, ບັນຫາໃດຕໍ່ໄປນີ້ທີ່ບໍ່ເກີດຈາກການຂາດກົດອະມິໂນທີ່ຈຳເປັນ?",A: ບັນຫາການຍ່ອຍອາຫານ
ສະມາຊິກກຸ່ມວັດທະນະທຳຍ່ອຍສະເພາະມັກຈະໃຫ້ສັນຍາທີ່ກ່ຽວຂ້ອງກັບກຸ່ມແນວໃດ?,D: ໂດຍໃຊ້ລັກສະນະທີ່ເປັນຮູບແບບເຄື່ອງໝາຍ
"ອີງໃສ່ທິດສະດີທີ່ໄດ້ນຳສະເໜີໃນບົດອ່ານ, ອາດຈະເກີດຫຍັງຂຶ້ນເດັກຜູ້ທີ່ໄດ້ຮັບການລະບຸວ່າເປັນຊົນເຜົ່າກຸ່ມນ້ອຍທີ່ຖືກຕເໝົາລວມວ່າມາຈາກພຶດຕິກຳຄຸກຄາມ?",B: ເດັກມີຄວາມເປັນໄປໄດ້ວ່າຈະເຂົ້າຮ່ວມກັບພຶດຕິກຳຄຸກຄາມ
"ອີງໃສ່ບົດອ່ານ, ຄວາມຮູ້ຂອງເດັກກ່ຽວກັບການເໝົາລວມດ້ານເຊື້ອຊາດສາມາດສ້າງຜົນກະທົບໃດຕໍ່ໄປນີ້?",B: ພຶດຕິກຳຂອງພວກເຂົາ
"ອີງໃສ່ບົດອ່ານ, ຂໍ້ໃດຕໍ່ໄປນີ້ບໍ່ສອດຄ່ອງກັບການລ້ຽງລູກທີ່ນິໄສຮ້າຍ?",B: ທັກສະການສົນທະນາທີ່ເຂັ້ມແຂງ
"ອີງໃສ່ບົດອ່ານ, ຂໍ້ໃດຕໍ່ໄປນີ້ອະທິບາຍພຶດຕິກຳຮ້າຍຂອງເດັກໄດ້ຖືກຕ້ອງ?",B: ພຶດຕິກຳຮ້າຍສາມາດມາຈາກການຂາດການເຂົ້າສັງຄົມ
"ອີງໃສ່ບົດອ່ານ, ການປະຕິບັດໃດຕໍ່ໄປນີ້ບໍ່ສອດຄ່ອງກັບການເຮັດກະສິກຳແບບພໍພຽງ?","B: ຜະລິດອາຫານເພື່ອຂາຍໃຫ້ຜູ້ອື່ນ

ການເຮັດກະສິກຳແບບພໍພຽງມຸ່ງເນ້ນການຜະລິດສະບຽງອາຫານໃຫ້ພຽງພໍ ຕໍ່ຄວາມຈຳເປັນຂອງຄອບຄົວ ເທົ່ານັ້ນ, ບໍ່ໄດ້ມຸ່ງໜ້າຂາຍໃຫ້ຜູ້ອື່ນ."
ຂໍ້ໃດຕໍ່ໄປນີ້ອະທິບາຍການເຮັດກະສິກໍາແບບກຸ້ມກິນໄດ້ຢ່າງຖືກຕ້ອງ?,"The correct answer is:
B: ໃຊ້ເຕັກນິກການເພີ່ມພູນຜະລິດຜົນ"
ການເຂົ້າເບິ່ງຫໍພິພິດຕະພັນຕ້ອງຈັດຢູ່ໃນການທ່ອງທ່ຽວປະເພດໃດ?,C: ທ່ອງທ່ຽວວັດທະນະທຳ
"ອີງໃສ່ບົດອ່ານ, ແມ່ນຫຍັງທີ່ເປັນບຸລິມະສິດຂອງນັກທ່ອງທ່ຽວເພື່ອການພັກຜ່ອນ?",B: ພັກຜ່ອນຈາກກິດຈະວັດປະຈຳວັນ
ແມ່ນຫຍັງທີ່ໄດ້ກ່າວໄວ້ໃນບົດອ່ານເຊິ່ງເປັນສິ່ງທີ່ຊ່ວຍໃຫ້ຫຼຸດຜ່ອນຄວາມຢ້ານກົວການປ່ຽນແປງພາຍໃນໂບດທ້ອງຖິ່ນ?,A: ການຈື່ຈຳຕົວຢ່າງຄວາມສຳເລັດດ້ານພຶດຕິກຳທີ່ກ່ຽວຂ້ອງກັບການປະກອບການທຸລະກິດ
"ອີງໃສ່ບົດອ່ານ, ການສ້າງຄວາມເຂົ້າໃຈໃນປະຫວັດຂອງຕົນເອງສາມາດຊ່ວຍຫຍັງໄດ້ແດ່?",A: ຫຼຸດຜ່ອນຄວາມຢ້ານກົວການປ່ຽນແປງ
ຂໍ້ຄວາມໃດຕໍ່ໄປນີ້ທີ່ອະທິບາຍເຖິງແນວທາງຫຼັງສະໄໝໃໝ່ເພື່ອການຮຽນຮູ້ໄດ້ຢ່າງຖືກຕ້ອງ?,"ຄຳຕອບທີ່ຖືກຕ້ອງຄື: D: ບໍ່ມີສິ່ງທີ່ຖືກ ແລະ ຜິດ ໃນການຮຽນຮູ້

ເນື້ອຫາທີ່ໄດ້ລະບຸໄວ້ໃນ P ບອກເຖິງຄວາມຈິງທີ່ວ່າການຮຽນຮູ້ບໍ່ມີວິທີທີ່ຖືກຕ້ອງ ຫຼື ຜິດດີ່ງ, ແຕ່ກ່ຽວຂ້ອງຈາກປະສົບການລະຫວ່າງຜູ້ຮຽນ ແລະ ຄວາມຮູ້ທີ່ມີ."
ຂໍ້ຄວາມໃດຕໍ່ໄປນີ້ບໍ່ສະທ້ອນເຖິງວິທີການຮຽນຮູ້ໃນຕອນຫຼັງຍຸກສະໄໝໃໝ່?,B: ປະສົບການຮຽນຮູ້ໃດໜຶ່ງເປັນບຸລິມະສິດກວ່າປະສົບການອື່ນ
"ພາຍຫຼັງຈາກຕື່ນໃນລະຫວ່າງການນອນ, ຂໍ້ໃດເຫຼົ່ານີ້ທີ່ເກີດຂຶ້ນກັບຂັ້ນຕອນການລົບກວນການນອນ?",B: ເຂົ້າຫ້ອງນ້ຳ ແລະ ກັບໄປນອນເລີຍ
ຂໍ້ໃດຕໍ່ໄປນີ້ທີ່ບໍ່ແມ່ນຄຳອະທິບາຍການຂັດຂວາງການນອນທີ່ຖືກຕ້ອງ?,"D: ພາຍຫຼັງຕື່ນ, ເປົ້າໝາຍແມ່ນເພື່ອນອນຄືນອີກພາຍໃນສອງຊົ່ວໂມງ

ຄຳອະທິບາຍນີ້ບໍ່ຖືກຕ້ອງວ່າເປັນຂັດຂວາງການນອນຫຼັບ, ເນື່ອງຈາກວ່າບໍ່ເປັນສ່ວນໜຶ່ງຂອງຂະບວນການຫຼັບສັ້ນທີ່ຖືກອະທິບາຍຢູ່ໃນຂໍ້ P."
"ຂະນະທີ່ສະໝອງພະຍາຍາມເຮັດໃຫ້ຝັນມີຄວາມຊັດເຈນເພີ່ມຂຶ້ນ, ແມ່ນຫຍັງເພີ່ມຂຶ້ນນຳ?",D: ເວລາລະຫວ່າງສະພາບ REM
ຜົນກະທົບທາງລົບໃດຕໍ່ໄປນີ້ທີ່ຄວາມຝັນທີ່ຊັດເຈນເລື້ອຍໆສາມາດສົ່ງຜົນກະທົບຕໍ່ຮ່າງກາຍ?,A: ລຸດຜ່ອນໄລຍະເວລາລະຫວ່າງສະພາບ REM
"ອີງໃສ່ບົດອ່ານ, ຄະນະເຮັດວຽກປົກກະຕິທົ່ວໄປ ແລະ ຄະນະເຮັດວຽກທາງໄກ ຄ້າຍຄືກັນແນວໃດ?",A: ຄວາມຄາດຫວັງໃນຄວາມສາມາດໃນການເຮັດວຽກຂອງທັງສອງຄະນະແມ່ນຢູ່ໃນລະດັບດຽວກັນ
"ອີງໃສ່ບົດອ່ານ, ຂໍ້ຄວາມໃດກ່ຽວກັບຄະນະທີ່ເຮັດວຽກປົກກະຕິທົ່ວໄປ ແລະ ຄະນະທີ່ເຮັດວຽກທາງໄກບໍ່ແມ່ນຄວາມຈິງ?",A: ຄະນະເຮັດວຽກປົກກະຕິທົ່ວໄປມີການຮັກສາມາດຕະຖານທີ່ສູງກວ່າ
ຂໍ້ໃດຕໍ່ໄປນີ້ທີ່ບໍ່ແມ່ນສິ່ງທີ່ມີທິດສະດີດ້ານເນື້ອໃນບໍ່ເອົາເປັນໃຈກາງ?,A: ຄວາມຕ້ອງການໃໝ່ທີ່ເຮັດໃຫ້ໄວຜູ້ໃຫຍ່ມີຄວາມຕ້ອງການວັດຖຸ
ສິ່ງໃດທີ່ບໍ່ແມ່ນອົງປະກອບຂອງກົດສາມສ່ວນ?,B: ສ້າງຊີວິດ ແລະ ພະລັງງານຢູ່ໃນຮູບ
ຂໍ້ໃດຕໍ່ໄປນີ້ທີ່ບໍ່ອະທິບາຍຮູບແບບຂອງການຖ່າຍຮູບໃນຮູບແບບ 35 ມມ?,C: ມີອັດຕາສ່ວນແຕກຕ່າງຫຼາຍກວ່າຮູບແບບທຳມະດາຫຼາຍໆອັນ
"ອີງໃສ່ບົດອ່ານ, ຂະນະທີ່ໂຮງງານເພີ່ມການຜະລິດເລນສຄຸນນະພາບ, ແລ້ວເລນສຊູມໄດ້ມີການປັບປຸງແນວໃດແດ່?",C: ຄຸນນະພາບຮູບແມ່ນທຽບເທົ່າເລນສທີ່ມີການໂຟກັດຕາຍຕົວ
"ອີງໃສ່ຂໍ້ມູນໃນບົດອ່ານ, ເມື່ອໃດທີ່ເລນສຊູມຈະໄດ້ຮັບຄວາມນິຍົມກວ່າເລນຕາຍຕົວ?",C: ຖ້າທ່ານບໍ່ຕ້ອງການໃຊ້ໄຟໃນບ່ອນທີ່ມີຄວາມມືດ
ຂໍ້ໃດຕໍ່ໄປນີ້ທີ່ບໍ່ຖືວ່າເປັນການອະທິບາຍ ເວດມົນ ທີ່ຖືກຕ້ອງ?,D: ການເນັ້ນໃສ່ການຊອກຫາປະສົບການບຸກຄົນໂດຍກົງແມ່ນສາມາດປຽບທຽບກັບຮູບລັກສະນະຄວາມເຊື່ອດ້ານສາດສະໜາ ແລະ ການບູຊາແບບອື່ນໆ
"ອີງໃສ່ບົດອ່ານ, ຂໍ້ໃດຕໍ່ໄປນີ້ທີ່ບໍ່ແມ່ນການສຸມໃສ່ດ້ານເວດມົນ?",A: ຊອກຫາຄວາມສາມາດໃນຄຳສອນໃຫ້ກາຍເປັນຄວາມຈິງ
"ອີງໃສ່ບົດອ່ານ, ແມ່ນໃຜທີ່ເລີ່ມຕົ້ນສັງຄົມກະສິກຳ?",C: ຊາວເມົາຣີ ຈາກ ເກາະທາງ ໂພລີນີເຊຍ
"ອີງໃສ່ບົດອ່ານ, ກຸ່ມທີ່ລ່ານົກ ຈຳພວກ moa ແມ່ນຜູ້ທີ່ອາໄສກ່ອນໝູ່ຢູ່ໃນເຂດໃດ?",B: ນິວຊີແລນ
ໃນສະຖານະການໃດທີ່ຕ້ອງໃຊ້ວິທີການພັບກະດາດຂອງຊາວ Pureland ເຮັດໃຫ້ມີຜົນປະໂຫຍດຕໍ່ຜູ້ພັບແບບໃດ?,"ຄໍາຕອບທີ່ຖືກຕ້ອງຄື: D: ຜູ້ພັບແມ່ນໃຊ້ການທົດລອງເທື່ອດຽວ ຫຼື ສອງເທື່ອກ່ອນເທົ່ານັ້ນ

ວິທີການພັບຂອງ Pureland ເຫມາະສົມສໍາລັບຜູ້ທີ່ເລັກນ້ອຍຫຼືເດັກທີ່ພຶການພັບເປັນຄັ້ງທຳ."
ຂໍ້ໃດຕໍ່ໄປນີ້ທີ່ບໍ່ອະທິບາຍການພັບຂອງຊາວ Pureland ໄດ້ຢ່າງຖືກຕ້ອງ?,A: ມີຄວາມຕັ້ງໃຈສຳລັບຜູ້ພັບທີ່ມີປະສົບການແລ້ວ
"ອີງໃສ່ບົດອ່ານ, ສະຖານທີ່ໃດທີ່ບໍ່ກ່ຽວຂ້ອງກັບຄວາມສີວິໄລໃນ ຮຸບເຂົາ Indus?",C: ທຸກຂົງເຂດໃນພາກຕາເວັນອອກສ່ຽງເໜືອຂອງປະເທດອັຟການິສະຖານ
ຂໍ້ໃດຕໍ່ໄປນີ້ທີ່ບໍ່ໄດ້ກ່າວເຖິງທີ່ອາດຈະເປັນຊື່ຂອງຄວາມສີວິໄລໃນຍຸກທອງແດງທີ່ໄດ້ຮັບການສົນທະນາໃນບົດອ່ານ?,D: ຍຸກສີວິໄລຂອງ ຮຸບເຂົາ ອິນດັສ
"ອີງໃສ່ບົດອ່ານ, ຂໍ້ໃດຕໍ່ໄປນີ້ທີ່ເປັນຜົນປະໂຫຍດຍາວນານ?",A: ການຮ່ວມມືກັບຜູ້ອື່ນ
"ອີງໃສ່ບົດອ່ານ, ຂໍ້ໃດຕໍ່ໄປນີ້ທີ່ຜູ້ໜຶ່ງອາດຈະຕ້ອງໃຫ້ບຸລິມະສິດກ່ອນຖ້າສິ່ງທີ່ເຂົາສຸມໃສ່ແມ່ນເຮັດໃຫ້ເກີດຜົນປະໂຫຍດທັນທີ?",D: ຄວາມເຫັນແກ່ຕົວ
"ອີງໃສ່ບົດອ່ານ, ໃຜກວມເອົາສ່ວນໃຫຍ່ຂອງຄ່າໃຊ້ຈ່າຍໃນສົງຄາມ?",D: ປະຊາຊົນຊາວຟິລິປິນ
ຊ່ວງໄລຍະເວລາໃດມາກ່ອນຍຸກ ເທັມປລາສ?,C: ຍຸກກາງຕອນຕົ້ນ
ຊ່ວງໄລຍະເວລາໃດມາຫຼັງຍຸກ ເທັມປລາສ?,A: ຍຸກກາງຕອນທ້າຍ
ວິທີການປິ່ນປົວ ຫຼື ຂັ້ນຕອນການປິ່ນປົວໃດທີ່ບໍ່ໄດ້ກ່າວເຖິງວ່າທ່ານໝໍ ແລະ ແພດຜ່າຕັດໃຊ້ໃນລະຫວ່າງຈັກກະພັດໂຣມັນ?,A: ການປິ່ນປົວພາວະຄວາມເຄັ່ງຄຽດຈາກການປະສົບເຫດການຮຸນແຮງດ້ວຍວິທີການໃຫ້ຢາລະງັບຫຼາຍປະເພດ
"ອີງໃສ່ບົດອ່ານ, ຂໍ້ໃດຕໍ່ໄປນີ້ທີ່ບໍ່ກ່ຽວກັບຄວາມກ້າວໜ້າດ້ານການແພດໃນຊ່ວງຍຸກຈັກກະພັດໂຣມັນ?",B: ນະໂຍບາຍທາງການທະຫານທີ່ແຂງແກ່ນຂອງຈັກກະພັດ
ຄວາມສາມາດໃນການເບິ່ງເຫັນແມ່ນຂຶ້ນກັບຫຍັງ?,A: ອະໄວຍະວະຈັບຄວາມຮູ້ສຶກຂອງລະບົບການເບິ່ງເຫັນ
ປະເພດຂອງໂຄງສ້າງຕາແບບໃດລະຫວ່າງຮ່າງກາຍທີ່ມັນຂຶ້ນກັບ?,B: ສິ່ງຈຳເປັນໃນການເຮັດວຽກຂອງຮ່າງກາຍ
"ອີງໃສ່ບົດອ່ານ, ປະໂຫຍກໃດຂອງສາດສະໜາ ຊິກ ທີ່ບໍ່ໄດ້ສະແດງອອກດ້ານສາດສະໜາຢ່າງຖືກຕ້ອງ?","The incorrect statement is:

A: ສາດສະໜາ ຊິກ ແມ່ນຜົນຂອງການແຍກອກມາຈາກສາດສະໜາຮິນດູໃນເມື່ອກ່ອນ

Sikhism is considered a distinct religion with its own beliefs and practices, rather than a result of a split from Hinduism."
"ອີງໃສ່ບົດອ່ານ, ຂໍ້ໃດຕໍ່ໄປນີ້ທີ່ຖືວ່າເປັນປັດໃຈຫຼັກຂອງລະບົບຄວາມເຊື່ອໃນສາດສະໜາຊິກ?",A: ແນວຄວາມຄິດຂອງຜູ້ຮູ້
"ອີງໃສ່ບົດອ່ານ, ແມ່ນຫຍັງທີ່ເດັກນ້ອຍທີ່ເປັນພະຍາດສະມາທິສັ້ນມີຄວາມຫຍຸ້ງຍາກໃນການຕັ້ງໃຈກັບສິ່ງໃດສິ່ງໜຶ່ງ?",A: ວຽກບ້ານ
"ອີງໃສ່ບົດອ່ານ, ເປັນຫຍັງເດັກນ້ອຍທີ່ພາວະສະມາທິສັ້ນຈຶ່ງມີພຶດຕິກຳທີ່ມີຄວາມສ່ຽງ?",D: ເພື່ອກະຕຸ້ນສະໝອງ
"ອີງຕາມຂໍ້ມູນໃນບົດອ່ານ, ສິ່ງໃດທີ່ບໍ່ແມ່ນຕົວຢ່າງຂອງການຮຽນແບບປີກຍ່ອຍ?",C: ຫຼັກສູດການສຶກສາສ່ວນບຸກຄົນເອກະເທດ
ສິ່ງໃດທີ່ບໍ່ອະທິບາຍແນວຄວາມຄິດຂອງການຮຽນແບບປີກຍ່ອຍ?,C: ຮັບຮູ້ອີກຊື່ໜຶ່ງແມ່ນການຮຽນຮູ້ທີ່ອີງໃສ່ການເຮັດໂຄງການເປັນຫຼັກ
"ອີງໃສ່ບົດອ່ານ, ຄຸນສົມບັດຂອງ MySpace ໃຫ້ຜົນປະໂຫຍດຫຍັງແດ່ແກ່ນັກຮຽນຜູ້ທີ່ມີບັນຫາດ້ານການອ່ານ?",A: ການປັບປ່ຽນ
"ອີງໃສ່ບົດອ່ານ, ຂໍ້ໃດຕໍ່ໄປນີ້ທີ່ບໍ່ແມ່ນພາກສ່ວນຄຳຕອບຂອງ Krushchev ຕໍ່ກັບການຈະລາຈົນຂອງແຮງງານ?",C: ເພີ່ມການຕັດຄ່າແຮງ
ຂໍ້ໃດຕໍ່ໄປນີ້ທີ່ບໍ່ແມ່ນສາເຫດຂອງການກໍ່ຈະລາຈົນໃນປະເທດ ໂປແລນ?,D: ການແຕ່ງຕັ້ງ Wladyslaw Gomulka
"ອີງໃສ່ບົດອ່ານ, ຂໍ້ໃດຕໍ່ໄປນີ້ບໍ່ໄດ້ສະທ້ອນເຖິງຄວາມສຳພັນຂອງ ສະຫະພາບໂຊວຽດ ແລະ ສະຫະລັດ?",B: ຄວາມຄິດເຫັນຕໍ່ເຢຍລະມັນ
ຂໍ້ໃດຕໍ່ໄປນີ້ທີ່ບໍ່ອະທິບາຍຈຸດປະສົງການສົ່ງຊີບພະຈອນເສັ້ນປະສາດຜ່ານຮ່າງກາຍໄດ້ຢ່າງຖືກຕ້ອງ?,A: ການໄຫຼວຽນຂອງເລືອດຊ້າ
ແມ່ນຍັງທີ່ສາມາດພົບເຫັນໄດ້ໃນເຂດພູພຽງ Giza?,"The correct answer is:

D: ປີຣາມິດທີ່ຍິ່ງໃຫຍ່"
ຈຸດປະສົງຂອງປິຣະມິດທີ່ຍິ່ງໃຫຍ່ແມ່ນເພື່ອຫຍັງ?,B: ເພື່ອເປັນກຽດໃຫ່ແກ່ ກະສັດ ຟາໂຣ
ໃຜຮັບຜິດຊອບຕໍ່ຄວາມຮູ້ຂອງພວກເຮົາກ່ຽວກັບຜູ້ລອບວາງເພີງທີ່ທຳລາຍວັດ?,C: ສະແຕຣັບໂບ
ສິ່ງໃດແມ່ນຂໍ້ຄວາມທີ່ຖືກຕ້ອງກ່ຽວກັບການສ້າງວັດ Artemis ຄືນໃໝ່?,"ຕົວເລືອກທີ່ຖືກຕ້ອງຄື:

B: ວັດໄດ້ຖືກສ້າງຄືນໃນລະບອບຂອງພະເຈົ້າ ອາເລັກຊານເດີ ມະຫາລາດ

อย่างไรก็ตาม, โปรดสังเกตว่าแม้ว่า Alexander มหาราชยื่นข้อเสนอที่จะช่วยสร้างวิหารใหม่ ข้อเสนอนั้นถูกปฏิเสธโดยชาว Ephesian. ร้าน Magisterium ของ Alexandria มาก่อสร้างวิหารขึ้นใหม่อีกครั้งหลังการตายของ Alexander ในปี 323 ก่อนคริสต์ศักราช."
"ອີງໃສ່ບົດອ່ານ, ສາຍພັນຕ່າງໆຮູ້ວິທີຍ່າງສອງຂາໃນຕອນໃດທີ່ໃກ້ຄຽງທີ່ສຸດ?",D: 4.2 ລ້ານປີກ່ອນ
ສາຍພັນໃດທີ່ຍ່າງສອງຂາເປັນປະຈຳ?,C: ມະນຸດຍຸກທີ່ມີຄວາມຊ່ຽວຊານໃນການຍ່າງ
ກອງເຮືອເຢຍລະມັນພະຍາຍາມຈະບັນລຸຫຍັງໃນລະຫວ່າງ WWII?,A: ຂັດຂວາງການລຳລຽງສິນຄ້າຈາກອັງກິດ
"ອີງຕາມຂໍ້ມູນໃນບົດອ່ານ, ໃຜປະສົບຜົນສຳເລັດທີ່ສຸດໃນສົງຄາມທາງທະເລລະຫວ່າງການເຮັດສົງຄາມໃນແອັດແລນຕິກເໜືອ?",A: ອັງກິດ ແລະ ອາເມລິກາ
ແມ່ນຫຍັງທີ່ບໍ່ມີຕອນທີ່ Assyrians ນຳໃຊ້ ທະຫານມ້າ?,A: ອານມ້າ
ການຕໍ່ສູ້ແມ່ນໃຊ້ທະຫານມ້າສູ້ແນວໃດ?,C: ເທິງຫຼັງມ້າ
"ອີງໃສ່ບົດອ່ານ, ທ່ານຈະບໍ່ເຫັນປະຊາຊົນຊາວ Babylonian ໂດຍສະເລ່ຍຢູ່ໃສ?","D: ເອົາມາບູຊາຍັນຢູ່ທາງໃນຂອງສວນ

ຕາມຂໍ້ມູນຈາກບົດອ່ານ, ທາງໃນຂອງພະວິຫານແມ່ນບ່ອນສັກສິດທີ່ແຕ່ນັກບວດເທົ່ານັ້ນທີ່ສາມາດເຂົ້າໄປໄດ້, ດັ່ງນັ້ນປະຊາຊົນທົ່ວໄປຈະບໍ່ເຫັນຢູ່ໃນສ່ວນນັ້ນ."
ຂໍ້ໃດຕໍ່ໄປນີ້ທີ່ເປັນສິ່ງສຳລັບນັກບວດໂດຍສະເພາະ?,C: ພິທີກຳ
ກະສັດ Tutankhamun ກາຍເປັນຂ່າວບໍ່ດີຕອນໃດ?,C: ພາຍຫຼັງຈາກຄົ້ນພົບສຸສານຂອງລາວ
ແມ່ນຫຍັງທີ່ເຮັດໃຫ້ກະສັດ Tutankhamun ເປັນທີ່ຮູ້ຈັກໃນໝູ່ກະສັດຂອງ ອີຢິບ?,A: ການຄົ້ນພົບສຸສານທີ່ບໍ່ຖືກລົບກວນຂອງລາວ
ແມ່ນຫຍັງທີ່ກະວີຊາວກຣີກ ຮອມເມີ ບໍ່ສາມາດເຮັດໄດ້?,B: ເບິ່ງເຫັນ
ຊາວກຣີກຄົນໃດທີ່ເປັນທີ່ຮູ້ຈັກໃນການເຮັດຢ່າງອື່ນນອກຈາກວັນນະຄະດີ?,C: Pythagoras
ຄອບຄົວຂອງຊາວ Hebrew ໃຊ້ເວລາສ່ວນໃຫຍ່ຢູ່ໃສ?,A: ບ່ອນອາກາດໂລ່ງ
ແມ່ນຫຍັງທີ່ບໍ່ແມ່ນສິ່ງສຳຄັນສຳລັບຄອບຄົວຊາວ Hebrew?,C: ບ້ານຂອງພວກເຂົາ
ຂໍ້ໃດຕໍ່ໄປນີ້ທີ່ບໍ່ໄດ້ອະທິບາຍວ່າເປັນຄວາມແຕກຕ່າງລະຫວ່າງປະເທດແຖບ Scandinavian ໄດ້ຖືກຕ້ອງ?,B: ແຜ່ນດິນ
ໃຜເປັນຜູ້ມາຕັ້ງຖິ່ນຖານໃນ Greenland ກ່ອນໝູ່?,A: ເຜົ່າ ເອສກີໂມ
ກຸ່ມໃດທີ່ມັກກິນເຂົ້າບໍ່ນັ່ງຕັ່ງ?,B: ຊາຍຊາວໂຣມັນຜູ້ທຸກຍາກ
ຂໍ້ໃດຕໍ່ໄປນີ້ທີ່ບໍ່ແມ່ນສ່ວນໜຶ່ງຂອງງານສະຫຼອງຂອງຊາວໂຣມັນບູຮານ?,D: ຖາດໄກ່ງວງອົບ
"ອີງໃສ່ບົດອ່ານ, ຂໍ້ໃດຕໍ່ໄປນີ້ທີ່ບໍ່ໜ້າຈະມີຜົນກະທົບຖາວອນ?",B: ວັດທະນະທຳສ່ວນນ້ອຍ
"ອີງໃສ່ບົດອ່ານ, ແມ່ນຫຍັງທີ່ສ້າງຊາດ?",C: ເມືອງທີ່ເປັນລັດ
ຂໍ້ຄວາມໃດກ່ຽວກັບ Drukgyal Dzong ທີບໍ່ແມ່ນຄວາມຈິງ?,C: ໄຟໄດ້ທຳລາຍປ້ອມປາການຫຼາຍບ່ອນ
ຂໍ້ຄວາມໃດທີ່ອະທິບາຍຜົນໄດ້ຮັບຈາກໄຟໄໝ້ທີ່ Drukgyal Dzong ໄດ້ຢ່າງຖືກຕ້ອງ?,A: ສິ່ງລະນຶກທີ່ຫຼົງເຫຼືອຢູ່ຈາກພະທາດແມ່ນ ຮູບຂອງ Zhabdrung Ngawang Namgyal
ຂໍ້ຄວາມໃດຕໍ່ໄປນີ້ກ່ຽວກັບກຳປູເຈຍເປັນຄວາມຈິງ?,D: ໄທທຳລາຍເມືອງພະນົມເປນ
ຂໍ້ຄວາມໃດຕໍ່ໄປນີ້ອະທິບາຍກ່ຽວກັບການຮຸກຮານກຳປູເຈຍໄດ້ຢ່າງຖືກຕ້ອງ?,D: ໄທຮຸກຮານກຳປູເຈຍຫຼາຍຄັ້ງ
ຂໍ້ໃດຕໍ່ໄປນີ້ທີ່ບໍລິສັດອິນເດຍຕາເວັນອອກຂອງຊາວດັຊບໍ່ໄດ້ເຮັດໃນເວລາທີ່ຢູ່ໄຕ້ຫວັນ?,"D: ສະມັກໃຈໃນການຄວບຄຸມການຍົກໄຕ້ຫວັນໃຫ້ແກ່ລາຊະວົງຊິງ

ບໍລິສັດອິນເດຍຕາເວັນອອກຂອງຊາວດັຊບໍ່ໄດ້ເຮັດການຄວບຄຸມການຍົກໄຕ້ຫວັນໃຫ້ແກ່ລາຊະວົງຊິງ. ການຍົກໄທ້ຫວັນໃຫ້ຍິປຸ່ນເກີດຂຶ້ນຕໍ່ຫຼັງຈາກການເສຍສົງຄາມໄປ ແລະ ເປັນສ່ວນໜຶ່ງຂອງສົນທິສັນຍາ Shimonoseki."
ສັນຍາ Shimonoseki ໄດ້ສ້າງຫຍັງ?,D: ອຳນາດຂອງຢີ່ປຸ່ນແມ່ນຄວບຄຸມໄຕ້ຫວັນ
ລະດັບ pH ຂອງທາດເຄມີແມ່ນວັດແນວໃດ?,A: ເບີ່ງພື້ນຖານ ຫຼື ຄວາມເປັນກົດຂອງເຄມີແນວໃດ
ແມ່ນຫຍັງທີ່ຖືກດຶງອອກຈາກປະຈຸໄຮໂດຣເຈນ?,D: ອີເລັກຕຣອນ
ຂໍ້ຄວາມໃດຕໍ່ໄປນີ້ທີ່ບໍ່ອະທິບາຍຄວາມຍິ່ງໃຫຍ່ຂອງສິງໂຕທີ່ຖືກຕ້ອງ?,"C: ຕົວຜູ້ ແລະ ຕົວແມ່ແມ່ນຄ້າຍຄືກັນຫຼາຍ

ຂໍ້ນີ້ບໍ່ອະທິບາຍຄວາມຍິ່ງໃຫຍ່ຂອງສິງໂຕເນາະ."
ຂໍ້ຄວາມໃດທີ່ບໍ່ອະທິບາຍພຶດຕິກຳຂອງສິງໂຕຢ່າງຖືກຕ້ອງ?,"D: ພຶດຕິກຳແມ່ນຄ້າຍຄືກັບແມວໃຫຍ່ອື່ນໆ

ສິງໂຕມີຄວາມແຕກຕ່າງຈາກແມວໃຫຍ່ອື່ນໆຫຼາຍ ໃນສະຖານທີ່ວ່າພວກມັນເປັນສັດສັງຄົມ ຢູ່ເປັນຝູງ, ໃນຂະນະທີ່ແມວໃຫຍ່ທົ່ວໄປມັກຈະເປັນສິນເດີ."
ກະຕ່າຍແມ່ເຫຍື່ອປົກກະຕິຂອງສັດນັກລ່າປະເພດໃດ?,C: ແມວຂະໜາດກາງ
ປົກກະຕິແມວຂະໜາດນ້ອຍຈະລ່າສິ່ງໃດ?,A: ໜູ
ຂໍ້ໃດຕໍ່ໄປນີ້ທີ່ບໍ່ແມ່ນສ່ວນໜຶ່ງຂອງວິທີການລ່າເຫຍື່ອຂອງແມວປ່າ?,"D: ລ່າສະເພາະສັດທີ່ມີຂະໜາດນ້ອຍເທົ່ານັ້ນ

ຂໍ້ນີ້ບໍ່ແມ່ນສ່ວນໜຶ່ງຂອງວິທີການລ່າເຫຍື່ອຂອງແມວປ່າ. ແມ່ນແຕ່ວ່າແມວປ່າມັກລ່າສັດທີ່ມີຂະໜາດນ້ອຍກວ່າມັນ, ແຕ່ບໍ່ໄດ້ລ່າສະເພາະແຕ່ສັດນ້ອຍ."
ຂໍ້ໃດຕໍ່ໄປນີ້ທີ່ບໍ່ອະທິບາຍກ່ຽວກັບແມວປ່າໄດ້ຢ່າງຖືກຕ້ອງ? ,C: ປະສາດຮັບກິ່ນຂອງພວກມັນບໍ່ດີ
ຂໍ້ໃດຕໍ່ໄປນີ້ທີ່ຖືວ່າບໍ່ແມ່ນຄວາມແຂງແກ່ງທີ່ສຸດຂອງເສືອໂຄ່ງ?,"B: ການປີນ

ເຫດຜົນໃນການເລືອກນີ້ແມ່ນວ່າໃນຂໍ້ຄວາມໄດ້ອະທິບາຍໄວ້ແລ້ວວ່າເສືອສາມາດປີນໄດ້ແຕ່ບໍ່ໄດ້ເປັນຈຸດແຂງແກ່ງຂອງມັນ."
"ອີງໃສ່ບົດອ່ານ, ຂໍ້ໃດເຫຼົ່ານີ້ແມ່ນຄວາມແຕກຕ່າງລະຫວ່າງເສືອກັບສິງໂຕ?",B: ສຽງຄຳລາມຂອງພວກມັນ
"ອີງໃສ່ບົດອ່ານ, ແມ່ນຫຍັງທີ່ Robert Hooke ເຮັດກ່ອນນັກຊີວະວິທະຍາຄົນອື່ນໆ?",A: ສັງເກດຂອງເຊວທີ່ຕາຍ
ຕົ້ນກຳເນີດຂອງຄຳວ່າ “ເຊລ” ແມ່ນໝາຍເຖິງຫຍັງ?,B: ຫ້ອງນ້ອຍ
"ອີງໃສ່ບົດອ່ານ, ສັດສ່ວນໃຫຍ່ມີຄວາມສາມາດເຮັດຫຍັງໄດ້ແດ່?",B: ເຄື່ອນທີ່
"ອີງໃສ່ບົດອ່ານ, ແມ່ນຫຍັງທີ່ສັດບາງຈຳພວກບໍ່ມີ?",C: ສະໝອງ
ແມ່ນຫຍັງທີ່ຊ່ວຍໃຫ້ພືດສັງເຄາະແສງ?,D: ຕາເວັນ
ມະນຸດຫາຍໃຈເອົາຫຍັງອອກທີ່ພືດດູດເອົາ?,D: ສານຄາບອນ ໄດອັອກຊາຍ
"ອີງໃສ່ບົດອ່ານ, ຕົວຢ່າງໃດຕໍ່ໄປນີ້ທີ່ເຮັດໃຫ້ມີຂະບວນວິວັດທະນາການ?",B: ສ່ວນໜຶ່ງຂອງຈຳນວນປະຊາກອນໜຶ່ງຍ້າຍໄປຢູ່ສະພາບແວດດລ້ອມໃໝ່
ຂໍ້ຄວາມໃດຕໍ່ໄປນີ້ບໍ່ອະທິບາຍຂັ້ນຕອນການເກີດສາຍພັນໃໝ່ໄດ້ຢ່າງຖືກຕ້ອງ? ,A: ມັນເກີດຂຶ້ນເມື່ອປະຊາກອນໃໝ່ບໍ່ສາມາດປັບຕົວໄດ້
ສ່ວນໃດຂອງລະບົບໄຫຼວຽນທີ່ເອົາເລືອດເຂົ້າສູ່ຫົວໃຈ?,D: ເສັ້ນເລືອດດຳ
ທໍ່ໂຕໃດທີ່ມີຂະໜາດນ້ອຍທີ່ສຸດໃນລະບົບໄຫຼວຽນຂອງເລືອດ?,A: ເສັ້ນເລືອດຝອຍ
ຄວາມສາມາດຂອງແມງໄມ້ແມ່ນພັບປີກກັບຫຼັງເພື່ອເພີ່ມຫຍັງຕໍ່ໄປນີ້?,B: ພື້ນທີ່ເຊື່ອງ
ຂໍ້ໃດຕໍໄປນີ້ທີ່ບໍ່ໄດ້ກ່າວໄວ້ຢູ່ໃນບົດອ່ານທີ່ເປັນບາງສິ່ງທີ່ສົ່ງຜົນກະທົບຕໍ່ຄວາມສາມາດໃນການບິນຂອງແມງໄມ້?,B: ອາຍຸໄຂ
ລັກສະນະໃດຕໍ່ໄປນີ້ທີ່ບໍ່ກ່ຽວກັບໄດໂນເສົາໂດຍທົ່ວໄປ?,B: ຂົນ
ຂໍ້ໃດຕໍ່ໄປນີ້ທີ່ບໍ່ຖືວ່າມີລັກສະນະຮ່ວມກັນຂອງນົກ ແລະ ໄດໂນເສົາ?,"C: ຄວາມສາມາດໃນການບິນ

ນົກມີຄວາມສາມາດໃນການບິນຂະນະທີ່ໄດໂນເສົາບໍ່ສາມາດບິນໄດ້."
"ອີງໃສ່ບົດອ່ານ, ສ່ວນໃດຂອງໄມ້ຕະກູນຜັກກູດທີ່ Triceratops ຈະກິນ?",A: ໃບທີ່ມີໜາມແຫຼມ
"ອີງໃສ່ບົດອ່ານ, ຂໍ້ໃດຕໍ່ໄປນີ້ທີ່ Triceratops ອາດຈະກິນຫຼາຍທີ່ສຸດ? ","D: ພືດທີ່ມີໝາກເປັນພິດ

ເນື່ອງຈາກ Triceratops ສາມາດທີ່ຈະກິນຕົ້ນປົງ (cycads) ຫຼື ພືດອື່ນໆທີ່ມີຄວາມໜາແລະແຂງທີ່ຕ້ອງໃຊ້ແຂ້ວຂອງມັນເພື່ອແກະໃບ."
"ອີງໃສ່ບົດອ່ານ, ກິລາຊະນິດໃດຕໍ່ໄປນີ້ທີ່ເປັນທີ່ນິຍົມໃນເຂດເໜືອສຸດຂອງປະເທດອີຕາລີ?",C: ກະດານໂຕ້ຫິມະ
"ອີງໃສ່ຂໍ້ມູນໃນບົດອ່ານ, ກິລາປະເພດໃດຕໍ່ໄປນີ້ທີ່ປະເທດອີຕາລີໄດ້ຊະນະລາງວັນແຊ້ມໂລກ?",A: ບານເຕະ
ຫຼັງຈາກເຫດການໃດທີ່ສ່ວນໜຶ່ງຂອງລຸກຊຳບວກ ກາຍເປັນປະເທດ ເບວຢ້ຽມ?,B: ການປະຕິວັດເບວຢ້ຽມ
ຂໍ້ໃດຕໍ່ໄປນີ້ທີ່ສົ່ງຜົນກະທົບຕໍ່ຄວາມເປັນກາງຂອງປະເທດ ລຸກຊຳບວກ?,A: ການເຂົ້າຍຶດຄອງຂອງເຢຍລະມັນ
ເຂດແດນຂອງປະເທດຕູຣາກີທີ່ຢູ່ໃນທະວີບເອີຣົບມີທັງໝົດຈັກຕາລາງກິໂລແມັດ?,A: 9174
"ອີງໃສ່ບົດອ່ານ, ປະເທດຕູຣາກີຍາວຈັກໄມລ໌?",D: 1000
ພາສາລາຕິນໃດທີ່ໃຊ້ໃນກຸງ ວາຕິກັນ?,A: ພິທີທາງສາສະໜາ
"ຢູ່ ເມືອງຫຼວງ ວາຕິກັນ, ພາສາອີຕາລີບໍ່ໄດ້ໃຊ້ເຮັດຫຍັງ?",C: ພີທີທາງສາສະໜາ
"ອີງໃສ່ບົດອ່ານ, ຜົນປະໂຫຍດໃດຕໍ່ໄປນີ້ມາຈາກການປະສົມສຽງໃນຄອມພິວເຕີທີ່ຊັບຊ້ອນ?",ຄຳຕອບທີ່ຖືກຕ້ອງແມ່ນ A: ເພງ
"ອີງໃສ່ບົດອ່ານ, ເຮືອນສ່ວນໃຫຍ່ຢູ່ເຂດໃດທີ່ມີຫ້ອງນ້ຳທີ່ມີນຳ້ລ້າງ?",A: ໂມເຮັນໂຈ-ດາໂຣ
ໃນເຂດໃດຕໍ່ໄປນີ້ທີ່ພົບວ່າມີລະບົບທໍນ້ຳເສຍທີ່ກ້າວໜ້າ?,A: ຮາຣັບປາ
ສາເຫດໃດຕໍ່ໄປນີ້ທີ່ເຮັດໃຫ້ນັກສະເກັດຫັນກັບ?,A: ໂຄ້ງນ້ອຍຢູ່ທາງລຸ່ມຂອງໃບມີດສະເກັດ
"ອີງໃສ່ບົດອ່ານ, ຂໍ້ໃດຕໍ່ໄປນີ້ທີ່ອະທິບາຍ ຊ່ອງວ່າງຂອງໃບມີດຂອງສະເກັດສະໄໝໃໝ່ໄດ້ຢ່າງຖືກຕ້ອງ?","D: ຄວາມອຽງ

ໃນບົດອ່ານໄດ້ກ່າວວ່າໃບມີດຂອງສະເກັດທັນສະໄໝມີຄວາມອຽງ ທີ່ສຳຜັດກັບນ້ຳແຂງ, ຊຶ່ງເປັນຂອບທີ່ທຳໃຫ້ສະເກັດລ້ຽວ."
"ອີງໃສ່ບົດອ່ານ, ຂັ້ນຕອນທີ່ເຮັດໃຫ້ອາຕອມຫຼຸດຜ່ອນພະລັງງານຫຼາຍເກີນໄປຈາກແສງແມ່ນຫັຍງ?",D: ການກະຕຸ້ນການປ່ອຍລັງສີ
ແມ່ນຫຍັງທີ່ເປັນສາເຫດໃຫ້ອາຕອມປ່ອຍໂຟຕອນ?,A: ການປ່ອຍພະລັງງານເກີນ
"ອີງໃສ່ບົດອ່ານ, ແມ່ນຫຍັງທີ່ເຮັດໃຫ້ດອກໄຟບໍ່ຮຸ່ງ?",C: ໄສ້ຂອງດອກໄຟຢູ່ທາງໃນໄໝ້.
ຂໍ້ໃດຕໍ່ໄປນີ້ເປັນອັດຕະລາຍເມື່ອສຳຜັດໃນຂະນະທີ່ປ່ຽນດອກໄຟ?,C: ຖານຂອງດອກໄຟ
"ອີງໃສ່ບົດອ່ານ, ເກີດຫຍັງຂຶ້ນຖ້າພະລັງງານນິວເຄລຍມີການແຍກຕົວ?",B: ພະລັງງານຖືກປ່ອຍອອກມາ
ຂໍ້ໃດຕໍ່ໄປນີ້ທີ່ສະທ້ອນເຖິງການໂທທາງໄກກັບມາຫາໂລກ,B: ດາວທຽມ
ສິ່ງໃດເຫຼົ່ານີ້ທີ່ຖືກໃຊ້ເພື່ອເອົາກ້ອງສອງດາວຂຶ້ນໄປເທິງອາວະກາດ?,B: ຈະຫຼວດ
ສີ່ງໃດທີ່ຄວນບັນທຶກໄວ້ກ່ຽວກັບລາຍການແຂ່ງຂັນລົດຖີບເພື່ອຕິດຕາມເວລາທີ່ຜ່ານມາ?,B: ຮອບ
"ອີງໃສ່ບົດອ່ານ, ແງ່ມຸມໃດຂອງລາຍການທີ່ໃຊ້ເວລາເປັນຕົວປຽບທຽບ?",B: ຮອບ
"ອີງໃສ່ບົດອ່ານ, ຂໍ້ໃດຕໍ່ໄປນີ້ທີ່ຖືວ່າເປັນສິ່ງປົກກະຕິຂອງການແຕ່ງຕັ້ງທາຍາດ?",B: ການອອກຮຽນມະຫາວິທະຍາໄລເພື່ອເຂົ້າຮ່ວມກອງທັບ
"ອີງຕາມຂໍ້ມູນໃນບົດອ່ານ, ພະເຈົ້າ Charles ແມ່ນຜູ້ທຳອິດທີ່ເຮັດຫຍັງ?",C: ມີໃບປະລິນຍາ
ປະເທດໃດທີ່ Trygvasson ໜີອອກມາ?,D: ປະເທດ ນໍເວ
ຕອນໃດໃນປະຫວັດສາດທີ່ປະເທດເຢຍລະມັນອອກແຮງແຂງຂັນໃນການສ້າງອິດທິພົນໃນແຄວ້ນ ເອສໂຕເນຍ?,A: ປະມານ 200 ປີ ທີ່ແລ້ວ
ພາສາ ເອສໂຕເນຍ ໄດ້ຮັບອິດທິພົນມາຈາກຫຍັງ?,B: ພະຍັນຊະນະຂອງພາສາ ເຢຍລະມັນ
"ອີງໃສ່ບົດອ່ານ, ຈຳນວນຜູ້ທີ່ເວົ້າພາສາ ຮິນດີ ພື້ນເມືອງບໍ່ຄົງທີ່ຍ້ອນປັດໃຈໃດ?",A: ຖ້ານັບເອົາສຳນຽງຄ້າຍຄືກັບພາສາ ຮິນດິ
ຂໍ້ໃດຕໍ່ໄປນີ້ແມ່ນຂໍ້ຄວາມທີ່ຖືກຕ້ອງກ່ຽວກັບພາສາ ຮິນດິ ແລະ ເອີດູ?,B: ຕົວໜັງສືຕ່າງກັນ
ຂໍ້ໃດຕໍ່ໄປນີ້ທີ່ບໍ່ແມ່ນຄວາມຈິງທີ່ຖືກຕ້ອງກ່ຽວກັບພະຍັນຊະນະ Hangeul?,"B: ຊື່ທຳອິດຂອງພະຍັນຊະນະແມ່ນ ຫູໜານ ຈອງອືມ

ข้อนี้ไม่ถูกต้องเพราะชื่อเดิมของอักษร Hangeul คือ ""Hunmin Jeongeum"" ไม่ใช่ ""หูหนาน จองอืม"""
ພະຍັນຊະນະ ຮັນມິນ ຈອງອຶມ ໄດ້ຮັບການປ່ຽນແປງຫຍັງສຸດທ້າຍ?,The correct answer is B: ຮັງອຶລ.
"ອີງໃສ່ບົດອ່ານ, ພາສາໃດທີ່ໄດ້ຮັບອິດທິພົນມາຈາກພາສາສັນສະກຣິດ?",D: ພາສາອິນເດຍ
"ອີງໃສ່ບົດອ່ານ, ການໃຊ້ພາສາສັນສະກຣິດລຸດລົງຍ້ອນຫຍັງ?",D: ລະດັບອຳນາດ
"ອີງໃສ່ບົດອ່ານ, ຂໍ້ໃດຕໍ່ໄປນີ້ແມ່ນຂໍ້ຄວາມທີ່ຖືກຕ້ອງກ່ຽວກັບແຮງໂນ້ມຖ່ວງຂອງດວງຈັນ?","The correct answer is D: ແຮງໂນ້ມຖ່ວງຂອງໂລກຈະດຶງທ່ານຫຼາຍກວ່າແຮງໂນ້ມຖ່ວງຂອງດວງຈັນ. This is because the gravitational pull on Io is less than that on Earth, resulting in a lower weight on Io compared to Earth."
"ອີງໃສ່ບົດອ່ານ, ຂໍ້ຄວາມໃດຕໍ່ໄປນີ້ທີ່ອະທິບາຍຊັ້ນເປືອກນອກຂອງດວງຈັນໄດ້ຖືກຕ້ອງ?","D: ອາດມີເຂດພື້ນທີ່ຮາບຕໍ່າຢູ່ດ້ານໃຕ້ບ່ອນດິນສູງ

This option aligns with the information that the crust of the Moon is thinner in lowland areas and thicker in highland areas, which suggests that lowlands might be beneath highland regions."
"ອີງໃສ່ບົດອ່ານ, ເປືອກຂອງດວງຈັນໜາສຸດຢູ່ບ່ອນໃດ?",C: ກ້ອງບ່ອນດິນສູງ
"ອີງໃສ່ບົດອ່ານ, ຂໍ້ໃດຕໍ່ໄປນີ້ທີ່ເຊື່ອໂດຍຄົນບາງຈຳພວກ?",C: ມີສິ່ງມີຊີວິດຢູ່ດາວເຄາະອື່ນ
ແມ່ນຫຍັງຈະບາງລົງຖ້າທ່ານຍ້າຍອອກຈາກສູນກາງຂອງຕາເວັນ?,C: ມວນສານກາສ
"ອີງໃສ່ບົດອ່ານ, ສ່ວນໃດຂອງຕະເວັນທີ່ເບິ່ງເຫັນຈາກໂລກ?",B: ມວນສານ ພລາສມາ
ການສັງເກດໃດຈຕໍ່ໄປນີ້ທີ່ຊ່ວຍໃຫ້ຢັ້ງຢືນທິດສະດີຂອງ ຄັອບເປີນີຄັສ?,A: ໄລຍະຂອງດາວ ສຸກ
ຂໍ້ໃດຕໍ່ໄປນີ້ທີ່ໄດ້ຮັບການສັງເກດໂດຍ ກາລິເລໂອ ກາລິເລ ໃນປີ 1610?,B: ໄລຍະຂອງດາວ ສຸກ
"ອີງໃສ່ບົດອ່ານ, ແມ່ນ້ຳອາເມຊອນເອົານ້ຳມາແຕ່ໃສ?",A: ແມ່ນ້ຳນ້ອຍ
ລາງວັນໃດທີ່ບໍ່ກ່ຽວກັບແມ່ນ້ຳອາເມຊອນ?,C: ແມ່ນແມ່ນ້ຳທີ່ຍາວທີ່ສຸດ
ສາຍວຽກໃດທີ່ໄດ້ກ່າວເຖິງຢູ່ໃນບົດອ່ານທີ່ຈ້າງຈຳນວນຄົນງານຊາວ ເວເນຊູເອລາ ນ້ອຍທີ່ສຸດ?,C: ນ້ຳມັນ
"ອີງໃສ່ບົດອ່ານ, ພາກສ່ວນໃດຕໍ່ໄປນີ້ຈ້າງຈຳນວນພະນັກງານທີ່ເປັນຊາວເວເນຊູເອລາ ຫຼາຍທີ່ສຸດ?",A: ການບໍລິການ
"ອີງໃສ່ບົດອ່ານ, ການປົດປ່ອຍພະລັງງານເຮັດໃຫ້ດວງດາວເຮັດຫຍັງ?",C: ກໍ່ໃຫ້ເກີດແສງ ແລະ ຄວາມຮ້ອນ
ຂໍ້ໃດຕໍ່ໄປນີ້ທີ່ເປັນປະໂຫຍດຈາກການປ່ອຍພະລັງງານທີ່ຕົວປະຕິກິລິຍາໄດ້ສ້າງຂຶ້ນ?,"The correct answer is:

D: ພະລັງງານ (Energy)"
ນ້ຳເກີດຈາກທາດເຄມີໃດ?,D: ອາຕອມຂອງໄຮໂດຣເຈນສອງສ່ວນ ແລະ ອາຕອມຂອງອັອກຊີເຈນ ໜຶ່ງສ່ວນ
"ເມື່ອນ້ຳປ່ຽນຮູບຮ່າງ, ແມ່ນຫຍັງທີ່ຍັງຄືເກົ່າ?",A: ໂຄງສ້າງໂມເລກູນ
"ອີງໃສ່ບົດອ່ານ, ຂໍ້ໃດຕໍ່ໄປນີ້ທີ່ບໍ່ແມ່ນບັນຫາຂອງລັດທີສິບສາມເມື່ອບັງຄັບໃຊ້ກົດໝາຍໃດໜຶ່ງ?",A: ການກວດກາໜັກຈາກເຈົ້າໜ້າທີ່ລັດ
"ອີງໃສ່ບົດອ່ານ, ຂໍ້ຄວາມໃດສະທ້ອນວ່າລັດທີ່ເປັນລັດຖະບານກາງໃນລະຫວ່າງສົງຄາມປະຕິວັດໄດ້ຢ່າງຖືກຕ້ອງ?",C: ຕົວແທນຈາກລັດແມ່ນບໍ່ມີການນຳສະເໜີ
ຄຳເວົ້າຢູ່ດ້ານຫຼັງຂອງຖະແຫຼງການປະກາດເອກະລາດຂຽນແນວໃດ?,A: ເປັນຕົວໜັງສືໃຫຍ່
ສິງກະໂປມີຊື່ສຽງດ້ານໃດຕໍ່ໄປນີ້?,A: ເມືອງສີຂຽວ
ວັນດາ Miss Joaquim ແມ່ນຫຍັງ ?,B: ດອກໄມ້
"ອີງໃສ່ບົດອ່ານ, ຄຸນນະພາບໃດຂອງ ປີຣາມິດ ກີຊ່າ ແມ່ນບໍ່ຍິ່ງໃຫຍ່ເທົ່າອານາຈັກອີຢິບໃໝ່?",C: ຂະໜາດຂອງພວກມັນ
"ອີງໃສ່ບົດອ່ານ, ສັດກິນພືດເດີນທາງຈາກໃສເພື່ອຕິດຕາມຝົນ?",C: ທົ່ງພຽງຕອນໃຕ້
"ອີງໃສ່ບົດອ່ານ, ເຂດໃດທີ່ສັດກິນພືດເດີນທາງຈາກໃນຊ່ວງເດືອນເມສາ?",B: ທົ່ງພຽງຕອນໃຕ້
ການປະຕິບັດການ ຊີໄລອ້ອນ ແມ່ນການຮຸກຮານຂອງປະເທດໃດ?,A: ປະເທດ ເຢຍລະມັນ
ປະເທດເຢຍລະມັນເອີ້ນການໂຈມຕີປະເທດອັງກິດວ່າແນວໃດ?,B: ປະຕິບັດການ ຊີໄລອ້ອນ
ແມ່ນຫຍັງທີ່ບໍ່ໄດ້ກ່າວເຖິງທີ່ເປັນຂັ້ນຕອນສຳຄັນໃນແຜນຂອງປະເທດອີຕາລີເພື່ອຍຶດຄອງບັນດາປະເທດແຖວແອຟຣິກາ?,A: ກຳຈັດເຮືອຂອງປະເທດອີຢິບ
"ອີງໃສ່ບົດອ່ານ, ແມ່ນຫຍັງທີ່ຖືວ່າເປັນຈຸດປະສົງຫຼັກຂອງປະເທດອີຕາລີໃນການກໍ່ສົງຄາມ?",A: ເພື່ອຍຶດຄອງປະເທດແຖບແອຟຣິກາ
ໃຜເປັນຜູ້ສ້າງສຳພັນທະພາບທີ່ດີກັບຜູ້ຮູກຮານ?,B: ຄົນຝຣັ່ງ Vichy
ໃຜແມ່ນພັນທະມິດທີ່ດຶງມາມີສ່ວນຮ່ວມໃນປະຕິບັດການ ດຣາກູນ?,A: ອາເມລິກາ ແລະ ຝຣັ່ງເສລີ
ການພັດທະນາເທັກໂນໂລຢີໃດທີ່ສາມາດເຮັດໃຫ້ເຮືອດຳນ້ຳສາມາດເດີນທາງໃຕ້ນ້ຳໄດ້?,ເລືອກ C: ການນຳທາງ
"ລະຫວ່າງການໃຊ້ຄັ້ງທຳອິດ, ເຮືອດຳນ້ຳມີໄລຍະຈຳກັດຢຸ່ບ່ອນໃດ?",C: ການຍິງ
"ອີງໃສ່ບົດອ່ານ, ໃຜລະເມີດຂໍ້ຕົກລົງ? ",D: ໂຊວຽດ
ຂໍ້ໃດຕໍ່ໄປນີ້ທີ່ທະຫານແດງບໍ່ໄດ້ເຮັດ?,C: ຈັດໂຄງສ້າງຄືນໃໝ່ຕາມແນວຫົວສະພານ
ເກີດຫຍັງຂຶ້ນກັບຫົວໜ້າວິສະວະກຳອີຕາລີໃນກອງກຳລັງທີ ສິບ?,C: ລາວຖືກຈັບໂຕໂດຍຝ່າຍອັງກິດ
ອີຕາໂລ ບາລໂບ ຖືກສັງຫານຢູ່ໃສ?,D: ໂຕບຣູກ
"ອີງໃສ່ບົດອ່ານ, ເຕັກນິກໃດຕໍ່ໄປນີ້ທີ່ເປັນສ່ວນສຳຄັນໃນການນັ່ງສະມາທິແບບທິເບດ?",C: ການເຫັນພະເຈົ້າ
"ອີງໃສ່ບົດອ່ານ, ກົງລໍ້ ຊາຄຣາສ ໝຸນໃນລະຫວ່າງ “ກາງ” ຂອງການນັ່ງສະມາທິແບບທິເບດແນວໃດ?",B: ໂດຍການເຫັນພະເຈົ້າ
ໃຜເປັນຜູ້ນຳສະເໜີເພງສັນເສີນລະຫວ່າງກິດຈະກຳ?,B: ລັກຄາ ສິງ
"ອີງໃສ່ບົດອ່ານ, ໃຜເປັນຜູ້ນຳສະເໜີເພງສັນເສີນລະຫວ່າງການແຈກອາຫານ?",A: ລັກຄາ ສິງ
ແມ່ນຫຍັງທີ່ສະແດງເປັນລາຍການທີ່ສອງກ່ອນປິດທ້າຍຕອນແລງ?,"A: ເຊເຊັນ ອັກຊູ, ອາເລສຊານໂດຣ ຊາຟີນາ ແລະ ແຮຣິສ ອາເລັກຊຽວ"
ອາເລສຊາໂດຣ ຊາຟີນາ ມີສັນຊາດຫຍັງ?,D: ສັນຊາດ ອີຕາລີ
"ອີງໃສ່ບົດອ່ານ, ຂໍ້ຄວາມໃດຕໍ່ໄປນີ້ທີ່ບໍ່ແມ່ນຄວາມຈິງ?","B: ຜູ້ຄົນຕິດຢູ່ໃນລົດໄຟຕີລັງກາ

The passage describes people stuck on a train in Santa Clara, not in ""ລົດໄຟຕີລັງກາ."""
"ອີງໃສ່ບົດອ່ານ, ໃຜເປັນຜູ້ໃຫ້ຄຳເຫັນກ່ຽວກັບລະດັບຄວາມຮ້ອນທີ່ບໍ່ສະບາຍ?",B: ຫົວໜ້ານັກດັບເພີງ
ໄຟດັບຍ້ອນເກີດຄື້ນສຶນາມິຢູ່ໃສ?,A: ປະເທດ ຕອງກາ
"ອີງໃສ່ບົດອ່ານ, ປະເທດຕອງກາໄດ້ຮັບຜົນກະທົບແນວໃດຈາກໄຟດັບ?",D: ເຈົ້າໜ້າທີ່ບໍ່ສາມາດຮັບການເຕືອນທີ່ກ່ຽວຂ້ອງໄດ້
ຕອນໃດທີ່ຕຳຫຼວດສາມາດໃຊ້ປືນເຣດາຂອງພວກເຂົາເພື່ອຈັບເວລາຄວາມໄວການຂັບຂີ່ຂອງ ຈອນນີ ເຣດ?,C: ຂະນະທີ່ລາວຂັບລົດທີ່ຄວາມໄວເກີນ 160 ກມ/ຊມ
"ອີງໃສ່ບົດອ່ານ, ເປັນຫຍັງຕຳຫຼວດນິວຊີແລນຈຶ່ງມີຄວາມຫຍຸ້ງຍາກໃນການຈັບເວລາຄວາມໄວຂອງ ຈອນນີ ເຣດ?",A: ລາວຂັບລົດທີ່ມີຄວາມໄວຕໍ່າກວ່າ 160 ກມ/ຊມ
ແຜ່ນດິນໄຫວມີຈຸດສູນການຢູ່ໃສທຽບກັບ Butte?,B: 40 ໄມລ໌ ໄປທາງໃຕ້
ເກີດຫຍັງຂຶ້ນໃນລະຫວ່າງການຈະລາຈົນຢູ່ Abu Ghraib?,A: ການລ່ວງລະເມີດນັກໂທດໃນຫ້ອງຂັງດຽວກັນ
ເປັນຫຍັງຄຸກໃນປະເທດອີຣັກຈື່ງມີຊື່ສຽງທີ່ບໍ່ດີ? ,D: ຍ້ອນພົບວ່າມີການລ່ວງລະເມີດນັກໂທດທີ່ຂັງຮ່ວມ
ນິທັດສະການໃດທີ່ຈັດຂຶ້ນທີ່ ສະໜາມລຳລຶກສົງຄາມ ມ້ວຍ?,C: ງານຄອນເສີດ
"ສຸດທ້າຍແລ້ວ, ແມ່ນໃຜເປັນຜູ້ໃຫ້ຄຳອະທິບາຍກ່ຽວກັບການຍົກເລີກງານ?",B: ບໍລິສັດຮັບຈັດງານ
ແມ່ນໃຜທີ່ປະຊາຊົນໃນເຂດ ບິຊເຄັກ ຄິດວ່າມີຄວາມຮັບຜິດຊອບຕໍ່ການປົ້ນສະດົມ?,C: ຜູ້ປະທ້ວງ
ແມ່ນໃຜທີ່ໂທດຜູ້ປະທ້ວງຈາກພາກໃຕ້ກໍລະນີການປົ້ນສະດົມ?,A: ປະຊາຊົນໃນເຂດ ບິຊເຄັກ
ເມື່ອໃດທີ່ Ring ໄດ້ເຫັນຍອດຂາຍເພີ່ມຂຶ້ນ?,A: ພາຍຫຼັງການປະກົດຕົວໃນລາຍການ Shark Tank
ເມື່ອໃດທີ່ ເຈມີ ຊິມີນອຟ ຕັດສິນໃຈເລີ່ມທຸລະກິດ Ring?,A: ພາຍຫຼັງທີ່ຮູ້ວ່າກະດິງປະຕູຂອງລາວບໍ່ເໝາະສົມ
ໃນແຕ່ລະຕອນຂອງບົດອ່ານ ສາຍຮຸ້ງ ໄດ້ໃຫ້ຄຳແນະນຳຫຍັງແກ່ເດັກ?,D: ປຶ້ມ
ແມ່ນຫຍັງທີ່ເຮັດໃຫ້ມີການຍົກເລີກຊຸດນິຍາຍ ສາຍຮຸ້ງແຫ່ງການອ່ານ?,A: ບໍ່ມີທຶນພຽງພໍ
ຂໍ້ໃດຕໍ່ໄປນີ້ທີ່ບໍ່ແມ່ນຂໍ້ໂຕ້ຖຽງສ້າງຂຶ້ນໂດຍເຈົ້າໜ້າສຳລັບ ອຳສະເຕີດຳ ແລະ ຫໍພິພິຕະພັນກ່ຽວກັບຕົ້ນໄມ້?,B: ຄວນຈະໄດ້ຮັບການຮັກສາໄວ້
"ອີງໃສ່ຫົວໜ້າກວດກາ RSPCA, ການກວດກາຕ້ອງມີມາດຕະຖານສຳລັບຂໍ້ໃດຕໍ່ໄປນີ້?",A: ກ້ອງ CCTV
"ອີງໃສ່ບົດອ່ານ, ແມ່ນຫຍັງທີ່ຊ່ວຍໃຫ້ເຫັນເຖິງຄວາມສຳຄັນຂອງສະຫວັດດິພາບຂອງສັດແກ່ຜູ້ເຮັດວຽກໃນໂຮງຂ້າສັດຂອງອັດສະຕາລີ?",A: ການຕິດຕັ້ງກ້ອງ CCTV
"ອີງໃສ່ບົດອ່ານ, ອາຊີບຂອງບຸກຄົນທີ່ຖືກຈັບແມ່ນຫຍັງ?",A: ນັກຮຽນ
"ອີງໃສ່ບົດອ່ານ, ໃນຂະນະທີ່ຂ່າວກຳລັງແຜ່ອອກໄປກ່ຽວກັບອີກໜຶ່ງການຈັບກຸມ, ງານສົບໄດ້ຈັດຂຶ້ນໃຫ້ແກ່ຜູ້ເຄາະຮ້າຍຈັກຄົນ?",B: ສາມ
"ໃນການຕອບໂຕ້ການປະທ້ວງ, ປະເທດໃດບໍ່ເດີນໜ້າເຄື່ອນໄຫວຕໍ່ກັບຂໍ້ຕົກລົງ ACTA?",B: ປະເທດ ໂປແລນ
"ອີງໃສ່ບົດອ່ານ, ປະເທດໃດຕໍ່ໄປນີ້ຕັດສິນໃຈດຳເນີນສິ່ງທີ່ແຕກຕ່າງກ່ຽວກັບຂັ້ນຕອນການເຂົ້າຮ່ວມ ACTA?",D: ປະເທດ ລັດເວຍ
ມີຈັກຄົນທີ່ໄດ້ຮັບບາດເຈັບຈາກເຫດການເຄື່ອງ iPod ຮ້ອນເກີນໄປ?,A: 4
ໃຜເປັນຄົນກ່າວວ່າເຫດການຄວາມຮ້ອນເກີນແມ່ນບໍ່ມີຄວາມຮຸນແຮງຫຼາຍ?,D: ບໍລິສັດ ແອັບເປິ້ນ
"ລະຫວ່າງການປາໄສ, ແມ່ນຫຍັງທີ່ ສະຕີບ ຈອບ ໄດ້ເວົ້າວ່າ ແອັບເປິ້ນຕ້ອງໄດ້ປະດິດໃໝ່?",B: ໂທລະສັບ
ຈຸດປະສົງການປາໄສສອງຊົ່ວໂມງຂອງ ສະຕີບ ຈັອບ ແມ່ນຫຍັງ?,C: ເພື່ອເປີດຕົວໂທລະສັບໃໝ່
ຄຣີສຕີນ່າ ເຟີນານເດສ ເດີ ເຄີຈເນີ ໄດ້ປະກາດຫຍັງຢູ່ທີ່ໂຮງລະຄອນ ອາເຈນຕີນ?,A: ການສະໝັກຊິງຕໍາແໜ່ງປະທານນາທິບໍດີຂອງນາງ
ຄຣີສຕີນ່າ ເຟີນານເດສ ເດີ ເຄີຈເນີ ປະການຄວາມຕັ້ງໃຈວ່າຈະລົງສະໝັກເລືອກຕັ້ງຢູຸ່ໃສ?,C: ຢູ່ໂຮງລະຄອນອາເຈນຕິນ 31 ໄມລ໌ຫ່າງຈາກ ເມືອງ ບູໂນສ ໄອເຣສ
ACMA ໄດ້ຄົ້ນພົບຫຍັງກ່ຽວກັບ Big Brother?,A: ກົດໝາຍການປິດກັ້ນຍັງບໍ່ໄດ້ຖືກລະເມີດເທື່ອ
ມາດຕະການໃດແດ່ທີ່ສື່ຕ້ອງໄດ້ຕົກຢູ່ໃນກໍລະນີດັ່ງກ່າວ ເພື່ອໃຫ້ຖືວ່າເປັນເນື້ອຫາທາງອິນເຕີເນັດ?,B: ຕ້ອງມີການເອົາເຂົ້າຢູ່ໃນເຊີບເວີຕົວຈິງ
ໃຜແດ່ແມ່ນຜູ້ນຳພັກເສລີຂອງອົດສະຕາລີ?,B: ຈອນ ຮາເວີດ
ເປັນຫຍັງອົດສະຕາລີຈຶ່ງຍັງບໍ່ພ້ອມທີ່ຈະມີອຸດສາຫະກຳພະລັງງານນິວເຄລຍ?,B: ເປັນສິ່ງທີ່ຖົກຖຽງກັນເກີນໄປ
ນັກສະກີຜູ້ໃດທີ່ລົງແຂ່ງ ແລະ ມີການຊ່ວຍເຫຼືອຈາກໄກ້?,C: Maciej Krezel
ປະເທດໃດທີ່ສຳເລັດເປັນທີ່ສິບໃນການແຂ່ງຂັນ Super-G ສຳລັບປະເພດຢືນຂອງແມ່ຍິງ?,A: ປະເທດ ຟິນແລນ
"ອີງໃສ່ບົດອ່ານ, ຂໍ້ຄວາມໃດຂອງ Blake ທີ່ບໍ່ຖືກຕ້ອງ?",B: ລາວຍອມຮັບວ່າເປັນຄົນລົງມືໂຈມຕີ
"ອີງໃສ່ບົດອ່ານ, ຂໍ້ໃດຕໍ່ໄປນີ້ທີ່ບໍ່ເກີດຂຶ້ນກັບ ເບລກ?",C: ລາວຖືກໂຈມຕີໂດຍໃຊ້ໄມ້ຄ້ອນ
ທຶນ ຂອງສະຫະປະຊາຊາດເພື່ອການແກ້ໄຂບັນຫາໂລກຮ້ອນແມ່ນບໍ່ໃຫ້ໃຊ້ເພື່ອເຮັດຫຍັງ?,A: ເພີ່ມທະວີຜົນຜະລິດ
"ອີງໃສ່ບົດອ່ານ, ອົງການສະຫະປະຊາຊາດຫວັງທີ່ຈະຊ່ວຍເຫຼືອຫຍັງ?",D: ຜູ້ຄົນໄດ້ຮັບຜົນກະທົບຈາກການບໍລິຫານຈັດການນ້ຳທີ່ບໍ່ມີປະສິດທິພາບ
ຂໍ້ໃດຕໍ່ໄປນີ້ບໍ່ໄດ້ຮັບການອ້າງອີງໂດຍ ອາວເບີດ ມູຊັນກາ ວ່າເປັນສິ່ງທີ່ຍັງຈຳເປັນທີ່ຕ້ອງໄດ້ຮັບການຕົກລົງເຫັນດີ?,A: ຖ້າ ເບນິນ ຈະເຂົ້າຮ່ວມ AfCTA
"ອີງໃສ່ບົດອ່ານ, ເປັນຫຍັງການຄ້າຈຶ່ງເລີ່ມຕົ້ນໃນເດືອນກໍລະກົດ?",B: ມີກອບລະບຽບ ແລະ ຂໍ້ຕົກລົງທີ່ພຽງພໍແລ້ວ
"ອີງໃສ່ບົດອ່ານ, ແມ່ນຫຍັງທີ່ ສຳນັກພິມ ແລະ ສະຖານບັນ ແອັດແລນຕ້າ ກ່າວຫາພະນັກງານການສຶກສາ?",C: ບໍ່ມີການປະຕິບັດຫຍັງຕໍ່ກັບບັນຫາພາຍໃນທີ່ພົບ
"ອີງຕາມຂໍ້ມູນທີ່ໃຫ້ມາໃນບົດອ່ານ, ແມ່ນຫຍັງທີ່ບໍ່ໄດ້ກ່າວໃນບົດລາຍງານຂອງສຳນັກພິມ-ສະຖາບັນ ແອັດແລນຕາ?",C: ຜູ້ຊະນະຜູ້ດູແລລະດັບຊາດແຫ່ງປີ ໃນປີ 2013
"ອີງໃສ່ບົດອ່ານ, ຂໍ້ມູນໃດທີ່ໄດ້ຮັບຮູ້ຕາມຫຼັງເຫດການລະເບີດ?",D: ຍອດຜູ້ເສຍຊີວິດເປັນທາງການ
"ຕັ້ງແຕ່ເຂົ້າຮ່ວມ ແມນເຊສເຕີ ຊິຕີ້ ໃນປີ 2017, ມີຈັກຄັ້ງທີ່ ເຈຊັສ ລົງແຂ່ງຂັນ?",D: 53
ສະໂມສອນໃດທີ່ ເຈຊັສ ໄດ້ຮັບເງິນຈຳນວນ £27 ລ້ານປອນສຳລັບຄ່າທຳນຽມການເຂົ້າຮ່ວມ?,A: ພາເມຣາສ
ຂໍ້ຄວາມໃດກ່ຽວກັບແຂກໂຮງແຮມທີ່ບໍ່ແມ່ນຄວາມຈິງ?,"D: ແຂກສ່ວນໃຫຍ່ແມ່ນມາຈາກເມືອງສັກສິດ

ເນື້ອໃນໄດ້ລະບຸວ່າແຂກສ່ວນໃຫຍ່ຂອງໂຮງແຮມແມ່ນເປັນພົນລະເມືອງຈາກ ສະຫະລັດ ອາຣັບ ເອມິເຣດ, ບໍ່ແມ່ນຈາກເມືອງສັກສິດ."
"ອີງໃສ່ບົດອ່ານ, ຂໍ້ຄວາມໃດຕໍ່ໄປນີ້ເປັນຄວາມຈິງ?",C: ແຂກມາເພື່ອນິທັດສະການ ວັນກ່ອນວັນຮັດຈ໌ ເພື່ອສະແຫວງບຸນ
"ອີງໃສ່ບົດອ່ານ, ຂໍ້ມູນໃດກ່ຽວກັບການຊົນກັນທີ່ຍັງບໍ່ຈະແຈ້ງ?",C: ຜົນກະທົບຂອງການຊົນກັນຕໍ່ໂລກ
"ອີງໃສ່ບົດອ່ານ, ແມ່ນຫຍັງທີ່ຕ້ອງໄດ້ສືບສວນອີກກ່ຽວກັບການເກີດການຊົນກັນ?",D: ຂະໜາດຂອງອຸບັດເຫດຕົວຈິງ
"ອີງໃສ່ບົດອ່ານ, ອັນດັບເທົ່າໃດທີ່ ແບັດເທັນ ໄດ້ຮັບວ່າເປັນຜູ້ທີ່ຢູ່ໃນລາຍຊື່ຄົນອາເມຣິກາທີ່ຮັ່ງມີທີ່ສຸດ?",C: ອັນດັບທີ 190
ຂໍ້ໃດຕໍ່ໄປນີ້ທີ່ ແບັດເທັນ ບໍລິຈາກໃຫ້?,B: ມະຫາວິທະຍາໄລ ເວີຈີເນຍ
ແມ່ນຫຍັງທີ່ບໍ່ແມ່ນສ່ວນໜຶ່ງຂອງບັນຍັດທີ່ເຊັນໂດຍເຈົ້າແຂວງ ອາໂນລ ສະວາສເຊນເນກເກີ້?,C: ການຫ້າມ ຂາຍ ຫຼື ເຊົ່າ ວີດີໂອເກມທີ່ມີຄວາມຮຸນແຮງໃຫ້ແກ່ເຍົາວະຊົນນອກລັດແຄລິຟໍເນຍ
"ອີງໃສ່ບົດອ່ານ, ໃຜທີ່ບໍ່ທັນໄດ້ຟັງກ່ຽວກັບສິ່ງທີ່ເວົ້າມາ?",C: Miller
"ອີງໃສ່ບົດອ່ານ, ຂໍ້ໃດຕໍ່ໄປນີ້ທີ່ເປັນຄວາມຈິງກ່ຽວກັບປະສົບການຂອງ ມີລເລີ ໃນການຖືກເອີ້ນເຂົ້າມາຟັງການພິຈາລະນາຄະດີ?",B: ລາວບໍ່ໄດ້ເອົາໃຈໃສ່ໃນຂະນະທີ່ລາວກຽມພ້ອມ
ໃຜທີ່ແນະນຳໃຫ້ມີການທວນຄືນກ່ຽວກັບ “ກົດໝາຍວ່າດ້ວຍອາກາດສະອາດ”?,C: Jack Layton
ໃຜເປັນຜູ້ຫັກລ້າງ “ກົດໝາຍວ່າດ້ວຍອາກາດສະອາດ” ທີ່ໄດ້ໃຊ້ໄປຕອນກ່ອນການເລືອກຕັ້ງ?,The correct answer is B: ນາຍົກລັດຖະມົນຕີ (Prime Minister).
ສານປະກອບກົດ ໄຊຍານູຣິກ ແລະ ເມລາມີນ ເຮັດໃຫ້ເກີດຫຍັງເມື່ອມີປະຕິກິລິຍາກັບຍ່ຽວແມວ?,C: ການຕົກຜະລຶກ
ນັກຄົນຄວ້າໃຊ້ການວັດຄ່າປະຕິກິລິຍາໂດຍໃຊ້ແສງອິນຟາເຣດເພື່ອສັງເກດຫຍັງ?,B: ການຕົກຜະລຶກໃນຍ່ຽວສັດ
ໃຜທີ່ກ່າວເຖິງ Luna ວ່າເປັນ “ຣາຊິນີແຫ່ງຄວາມຮຸນແຮງ”?,D: Tommy Dreamer
ໃຜທີ່ກ່າວເຖິງ Luna ວ່າເປັນ “ຄົນປະຫຼາດ”?,B: Dustin Runnels
ແມ່ນຫຍັງທີ່ບໍ່ເກີດຂຶ້ນກັບຄົນຂັບລົດໃນເຫດລົດຕຳກັນ?,C: ລາວຖືກສົ່ງຈາກໂຮງໝໍໃນເມືອງ ເຄມບຣິຈ ໄປອີກແຫ່ງໜຶ່ງໃນເມືອງ ເກຣດ ຢາເມົ້າ (ເພາະວ່າຄວາມຈິງຄົນຂັບຖືກສົ່ງຈາກໂຮງໝໍ James Paget ຢູ່ Great Yarmouth ໄປຢູ່ໂຮງໝໍ Addenbrooke ໃນ Cambridge).
ແມ່ນຫຍັງທີ່ບໍ່ເຮັດໃຫ້ການຫຼິ້ນເກນຂອງປະເທດແອຟຟຼິກກາໃຕ້ມີຄວາມໂດດເດັ່ນ ລະຫວ່າງລາຍການແຂ່ງຂັນກິລາຣັກບີ້?,C: ການສະແດງຄວາມສາມາດທີ່ປັບໃໝ່ໃນຕອນຕົ້ນຂອງເກມການແຂ່ງຂັນ
"ອີງໃສ່ບົດອ່ານ, ການແຂ່ງຂັນກິລາຢູ່ ແອຟຣິກາໃຕ້ເລີ່ມດີຂຶ້ນເມື່ອໃດ?",A: ປະມານ 10:00 ໂມງເຊົ້າ
"ອີງໃສ່ບົດອ່ານ, ປະໂຫຍກໃດບໍ່ສະທ້ອນເຖິງເສດຖະກິດຂອງຈີນໄດ້ຢ່າງຖືກຕ້ອງ?","D: ຈີນບໍ່ເຄີຍສົ່ງອອກລົດຫຼາຍກວ່າປະເທດເຢຍລະມັນ

ໃນບົດອ່ານໄດ້ກ່າວວ່າ ປີກາຍນີ້ຈີນໄດ້ສົ່ງອອກລົດຫຼາຍກ່ວາເຢຍລະມັນ, ດັ່ງນັ້ນ, ປະໂຫຍກ ""ຈີນບໍ່ເຄີຍສົ່ງອອກລົດຫຼາຍກວ່າປະເທດເຢຍລະມັນ"" ຈຶ່ງບໍ່ຖືກຕ້ອງ."
"ອີງໃສ່ບົດອ່ານ, ເມື່ອໃດ GDP ຂອງຈີນ ຈະສາມາດເກີນຂອງສະຫະລັດໄດ້?",B: ພາຍໃນສອງທົດສະວັດ
ປະທານ Hu ໄດ້ແນະນຳໃຫ້ປະເທດກຳລັງພັດທະນາເຮັດຫຍັງ?,D: ຫຼີກລ່ຽງເສັ້ນທາງມົນລະພິດແບບເກົ່າ
ສິ່ງໃດທີ່ປະທານ Hu ບໍ່ໄດ້ກ່າວ?,D: ຕົວເລກການຕັດການປ່ອຍກາດຄາບອນ
ສຳລັບຂໍ້ໃດຕໍ່ໄປນີ້ທີ່ Veerman ກ່າວວ່າສະຖານະການບໍ່ດີ?,B: ແອງໂກລາ
"ເນື່ອງດ້ວຍການຕັດສິນໂທດ, ໃຜຈະຮັບຕໍາແໜ່ງສະມາຊິກສະພາຂອງ Huhne?",A: Davey
ໃຜທີ່ຮັບຕຳແໜ່ງລັດຖະມົນຕີທຸລະກິດຫຼັງການຕັດສິນໂທດ?,C: Davey
ແມ່ນຍັງທີ່ນັກສະແດງສົ່ງເສີມໃຫ້ຜູ້ຊົມເຮັດໃນລະຫວ່າງການສະແດງໂອເປຣາ Camille Saint-Saens?,A: ມີສ່ວນຮ່ວມໃນການໃຊ້ກັນຊາ
ໃຜທີ່ສູບຢາກອກໃນລະຫວ່າງການສະແດງໂອເປຣາ?,C: ນັກສະແດງ
ອີກຊື່ໜຶ່ງຂອງ “ການເດີນອາວະກາດ” ແມ່ນຫຍັງ ທີ່ Leonov ສະແດງ?,C: ກິດຈະກຳຍານພາຫະນະພິເສດ
Leonov ນຳພາສ່ວນໜຶ່ງຂອງພາລະກິດໃດຂອງ ໂຊວຽດ?,B: Apollo-Soyuz
ໃຜທີ່ໄດ້ຮັບບາດເຈັບຈາກອຸປະຕິເຫດ?,A: Gibson
ເກີດຫຍັງຂຶ້ນກັບຜູ້ທີ່ມີສ່ວນຮ່ວມໃນອຸປະຕິເຫດ?,"B: ຄົນໜຶ່ງບໍ່ໄດ້ຮັບບາດເຈັບ, ຄົນໜຶ່ງເສຍຊີວິດ"
ນັກວິທະຍາສາດກຳລັງເຮັດຽກກ່ຽກັບໂປຼແກມທີ່ຫວັງວ່າຈະສັງເກດຜົນກະທົບທີ່ເກີດຈາກສິ່ງໃດ?,D: ບັນຫາຄວາມມືດ
ນັກວິທະຍາສາດສັງເກດເລື່ອງໃດຕໍ່ໄປນີ້?,D: ກາແລັກຊີລາສີທະນູ ແລະ ທາງຊ້າງເຜືອກ
"ອີງໃສ່ບົດອ່ານ, ແມ່ນຫຍັງທີ່ພັກອະນຸຮັກນິຍົມບໍ່ສາມາດວິຈານໄດ້?",C: ໃຜທີ່ໄດ້ຮັບລາງວັນສັນຍາການກໍ່ສ້າງຄືນໃໝ່
ໃຜທີ່ວິຈານສັນຍາການກໍ່ສ້າງຄືນໃໝ່ສຳລັບຄວາມພະຍາຍາມໃນການບັນເທົາທຸກຈາກພາຍຸເຮີລີເຄນ Katrina?,A: ກຸ່ມອະນຸຮັກນິຍົມທາງການຄັງ
"ອີງໃສ່ບົດອ່ານ, ແສງຈາກຍານລະອອງດາວແມ່ນສາມາດເບິ່ງເຫັນໄດ້ຈາກໃສກ່ອນໝູ່?",B: ທາງຕອນເໜືອຂອງລັດແຄລິຟໍເນຍ
"ອີງໃສ່ບົດອ່ານ, ຍານອາວະກາດຈະບັນທຶກສິ່ງໃດຕໍ່ໄປນີ້?",C: ກັບຄືນສູ່ໂລກໄວທີ່ສຸດ
ດຣ. Malar Balasubramanian ກ່ຽວຂ້ອງກັບ ສາໂຣຈາ ບາລາສຸບຣາມານ້ຽນ ແນວໃດ?,B: ລູກສາວ
ພົບຮ່າງຂອງ Sara Balasubramanian ຢູ່ໃສ?,C: ຢູ່ທ້າຍລົດ
eBay ຕ້ອງການຫຍັງ?,C: Skype
ສິ່ງທີ່ eBay ພະຍາຍາມບັນລຸດ້ວຍການເຂົ້າຊື້ກິດຈະການແມ່ນຫຍັງ?,B: ຂະຫຍາຍເຂົ້າໄປໃນພື້ນທີ່ໃໝ່
"ອີງໃສ່ບົດອ່ານ, ໃຜບໍ່ສື່ສານກັບຕ້ອງຂັງຜູ້ທີ່ຢູ່ສະໜາມຫຼັງຕໍ່ສູ້ກັນ?",A: ນັກເຈລະຈາ
ຂໍ້ໃດຕໍ່ໄປນີ້ທີ່ເຮັດໃຫ້ນັກໂທດສະຫຼາຍການຈະລາຈົນໃນທີ່ສຸດ?,B: ແກສນ້ຳຕາ
"ໃນຄຳເຫັນຂອງ ອາຢາໂຕລາ ອາລີ ຄາເມເນ, ແມ່ນຫຍັງທີ່ປະເທດອີຣ່ານຕ້ອງປົດແອກຕົນເອງອອກຈາກ?",D: ການເພິ່ງພານ້ຳມັນ
"ອີງໃສ່ບົດອ່ານ, ໃຜໄດ້ຍອມຮັບຜົນກະທົບຂອງການຂວ້ຳບາດກ່ຽວກັບເສດຖະກິດຂອງອີຣ່ານ?",A: ແຫຼ່ງອາວຸໂສ
ຂໍ້ໃດຕໍ່ໄປນີ້ທີ່ບໍ່ແມ່ນສ່ວນໜຶ່ງຂອງຂັ້ນຕອນການປ່ອນບັດເລືອກຕັ້ງຂອງປະເທດຝຮັ່ງເສດ?,"D: ການນັບຄະແນນໂຫວດແມ່ນນັບໂດຍຕົວແທນຂອງຜູ້ສະໝັກ

This option is not part of the election process in France. The counting of votes is conducted by volunteers under strict supervision, not solely by representatives of the candidates."
ຜູ້ມີສິດປ່ອນບັດລະບຸຜູ້ລົງສະໝັກເລືອກຕັ້ງທີ່ພວກເຂົາເລືອກຢູ່ໃສ?,C: ໃນຊອງຈົດໝາຍ
ແມ່ນຫຍັງທີ່ເຮັດໃຫ້ ອາເລັນ ເລີ່ມຊອກຫາ ມູຮາຊິ ເປັນເວລາແປດປີ?,D: ຄວາມສົນໃຈໃນສົງຄາມຂອງລາວ
"ອີງໃສ່ບົດອ່ານ, Allen ໄດ້ໃຊ້ເງິນຂອງລາວເປັນຈຳນວນຫຼາຍໄປກັບຫຍັງ?",B: ການສຳຫຼວດທະເລ
"ອີງໃສ່ບົດອ່ານ, ຂໍ້ໃດຕໍ່ໄປນີ້ທີ່ເປັນເງື່ອນໄຂອັນຕະລາຍໃນ ແລະ ອ້ອມຮອມໂຮງງານ?",B: ສານກຳມັນຕະພາບລັງສີ ແຄຊ້ຽມ
ຂໍ້ໃດຕໍ່ໄປນີ້ທີ່ບໍ່ແມ່ນໜຶ່ງໃນຄຳແນະນຳທີ່ປອດໄພໃຫ້ແກ່ປະຊາຊົນທ້ອງຖິ່ນຫຼັງຈາກເກີດເຫດການທີ່ໂຮງງານ?,C: ຫຼີກຫຼ່ຽກການສູດດົມເອົາຄວັນຂາວ
"ອີງຕາມ ດຣ. Moll, ແມ່ນຫຍັງທີ່ເປັນສິ່ງກັງວົນທີ່ສຸດກ່ຽວກັບ XDR-TB?",D: ອັດຕາການເສຍຊີວິດສູງ
ມີຜູ້ປ່ວຍຈັກຄົນທີ່ຕິດແປດສາຍພັນໃໝ່ທີ່ໄດ້ຮັບການຢືນຢັນວ່າເປັນບຸກຄະລາກອນທາງການແພດ?,B: 2
ເທັກໂນໂລຢີປະເພດໃດທີ່ ລະບົບ NextGen ໃຊ້?,A: ເທັກໂນໂລຢີທີ່ໃຊ້ດາວທຽມເປັນຫຼັກ
NextGen ໃຫ້ຜົນປະໂຫຍດໂດຍກົງຕໍ່ຕົວຄວບຄຸມການຈາລະຈອນທາງອາກາດໂດຍກົງແນວໃດ?,B: ການລະບຸຕຳແໜ່ງຂອງເຮືອບິນໄດ້ແມ່ນຍຳຂຶ້ນ
"ອິງໃສ່ບົດອ່ານ, ນັກປະຫວັດສາດບໍ່ວິຈານ FBI ວ່າສຸມໃສ່ເລື່ອງໃດ?",D: ຄະດີລັກລົດ
ການກໍ່ເຫດອະນາຈານບັງຄັບໃຫ້ FBI ຕ້ອງເຮັດຫຍັງ?,D: ອຸທິດໃຫ້ແກ່ອົງກອນເພື່ອແກ້ໄຂຄະດີອະນາຈານ
ເກີດຫຍັງຂຶ້ນກັບພະຫະນະດັບເພີງທີ່ຕອບໂຕ້ອຸປະຕິເຫດ JAS 39C Gripen? ,B: ມັນປີ້ນ
"ຫຼັງຈາກເກີດອຸປະຕິເຫດຂອງ JAS 39C Gripen, ສະໜາມບິນປິດເພື່ອຫຍັງ?",A: ສາຍການບິນພານິດ
Brzezinski ໃຫ້ຄຳແນະນຳໃຜລະຫວ່າງການປະຕິວັດອີຣ່ານ?,C: Carter
ໃຜດຳລົງຕໍາແໜ່ງທີ່ປຶກສາດ້ານຄວາມປອດໄພແຫ່ງຊາດຈົນຮອດປີ 1977?,B: Kissinger
ຂໍ້ໃດຕໍ່ໄປນີ້ທີ່ບໍ່ສະທ້ອນວຽກຂອງ Bobek ກັບ Partizan Belgrade ຢ່າງຖືກຕ້ອງ?,A: ລາວຍິງໄດ້ 468 ປະຕູໃນຂະນະຫຼິ້ນໃຫ້ກັບທີມ
ຂໍ້ຄວາມໃດກ່ຽວກັບ ປະຫວັດຂອງ Bobek ກັບທີມ Partizan Belgrade ທີ່ເປັນຄວາມຈິງ?,A: ລາວໄດ້ເລີ່ມຫຼິ້ນໃຫ້ ພາຕິຊັນ ແຕ່ປີ 1945
"ອີງໃສ່ບົດອ່ານ, ລັກສະນະໃດທີ່ເຮັດໃຫ້ Hesperonychus ແຕກຕ່າງຈາກ Velociraptor?",B: ມັນມີອຸ້ງເລັບທີ່ໃຫຍ່ເປັນອັນດັບສອງ
ຄວາມໝາຍຂອງຄຳວ່າ “Hesperonychus” ແມ່ນໄດ້ມາຈາກລັກສະນະທາງດ້ານຮ່າງກາຍໃດຂອງສາຍພັນໃດ?,A: ອຸ້ງເລັບ (ຫຼາຍ)
ຂໍ້ຄວາມໃດຕໍ່ໄປນີ້ກ່ຽວກັບການຍິງແມ່ນຄວາມຈິງ?,D: ການຍິງແມ່ນເກີດຂຶ້ນຢູ່ເມືອງ ບັຟຟາໂລ
ຂໍ້ຄວາມໃດກ່ຽວກັບເຫດການທີ່ທີການຍິງກັນເກີດຂຶ້ນນັ້ນຖືກຕ້ອງ?,A: ເຫດເກີດໃນວັນງານລ້ຽງສະຫຼອງວັນຄົບຮອບໃນເມືອງ ບັຟຟາໂລ
"ອີງໃສ່ບົດອ່ານ, ແມ່ນຫຍັງຄືຄວາມກັງວົນເບື້ອງຕົນຂອງເຈົ້າໜ້າທີ່ກ່ຽວກັບ Luno?",B: ຄື້ນ ແລະ ລົມແຮງ
"ອີງໃສ່ບົດອ່ານ, ຂໍ້ຄວາມໃດຕໍ່ໄປນີ້ກ່ຽວກັບການຫາຍໄປຂອງເຮືອ Luno ບໍ່ແມ່ນຄວາມຈິງ?",B: ໃນເຮືອມີນ້ຳມັນຫ່າງອອກໄປ 100 ແມັດ ໃນຕອນທີ່ມີການຫາຍໄປ
ໃນທົດສະວັດໃດທີ່ ປະເທດ ອາລຈີເຣຍ ເປັນເອກະລາດ?,C: ຊຸມປີ 1960
ບ່ອນໃດທີ່ໜ້າຈໍໂທລະທັດຈະບໍ່ຖືກຕິດຕັ້ງໃນພິທີງານສົບ?,D: ຈະຕຸລັດ ເຊັນ. ປີເຕີ
ພິທີງານສົບຈັດຢູ່ໃສ?,C: ໃນຈະຕູລັດ ເຊັນ. ປີເຕີ
"ຫຼັງຈາກການລະເບີດ, ໃຜໄດ້ຮັບການຮັກສາຍ້ອນເຈັບໜັກ?",B: ບໍ່ມີໃຜ
ໃຜລາຍງານວ່າມີແກສຮົ່ວ?,A: ເພື່ອນບ້ານໃນຕຶກ
"ອີງໃສ່ບົດອ່ານ, ມີຈັກຄົນທີ່ເສຍຊີວິດຈາກການໂຈມຕີ?",B: 2
ອາວຸດຂອງໃຜຍິງບໍ່ແຕກໃນບາງຈຸດລະຫວ່າງການໂຈມຕີ?,B: Uka
ກິລາປະເພດໃດຕໍ່ໄປນີ້ທີ່ໄດ້ຮັບການໂຫວດໃຫ້ເອົາອອກຈາກກິລາໂອລິມປິກ?,C: ເບສບອນ
ກິລາປະເພດໃດຕໍ່ໄປນີ້ທີ່ຄະນະກຳມະການໂອລິມປິກສາກົນໂຫວດໃຫ້ເອົາໃສ່ໃນການແຂ່ງຂັນ?,C: ສະຫະພັນບັກບີ້
Arthur Guinness ໄດ້ປ່ອຍເຊົ່າໂຮງເບຍ ເຊັນ St James’ Gate ຈັກປີໃນເບື້ອງຕົ້ນ?,D: 9000
Guinness ມີກຳໄລຈັກພັນລ້ານດອນລ່າໃນແຕ່ລະປີ?,D: 10
ມີຈັກປະເທດໃນສະຫະພາບຢູໂຣບໄດ້ຮັບການລະບຸເຊື້ອໄວຣັສ H5N1?,C: ເຈັດ
ກໍລະນີທີ່ຕິດເຊື້ອໄວຣັດ H5N1 ຫຼ້າສຸດແມ່ນຢູ່ໃສ?,A: ປະເທດ ຝຣັ່ງ
ເຮຕິປະເຊີນໜ້າກັບພະຍາດຄັ້ງສຸດທ້າຍເມື່ອໃດ ກ່ອນທີ່ການລະບາດທີ່ເກີດມາຈາກກອງກຳລັງຮັກສາສັນຕິພາບ?,A: ຂຸມປີ 1800
ຂີ້ເຫຍື້ອຈາກບ່ອນໃດທີ່ມີສ່ວນເຮັດໃຫ້ມີການແຜ່ລະບາດຂອງພະຍາດ?,B: ຄ້າຍຂອງສະຫະປະຊາຊາດ
ລັດຖະບານປະເທດໄປແລນວາງແຜນເຮັດຫຍັງ?,B: ນຳສະເໜີກົດໝາຍທີ່ເຂັ້ມງວດຕໍ່ການອະນຸຍາດນຳໃຊ້ສານເສບຕິດ
ແມ່ນຫຍັງຖືກກົດໝາຍຊົ່ວຄາວໃນປະເທດ ໄອແລນ?,D: ຢາເສບຕິດ
ຜູ້ຕ້ອງສົງໃສວ່າກະທຳຜິດຈະຖືກສອບສວນເລື່ອງຫຍັງ?,A: ການບຸກລຸກ
"ເມື່ອປ່ຽນປ້າຍ, ແມ່ນຫຍັງທີ່ຜູ້ຕ້ອງສົງໄສບໍ່ເຮັດ?",C: ສ້າງຄວາມເສຍຫາຍດ້ານຮ່າງກາຍ
"ອິງໃສ່ບົດອ່ານ, ຂໍ້ໃດຕໍ່ໄປນີ້ທີ່ຄູສອນພາສາອັງກິດ ຄາໂນ່ ບໍ່ໄດ້ຖືກກ່າວຫາ?",B: ການຈີບນັກຮຽນ
"ອີງໃສ່ບົດອ່ານ, ໃຜທີ່ບໍ່ຖືກຈັບເປັນຕົວປະກັນໂດຍ ໂຣນາໂດ ເມັນໂດຊ່າ?",B: ຕຳຫຼວດ
"ອີງໃສ່ບົດອ່ານ, ຕົວປະກັນໃດທີ່ບໍ່ໄດ້ຮັບການຢືນຢັນວ່າຖືກປ່ອຍກ່ອນໜ້ານີ້?",A: ນັກທ່ອງທ່ຽວ
"ອີງໃສ່ບົດອ່ານ, ໃຜທີ່ລວບລວມເອົາລາຍເຊັນໃນການສະໜັບສະໜຸນການແຕ່ງງານເພດດຽວກັນໃຫ້ຖືກກົດໝາຍໃນບຼາຊິວ?",A: ຜູ້ປະທ້ວງ
ຜູ້ປະທ້ວງຈະລົງນາມຄຳຮ້ອງໃຫ້ໃຜ?,C: ສະພາແຫ່ງຊາດຂອງບຣາຊິລ
"ອິງຕາມຄວາມຄິດເຫັນຂອງ ອາມານ ເວີຊາເຊ, ແມ່ນຫຍັງເກີດຂຶ້ນໂດຍກົງກ່ອນທີ່ຝູງຊົນເລີ່ມມີປະຕິກິລິຍາກັບສະພາບອາກາດ?",C: ມີລົມແຮງ
"ອີງໃສ່ ເວີເຊສ໌, ເລີ່ມມີລົມແຮງສຸດໃນຕອນໃດ?",A: ສອງສາມນາທີຫຼັງຈາກການສາຍສະແດງເລີ່ມຂຶ້ນ
"ກ່ອນໜ້າ ເຟຣດ, ມີພາຍຸຫຼັກທີ່ໄດ້ຮັບການບັນທຶກໄວ້ທາງພາກຕາເວັນອອກ 35°W ຈັກລູກ?",C: ສອງ
"ເມື່ອ ເຟຣດ ຍ້າຍມາຢູ່ເກາະທາງເມືອງ ເຄບ ເວີດ, ພາຍຸເຄື່ອນໄປໃນທິດທາງໃດ?",D: ທິດຕະເວັນຕົກສ່ຽງເໜືອ
ຂໍ້ໃດຕໍ່ໄປນີ້ມີຄວາມໄວທີ່ສູງກວ່າແບບເກົ່າ?,A: ແບບ 802.11n
ສິ່ງທີ່ຈຳເປັນສຳລັບ 802.11n ເພື່ອໃຫ້ເຂົ້າກັນໄດ້ກັບ 802.11b ແບບຢ້ອນຫຼັງ?,D: ວິທະຍຸສອງລະບົບ
ມີຈັກລາຍການທີ່ນັກກິລາຫຼຽນຄຳໂອລິມປິກເກີດຂຶ້ນເນື່ອງຈາກຕ້ອງໄດ້ໄປແຂ່ງລອຍນ້ຳໃນລາຍການ ກິລາ ຄອມມອນເວວ?,B: ສາມ
ເປັນຫຍັງນັກກິລາຫຼຽນຄຳໂອລິມປິກບໍ່ກິນຢາເພື່ອບັນເທົາອາການເຈັບຂອງລາວ?,D: ບໍ່ໄດ້ຮັບອະນຸຍາດໃຫ້ໃຊ້ໃນການແຂ່ງຂັນ ກິລາ ຄອມມອນເວວ
"ອີງໃສ່ບົດອ່ານ, ແມ່ນຫຍັງທີ່ອາດນຳໄປສູ່ຄວາມສັບສົນກ່ຽວກັບກິດຈະກຳແຜ່ນດິນໄຫວ?",A: ປາກົດມີເຝື້ອດຳ
"ອີງໃສ່ບົດອ່ານ, ເມື່ອໃດທີ່ໄລຍະການປ່ຽນເກີດຂຶ້ນ?",C: ໃນວັນທີ 10 ມີນາ
ຂໍ້ຄວາມໃດຕໍ່ໄປນີ້ກ່ຽວກັບດວງຈັນ Chandrayaan-1 ທີ່ບໍ່ເປັນຄວາມຈິງ?,"D: ຍາດອາວະກາດມີການທາສີດ້ານຂ້າງ

ເປັນຄວາມບໍ່ຖືກຕ້ອງ, ເນື່ອງຈາກບໍ່ໄດ້ກ່າວວ່າມີການທາສີທີ່ດ້ານຂ້າງຂອງຍານອາວະກາດ."
ຂໍ້ຄວາມໃດຕໍ່ໄປນີ້ທີ່ອະທິບາຍກ່ຽວກັບຍານອາວະກາດສຳຫຼວດດວງຈັນໄດ້ຢ່າງຖືກຕ້ອງ?,B: ມັນຕຳຕອນລົງຈອດໄດ້ສຳເລັດ
"ອີງໃສ່ບົດອ່ານ, ມາດຕະການປ້ອງກັນໃດທີ່ໃຊ້ເພື່ອຕ້ານພະຍາດທີ່ຈະໃຊ້ເປັນສິ່ງສຸດທ້າຍ?",C: ວັກຊີນ ກັນໄຂ້ສະໝອງອັກເສບ
ພະຍາດຕິດຕໍ່ມະນຸດໄດ້ແນວໃດ?,A: ຜ່ານຍຸງ
ຄວາມລົ້ມເຫຼວຂອງປະໂຫຍກທີ່ສອງສາມາດເຮັດໃຫ້ເກີດຫຍັງ?,B: ສິດທິໃນອະນາຄົດຂອງສະຫະພັນເພື່ອຄົນຮັກຮ່ວມເພດດຽວກັນ
"ອີງໃສ່ບົດອ່ານ, ປະໂຫຍກທີ່ສອງຖືກລົບອອກເມື່ອໃດ?",C: ໃນວັນຈັນ
ການຮົ່ວໄຫຼຂອງເອກະສານປານາມາແມ່ນຮົ່ວໄປຫາໃຜ?,B: ນັກຂ່າວ
"ອີງໃສ່ບົດອ່ານ, ໃຜທີ່ນັກຂ່າວຊາວອັງກິດອ້າງວ່າກຳລັງຈັດການກັບຫຼາຍບໍລິສັດທີ່ເຄີຍປິດບັງຄວາມຮັ່ງມີ?",C: ທະນາຄານ Deutsche Bank
ອຸປະຕິເຫດທາງເຮືອບິນໃດຕໍ່ໄປນີ້ທີ່ມຜູ້ເສຍຊີວິດຫຼາຍທີ່ສຸດ?,A: ເຮືອບິນຕົກຕອນກຳລັງເດີນທາງໄປ ປະເທດອາມາເນຍ ຈາກ ປະເທດອີຣ່ານ
ຂໍ້ໃດຕໍ່ໄປນີ້ບໍ່ແມ່ນເຫດຜົນຂອງອຸປະຕິເຫດທາງເຮືອບິນຫຼາຍໆຄັ້ງທີ່ເກີດຂຶ້ນຢູ່ປະເທດອີຣ່ານ?,B: ບໍ່ມີງົບປະມານຊື້ເຮືອບິນໃຫມ່
ຂໍ້ໃດຕໍ່ໄປນີ້ບໍ່ລວມໃນບົດລາຍງານກຸ່ມການສຶກສາອີຣັກ?,"B: ການປະກາດການປ່ຽນແປງສະເພາະ, ການເພີ່ມຂຶ້ນຂອງຄວາມຮຸນແຮງໃນປະເທດອີຣັກທີ່ສາມາດຫຼີກຫຼ່ຽງໄດ້"
ຂໍ້ໃດຕໍ່ໄປນີ້ແມ່ນບໍ່ໄດ້ຮຽກຮ້ອງໂດຍກຸ່ມສຶກສາອີຣັກໃນບົດລາຍງານຂອງຕົນ?,A: ທີ່ຮັບຮອງວ່າຈະປະກາດຢຸດເພີ່ມຄວາມຮຸນແຮງ
"ອີງຕາມຕຳຫຼວດ, ໃຜທີ່ຖືວ່າເປັນມືຂວາຂອງ ໂພຣເວັນຊາໂນ?",B: Lo Piccolo
"ອີງໃສ່ຂໍ້ມູນທີ່ໃຫ້ມາໃນບົດອ່ານ, ຟອລຄອນ ເສຍຊີວິດຍ້ອນຫຍັງ?",A: ລາວຖືກສັງຫານໃນສົງຄາມທີ່ຂັບເຄື່ອນໂດຍ ຣີນາ
ຂໍ້ໃດຕໍ່ໄປນີ້ທີ່ບໍ່ແມ່ນໜຶ່ງໃນລາງວັນຂອງ Hitoshi Saito?,B: ປະທານກຳມະການ ສະຫະພັນ ຢູໂດ ສຳລັບຄົນຍີ່ປຸ່ນທຸກຄົນ
ອີວາຊາກິ ພະຍາຍາມຫຼີກການປະຕິຍານຕົນຢູ່ໃສ?,B: ປະເທດ ເນປານ
ໃຜໂຈມຕີ ອີວາຊາກິ?,B: ໂຈນສະຫຼັດ
ອາລອນໂຊ ຈົບການແຂ່ງລາວເມື່ອໃດ?,A: ຫຼັງຈາກ ຊູມາກເກີ ສ້າງຄວາມເສຍຫາຍແກ່ຢາງໜ້າຂອງລາວ
ແມ່ນຫຍັງທີ່ເຮັດໃຫ້ ຊຸມາກເກີ ຈົບການແຂ່ງຂັນຂອງລາວໄວ?,D: ຄວາມເສຍຫາຍຕໍ່ຊ່ວງລ່າງຂອງລົດ
"ອີງໃສ່ບົດອ່ານ, ເປັນໜ້າທີ່ຂອງໃຜທີ່ຈະຕ້ອງປະກັນຕົວຜູ້ຖືກຈັບກຸມ?",D: ເຈົ້າໜ້າທີ່ສານ
"ອີງຕາມຄຳສັ່ງກັກຕົວຊົ່ວຄາວທີ່ໄດ້ກ່າວໄວ້ໃນບົດອ່ານ, ຜູ້ຖືກຈັບກຸມໄດ້ຮັບອະນຸຍາດໃຫ້ເຮັດຫຍັງເພື່ອຈະຖືກກັກຂັງດົນກວ່າ 24 ຊົ່ວໂມງ?",C: ຂໍ້ກ່າວຫາຢ່າງເປັນທາງການທີ່ອອກໂດຍຜູ້ພິພາກສາ Glynn
"ອີງໃສ່ບົດອ່ານ, ແມ່ນເຫດຜົນໃດທີ່ບໍໄດ້ຖືກໃຊ້ເພື່ອອະທິບາຍການແລ່ນຖືກຍົກເລີກ?",B: ການຂັດກັບຫຼັກລັດຖະທຳມະນູນ
ເປັນຫຍັງການແລ່ນສຸດທ້າຍແລ້ວຈຶ່ງເຖືງຕັດສິນວ່າບໍ່ຈຳເປັນໃນການທູດ?,B: ມີຄວາມສ່ຽງດ້ານຄວາມປອດໄພ
ໃຜເປັນຜູ້ໃຫ້ການບໍລິການດ້ານການພິຈາລະນາຄະດີສຳລັບ FATA?,B: ຕົວແທນທາງການເມືອງ
ຂໍ້ຄວາມໃດຕໍ່ໄປນີ້ກ່ຽວກັບ “ຕົວແທນດ້ານການເມືອງ” ຂອງ FATA ທີ່ບໍແມ່ນຄວາມຈິງ?,D: ພວກເຂົາມີການຄວບຄຸມບາງພື້ນທີ່ໄດ້ຢ່າງສົມບູນ
ລາງວັນໃດທີ່ Emma Stone ໄດ້ຮັບການສະເໜີຊື່ເຂົ້າຊິງ?,C: ນັກສະແດງຍິງດີເດັ່ນ
ລາງວັນໃດທີ່ຮູບເງົາບໍ່ໄດ້ຮັບການສະເໜີຊື່ເຂົ້າຊິງ?,B: ເອັບເຟັກປະກອບພາບດີເດັ່ນ
ສິ່ງໃດຕໍ່ໄປນີ້ທີ່ຍັງດຳເນີນຢູ່ຫຼັງຈາກແຜ່ນດິນໄຫວ?,D: ໂຮງງານຜະລິດໄຟຟ້າໃນເມືອງ Ishikawa
"ອີງໃສ່ບົດອ່ານ, ຂໍ້ໃດຕໍ່ໄປນີ້ເຮັດໃຫ້ມີຄວາມເສຍຫາຍເນື່ອງຈາກແຜ່ນດິນໄຫວ?","A: ບ້ານເຮືອນຈຳນວນໜື່ງ, C: ຫົນທາງຈຳນວນໜື່ງ, D: ສະໜາມບິນເມືອງ Noto"
"ອີງໃສ່ບົດອ່ານ, ບັນຫາໃດຕໍ່ໄປນີ້ບໍ່ລວມຢູ່ໃສເອກະສານ?",B: ສາເຫດຂອງສົງຄາມປີ 1967
ສິ່ງໃດຕໍ່ໄປນນີ້ບໍ່ແມ່ນຄວາມຕ້ອງການຂອງປະເທດ Palestine?,B: ການປະກົດຕົວຕໍ່ເນື່ອງຂອງທະຫານໃນຮ່ອມພູຈໍແດນ
Ma ຮຽນກົດໝາຍໃນປະເທດໃດ?,A: ສະຫະລັດອາເມລິກາ
"ອີງໃສ່ບົດອ່ານ, ການຂົນຂວາຍຂອງປະເທດໃດຊ່ວຍໃຫ້ການເລືອກຕັ້ງຂອງ ມ່າ ໄດ້ໄຊຊະນະ?",D: ຈີນ
"ດັ່ງທີ່ໄດ້ກ່າວໃນບົດອ່ານ, Carolyn Wilson ໄດ້ເຮັດວຽກໃຫ້ໃຜກ່ອນອອກຈາກເມືອງ?",C: OHA
"ຍັງມີການແຂ່ງຂັນອີກສີ່ລາຍການໃນລະດູການ, ໃຜທີ່ເປັນອັນດັບສີ່ຂອງການແຂ່ງຂັນຊິງແຊັມນັກຂັບ?",B: Kahne
"ຕໍ່ຈາກການແຂ່ງຂັນທີ່ໄດ້ກ່າວໄວ້ໃນບົດອ່ານ, Kahne ໄດ້ຄະແນນຈັກແຕ້ມໃນການແຂ່ງຂັນຊິງແຊັມນັກຂັບ?",A: 2220
"ອີງໃສ່ບົດອ່ານ, ມີຈັກເທື່ອທີ່ຄົນໄດ້ເຫັນດາວຕົກທີ່ສາມາດພິສຸດໄດ້ວ່າເປັນຕົ້ນກຳເນີດຂອງດາວອັງຄານ?",B: ຫ້າຄັ້ງ
"ດັ່ງທີ່ໄດ້ກ່າວໃນບົດອ່ານ, ແມ່ນຫຍັງຄືຄວາມຈິງທີ່ພົບວ່າມາຈາກດາວອັງຄານ?",D: ພວກມັນມີ 34 ດວງ
Schumacher ບໍານານເມື່ອໃດ?,B: ຫຼັງຈາກການຊະນະຄັ້ງທີ່ສິບເຈັດຂອງລາວ
"ອີງໃສ່ບົດອ່ານ, ໃຜທີ່ອາດຈະພັກຢູ່ໃນໂຮງແຮງຮ່ວມສູງທີ່ສຸດ?",B: ນັກເດີນທາງອາຍຸ 22 ປີ ມານຳກັນສາມຄົນ
"ອີງໃສ່ບົດອ່ານ, ຂໍ້ຄວາມໃດອະທິບາຍເຖິງການໂຍນບູມເມີແຣງ ໄດ້ຢ່າງຖືກຕ້ອງ?",A: ມັນຈະກັບມາທີ່ມືຂອງເຈົ້າ ຖ້າໂຍນຖືກວິທີ
ຂໍ້ໃດຕໍ່ໄປນີ້ທີ່ໃຊ້ໃນອາຫານ Javanese ເປັນຫຼັກ?,"The correct answer is:

C: ນ້ຳຕານໝາກພ້າວ"
"ອີງໃສ່ບົດອ່ານ, ພະຍາດຕິດຕໍ່ແຜ່ໄດ້ແນວໃດ?",A: ຈາກຜູ້ທີ່ຕິດເຊື້ອ
"ອີງໃສ່ບົດອ່ານ, ແມ່ນຫຍັງເປັນສິ່ງທີ່ບໍ່ຮູ້ຈັກວ່າເປັນສາເຫດຂອງພະຍາດຕິດຕໍ່?",B: ເຊື້ອໄວຣັສ໌
ໃນສະຖານະການໃດທີ່ຈະເລືອກ ເວັບພຼັອກຊີ່ (web proxy) ແທນທີ່ ຜູ້ໃຫ້ບໍລິການ VPNs ສ່ວນບຸກຄົນທີ່ມີຄວາມພຽງພໍສຳລັບຜູ້ໃຊ້?,"C: ຜູ້ໃຊ້ກຳລັບປ່ຽນເສັ້ນທາງການຮັບສົ່ງຂໍ້ມູນຜ່ານ http ເປັນຫຼັກ

ໃນສະຖານະການທີ່ຜູ້ໃຊ້ມີຄວາມຕ້ອງການປ່ຽນເສັ້ນທາງຂໍ້ມູນຜ່ານບໍ່ກຽວຂ້ອງກັບຄວາມປອດໄພສູງຫຼາຍ, ການໃຊ້ web proxy ຈະເປັນທາງເລືອກທີ່ມີຄວາມສົມເຫດສົມຜົນ."
"ອີງໃສ່ບົດອ່ານ, ຂໍ້ຄວາມໃດຕໍ່ໄປນີ້ກ່ຽວກັບ VPN ແລະ ເວັບພຼັອກຊີ່ (web proxies) ບໍ່ແມ່ນຄວາມຈິງ?","D: VPNs ສາມາດປ່ຽນເສັ້ນທາງການຮັບສົ່ງຂໍ້ມູນຂອງ http ເທົ່ານັ້ນ

ເນື້ອໃນໃນບົດອ່ານບໍ່ສະໜອງຂໍ້ມູນວ່າ VPNs ຈະປ່ຽນເສັ້ນທາງຂໍ້ມູນຂອງ http ເທົ່ານັ້ນ; ແທນນັ້ນ, VPNs ສາມາດເປັນການສັບປ່ຽນຂໍ້ມູນຂອງການໃຊ້ອິນເຕີເນັດເຊິ່ງສົມບູນໄດ້."
ແມ່ນຫຍັງທີ່ເຮັດໃຫ້ບາງຄົນທີ່ຈະໃຊ້ບໍລິສັດໂທລະສັບທີ່ນອກເຂດໃຫ້ບໍລິການຂອງພວກເຂົາເອງ?,A: ການໂທຜ່ານອິນເຕີເນັດ
"ອີງໃສ່ບົດອ່ານ, ຈະຕ້ອງໄດ້ເຮັດຫຍັງແດ່ ເພື່ອໃຫ້ສາມາດຮັບສາມາສະເພາະໄດ້?",A: ຊື້ເບີໂທທີ່ສາມາດໃຊ້ໄດ້ທົ່ວໂລກ
ຂໍ້ໃດຕໍ່ໄປນີ້ທີ່ບໍ່ອະທິບາຍການອອກສຽງຂອງຄຳສັບໃນພາສາອີຕາລີໄດ້ຢ່າງຖືກຕ້ອງ?,"C: ຄຳເວົ້າທີ່ມີຕົວ c ແລະ g ຂ້ອນຂ້າງຍາກ

ຄໍານີ້ບໍ່ຖືກຕ້ອງເນື່ອງຈາກວ່າການອອກສຽງຂອງຕົວ c ແລະ g ເປັນໂຕະໂຕສ່ວນໃຫຍ່ຂຶ້ນກັບສະຫຼະທີ່ຕາມຫຼັງ, ແຕ່ສາມາດເຂົ້າໃຈໄດ້ຖ້າມີຄວາມຮູ້ເບື້ອງຕົ້ນກ່ຽວກັບກົດ."
ລັກສະນະໃດຕໍ່ໄປນີ້ຂອງ Izmir ທີ່ເກີດຂຶ້ນກ່ອນໜ້າຍຸກປັດຈຸບັນ?,D: ຫຼັງຄາກະເບື້ອງສີແດງ
ຂໍ້ໃດຕໍ່ໄປນີ້ທີ່ບໍ່ແມ່ນລັກສະນະທີ່ຖືກຕ້ອງຂອງ Izmir?,B: ບັນຍາກາດສະທ້ອນຄວາມເປັນຕູຣະກີແບບດັ່ງເດີມ
ຄຳວ່າ hanami ໝາຍເຖິງທິວທັດຂອງຫຍັງ?,A: ດອກເຊີຣີບານ
ໃຜເປັນຫົວຫນ້າພັກຄົນທຳອິດທີ່ໄດ້ຮັບການຂະໜານນາມວ່າເປັນດອກເຊີຣີບານ?,C: ຈັກກະພັດຍີ່ປູ່ນ
"ອີງໃສບົດອ່ານ, ແງ່ມຸມຂອງເມືອງ ເຢລູຊາເລັມ ໃດຕໍ່ໄປນີ້ທີມີແນວໂນ້ມດຶງດູດນັກທ່ອງທ່ຽວໄດ້ໜ້ອຍທີ່ສຸດ?",B: ສະຖານະທີ່ເປັນເມືອງຫຼວງຂອງປະເທດອີສຣາເອລ
ຂໍ້ໃດຕໍ່ໄປນີ້ທີ່ບໍ່ໄດ້ກ່າວຢູ່ໃນບົດອ່ານ ວ່າທີ່ເປັນສິ່ງທີ່ເຮັດໃຫ້ ເມືອງ ເຢຣູຊາເລັມ ເປັນທີ່ຮູ້ຈັກ?,B: ອິດທິພົນທາງການເມືອງ
"ອີງໃສ່ບົດອ່ານ, ນັກເດີນທາງແບບໃດທີ່ຈະບໍ່ໄດ້ຮັບຜົນປະໂຫຍດຈາກການຊື້ Wild Card?",B: ນັກເດີນທາງທີ່ມາທ່ຽວຊົມ ອຸທິຍານແຫ່ງຊາດ Kruger ເທົ່ານັ້ນ
ຂໍ້ຄວາມໃດຕໍ່ໄປນີ້ບໍ່ອະທິບາຍກ່ຽວກັບອຸທິຍານແຫ່ງຊາດ Kruger ໄດ້ຢ່າງຖືກຕ້ອງ?,"C: ເປັນອຸທິຍານແຫ່ງຊາດທີ່ນ້ອຍທີ່ສຸດຂອງແອຟຮິກາໃຕ້

ຂໍ້ຄວາມນີ້ບໍ່ຖືກຕ້ອງເພາະອຸທິຍານແຫ່ງຊາດ Kruger ມີເນື້ອທີ່ຄ່ອນຂ້າງໃຫຍ່, ບໍ່ແມ່ນນ້ອຍທີ່ສຸດ."
ຂໍ້ໃດຕໍ່ໄປນີ້ທີ່ມີແນວໂນ້ມຈະເຮັດໃຫ້ເກີດອັນຕະລາຍກັບນັກປີນພູເຂົາທົ່ວທັງສ່ວນທີ່ຊັນກວ່າຂອງພູເຂົາ?,A: ສະພາບຄວາມປຽກຊື້ນ
ຂໍ້ຄວາມໃດຕໍ່ໄປນີ້ທີ່ບໍ່ສະທອນການຂຶ້ນພູ Machu Picchu ທີ່ໄດ້ອະທິບາຍໃນບົດອ່ານໄດ້ຢ່າງຖືກຕ້ອງ?,B: ບໍ່ມີຮາວຈັບຕະຫຼອດທາງຂຶ້ນທີ່ສູງຊັນ
"ອີງໃສ່ບົດອ່ານ, ສິ່ງໃດເຫຼົ່ານີ້ທີ່ບໍ່ແມ່ນວັດຖຸດິບຫຼັກຂອງອາຫານ Majorcan?",C: ແກ່ນພືດ
"ອີງຕາມຂໍ້ມູນໃນບົດອ່ານ, ຂໍ້ຄວາມໃດກ່ຽວກັບຄາບເຂົ້າຂອງ hangi ບໍ່ແມ່ນຄວາມຈິງ?",B: Hangi ໃຊ້ກ້ອນຫິນຮ້ອນທີ່ມີຢູ່ເມືອງ ເວລລິງຕັ້ນ
ຂໍ້ໃດຕໍ່ໄປນີ້ທີ່ບໍ່ໄດ້ກ່າວເຖິງວ່າເປັນວິທີປົກກະຕິໃນການເພີ່ມຄວາມຮ້ອນໃນເຕົາ hangi?,A: ແກສ
ສິ່ງໃດທີ່ເປັນຜົນການໄດ້ຮັບການຍອມຮັບຈາກຄູບາ ຫຼື ແມ່ຊີ?,A: ການໃສ່ຜ້າຄຸມທີ່ສີສົດໃສ
ລາຍການເຄື່ອງນຸ່ງໃດຕໍ່ໄປນີ້ທີ່ບໍ່ສາມາດໃຫ້ຢືມຈາກອາຣາມໄດ້? ,B: ໂສ້ງຂາສັ້ນ
ເມື່ອໃດທີ່ນັກທ່ອງທ່ຽວຈະມີໂອກາດຫຼາຍທີ່ສຸດໃນການເບິ່ງດາວຕອນໄປເຂດແອັດແລນຕິກ?,C: ລະຫວ່າງເດືອນໃນລະດູໜາວ
ເມື່ອໃດທີ່ໂທລະສັບສັນຍານດາວທຽມຈະບໍ່ສາມາດເຮັດວຽກແທນທີ່ໂທລະສັບທົ່ວໄປໄດ້?,C: ຖ້າຈະຕ້ອງໃຊ້ຢູ່ກາງແຈ້ງ
ເມື່ອໃດໂທລະສັບສັນຍານດາວທຽມຈະເປັນທີ່ຕ້ອງການຫຼາຍກວ່າໂທລະສັບປົກກະຕິ?,B: ລະຫວ່າງການເດີນທາງດ້ວຍເຮືອ
ຂໍ້ຂັດແຍ່ງໃດທີ່ນຳໄປສູ່ການສ້າງ ສາທາລະນະລັດ Transnistria?,B: ດ້ານເຜົ່າຊົນ
ຂໍ້ໃດຕໍ່ໄປນີ້ທີ່ ສາທາລະນະລັດ Transnistria ມີ ທີ່ແຕກຕ່າງຈາກສ່ວນອື່ນໆຂອງ Moldova?  ,C: ດ້ານການຍອມຮັບຈາກ UN
"ອີງໃສ່ບົດອ່ານ, ເມື່ອໃດທີ່ນັກທອງທ່ຽວຄວນມາ Montevideo ຖ້າຢາກຫຼີກຫຼ່ຽງສະພາບອາກາດທີ່ມີລົມຫຼາຍ?",D: ລະຫວ່າງເດືອນລະດູໜາວຂອງ Montevideo
"ອີງໃສ່ບົດອ່ານ, ເມື່ອໃດທີ່ນັກທອງທ່ຽວຄວນມາ Montevideo ຖ້າເຂົາເຈົ້າຕ້ອງການສະພາບອາກາດທີ່ເຢັນກວ່າ?",B: ເມື່ອຮອດຍາມລະດູຮ້ອນຂອງ Northern Hemisphere
"ອີງໃສ່ບົດອ່ານ, ຂໍ້ໃດຕໍ່ໄປນີ້ທີ່ກ່ຽວຂ້ອງກັບການກໍ່ຕັ້ງສິລະປິນໃຊ້ສະເປ, ດັ່ງທີ່ຕ່າງຈາກຮູບແບບຄວາມປ່າເຖື່ອນ?",A: ງານສິລະປະສີສະເປ
ແງ່ມຸມໃດຂອງເທດສະການດົນຕີທີ່ຜູ້ເຂົ້າຮ່ວມບາງຄົນຖືວ່າເປັນສ່ວນສຳຄັນຂອງປະສົບການ?,B: ຕັ້ງແຄັມຢູ່ສະຖານທີ່ເລີຍ
"ອີງໃສ່ບົດອ່ານ, ຜູ້ເຂົ້າຮ່ວມເທດສະການຄວນເຮັດຫຍັງທີ່ສຳຄັນ ຖ້າຕ້ອງການຕັ້ງແຄັມໃກ້ກັບດົນຕີ?",D: ມາແຕ່ເຊົ້າ
"ອີງໃສ່ບົດຄວາມ, ນັກທ່ອງທ່ຽງຄວນຫຼີກຫຼ່ຽງບ່ອນໃດເມື່ອຊອກຫາການທ່ຽວກາງຄືນຢູ່ທີ່ New Mexico?",B: ບາ Small-town
"ອີງໃສ່ບົດອ່ານ, ນັກທ່ອງທ່ຽວສາມາດຫາຄວາມບັນເທິງທີ່ຮູ້ຈັກກັນດີໃນ New Mexico ຕອນເໜືອໄດ້ຢູ່ໃສ?",A: ຢູ່ຄາຊີໂນຫ່າງອອກໄປຈາກ Albuquerque ສອງຊົ່ວໂມງ
ນັກທ່ອງທ່ຽວທີ່ຄຳນຶງເຖິງການປະຢັດອາດຈະຫຼີກຫຼ່ຽງເຄື່ອງດື່ມແບບໃດ?,"D: ນ້ຳໝາກໄມ້

ນໍ້າໝາກໄມ້ມີລາຄາແພງຕາມຂໍ້ຄວາມຂ້າງເທິງ. ນັກທ່ອງທ່ຽວທີ່ລົງທຶນໄດ້ສາມາດຫຼີກລ່ຽງການເຈີບໂສຍໃນຂ້ອນນີ້."
"ອີງໃສ່ພື້ນທີ່ທີ່ໄດ້ກ່າວມາໃນບົດອ່ານ, ການສັ່ງເຄື່ອງດື່ມໃດຕໍ່ໄປນີ້ທີ່ເຮັດໃຫ້ຜູ້ເສີບສັບສົນ?",B: ໝາຍເລກໜື່ງ
"ຢູ່ມານານກວ່າສາມສັດຕະວັດ, ໄລຍະຂອງການລ່າເມືອງຂຶ້ນເກີດຂຶ້ນດ້ວຍກຸ່ມໃດ?",D: ກຸ່ມ Spaniards
"ອີງໃສ່ບົດອ່ານ, ວິທີທີ່ດີທີ່ສຸດທີ່ຊາວປາຣີຊ່ຽນຕ້ອນຮັບທ່ານແມ່ນຫຍັງ",C: ສະແດງອອກຢ່າງສຸພາບ
"ອີງໃສ່ບົດອ່ານ, ຂໍ້ໃດຕໍ່ໄປນີ້ທີ່ບໍ່ຖືວ່າເປັນຄຸນນະພາບແບບແຜນຂອງຊາວປາຣີຊ່ຽນ?",C: ມັກຫຼິ້ນມ່ວນ
ຜົນປະໂຫຍດຂອງລົດໄຟຊັ້ນໜຶ່ງ MetroRail ຂອງເມືອງ ເຄບ ທາວ ແມ່ນຫຍັງ?,B: ບໍ່ມີຄົນຫຼາຍ
"ອີງໃສ່ບົດອ່ານ, ສິ່ງທີ່ລົດໄຟຂົນສົ່ງທຸກຄັນຂອງເມືອງເຄບທາວມີແມ່ນຫຍັງ?",D: ເປັນຕູ້ລົດໄຟທັງຊັ້ນໜື່ງ ແລະ ສາມ
ຂໍ້ໃດຕໍ່ໄປນີ້ທີ່ສັດຕູພືດບໍ່ຄ່ອຍຈະເຮັດໃຫ້ເກີດ?,D: ກໍ່ໃຫ້ເກີດການບາດເຈັບ
ສາມາດຊື້ບັດໂທລະສັບແບບຕື່ມເງິນໄດ້ຢູ່ໃສ່?,C: ໃນຮ້ານຄ້າຫົວມຸມ
ບາງບັດທີ່ເຂົ້າເຖິງແມ່ນມີອັດຕາຄ່າໂທທີ່ດີກວ່າແນວໃດ?,A: ສາມາດເຂົ້າເຖິງໄດ້ໃນສະເພາະບາງປະເທດເທົ່ານັ້ນ
"ອີງໃສ່ບົດອ່ານ, ຕົ້ນໄມ້ໃດຕໍ່ໄປນີ້່ແມ່ນພືດທົ່ວໄປທີ່ເຫັນໜ້ອຍໃນທະເລສາບ Plitvice ໃນອຸດທິຍານແຫ່ງຊາດ?",B: ໄມ້ Oak
ສັດຫາຍາກຊະນິດໃດຕໍ່ໄປນີ້ທີ່ພົບເຫັນໃນ ອຸທິຍານແຫ່ງຊາດ ທະເລສາຍ Plitvice?,D: ໄກ່ Capercaillie
"ອີງໃສ່ບົດອ່ານ, ລະຫັດຂົງເຂດຊ່ວຍຫຍັງໄດ້ແດ່?",B: ຄວບຄຸມຕະຫຼາດ
"ອີງໃສ່ບົດອ່ານ, ຂໍ້ໃດຕໍ່ໄປນີ້ເປັນການຕົວະກ່ຽວກັບລະຫັດຂົງເຂດທີ່ບົງການບໍລິສັດສື່?","B: ພວກມັນຊ່ວຍຫຼີກຫຼ່ຽງການສຳເນົາແບບຜິດກົດໝາຍ

This is the statement that the passage suggests is a pretense by the media companies. The passage argues that region codes are not fundamentally effective in preventing copyright infringement."
"ເມື່ອມາຮອດປະເທດຂອງທ່ານແລ້ວ, ໂດຍທົ່ວໄປແລ້ວ ຂະບວນການໃດທີ່ບເປັນທາງການ?",A: ການກວດຄົນເຂົ້າເມືອງ
ຂໍ້ໃດຕໍ່ໄປນີ້ທ່ານຕ້ອງໄດ້ຮູ້ກ່ອນກັບຄືນປະເທດຂອງຕົນ?,B: ຖ້າທ່ານຕ້ອງໄດ້ແຈ້ງເຄື່ອງທີ່ເກີນຂີດຈຳກັດຂອງກົດໝາຍ
"ອີງໃສ່ບົດອ່ານ, ມີຫຍັງຫຼາຍຢ່າງທີ່ຊ່ວຍໃຫຍນັກປີນເຂົາສາມາດຄົ້ນຫາເສັ້ນທາງໃໝ່ພາຍໃນຫຸບເຂົາ Cochamó ໄດ້ຢ່າງສະໝ່ຳສະເໝີ?",A: ທິວທັດ
"ອີງຕາມຂໍ້ມູນໃຫ້ໃນບົດອ່ານ, ໃຜຄົ້ນພົບເສັ້ນທາງຂ້າມສ່ວນໃຫຍ່ໃນຂົວໂລກໃຕ້?",D: LATAM Oneworld
ພັນທະມິດສາຍການບິນໃດຄອບຄຸມຈຳນວນການຂ້າມມະຫາສະໝຸດໄດ້ໜ້ອຍທີ່ສຸດໃນຂົ້ວໂລກໃຕ້?,C: LATAM Oneworld
ອົງການທ່ອງທ່ຽວໃດສຳເລັດ ລາຍການ Global Running Tours?,B: ອົງການ Go Running Tours
"ອີງໃສ່ບົດອ່ານ, ອົງການ Go Running Tours ຊ່ວຍເຊື່ອມຕໍ່ອົງການແລ່ນອື່ນໆຫຼາຍປານໃດ?",A: ສີ່
ນັກທ່ອງທ່ຽວຄວນເຮັດຫຍັງຖ້າເຂົ້າຢາກເຫັນເສືອຊີຕ້າຢ່າງຈະແຈ້ງທີ່ສຸດ?,C: ໃຊ້ກ້ອງສ່ອງທາງໄກ
"ອີງໃສ່ບົດອ່ານ, ສັດປະເພດໃດທີ່ນັກທ່ອງທ່ຽວມີແນວໂນ້ມພົບເຫັນຫຼາຍທີ່ສຸດເມື່ອໄປທ່ຽວທົ່ງຊາຟາຣີດ້ວຍພະຫະນະ?","Based on the passage, the animals that tourists are most likely to encounter up close when on a safari with vehicles are elephants and birds. However, these specific animals are not listed in the options provided. None of the animals listed (lion, giraffe, leopard, cheetah) were specifically mentioned as being more approachable or frequently seen with vehicles.

Therefore, with the information given and based on common safari occurrences, the best option given the context (even though it's not directly addressed in the passage) would potentially be:
A: ສິງໂຕ (Lion) 

However, remember this is an inference as the most directly mentioned animals (elephant and birds) are not among the options."
"ອີງໃສ່ບົດອ່ານ, ສິ່ງໃດຈະຊ່ວຍເຮັດໃຫ້ຄ່າໃຊ້ຈ່າຍໃນການທ່ອງທ່ຽວຫຼຸດລົງ?",B: ຫາຄົນໄປນຳເປັນກຸ່ມລະສີ່ຄົນ
"ອີງໃສ່ບົດອ່ານ, ໃຜຈະໄດ້ອັດຕາການທ່ອງທ່ຽວທີ່ດີທີ່ສຸດ?","D: ກຸ່ມຫ້າຄົນ

ຕາມບົດອ່ານ ການທ່ອງທ່ຽວຈະມີລາຄາຖືກສຳລັບກຸ່ມໃຫຍ່. ດັ່ງນັ້ນ ກຸ່ມທີ່ມີສີ່ຄົນ ຫາ ຫົກຄົນຈະໄດ້ອັດຕາທີ່ດີກວ່າ. ບັດນີ້ທີ່ໃກ້ຄຽງຄືກຸ່ມຫ້າຄົນ."
"ອີງໃສ່ບົດອ່ານ, ແມ່ນຫຍັງທີ່ມີສ່ວນຮ່ວມເຮັດໃຫ້ເມືອງ San Francisco ໄດ້ຮັບການຍອມຮັບທົ່ວໂລກ?",A: ການປະກົດເລື້ອຍໆໃນງານສິລະປະ ແລະ ສື່ໃນຮູບແບບຕ່າງໆ
"ອີງໃສ່ບົດອ່ານ, ຂໍ້ຄວາມໃດຕໍ່ໄປນີ້ກ່ຽວກັບ San Francisco ທີ່ບໍ່ແມ່ນຄວາມຈິງ?","D: ເສດຖະກິດທັງໝົດແມ່ນເພິ່ງພາການທ່ອງທ່ຽວ

ຂໍ້ຄວາມນີ້ບໍ່ແມ່ນຄວາມຈິງ ຕາມທີ່ໄດ້ກ່າວໄວ້ໃນບົດອ່ານ. ທະເລດຖະກິດຂອງ San Francisco ມີຄວາມຫຼາກຫຼາຍ ບໍ່ໄດ້ພິ່ງອີງແຕ່ພາກທ່ອງທ່ຽວຢ່າງດຽວ."
"ອີງໃສ່ບົດອ່ານ, ນັກທ່ອງທ່ຽວແບບໃດບໍ່ມີແນວໂນ້ມທີ່ຈະໄດ້ຮັບຜົນປະໂຫຍດຈາກການໃຊ້ບໍລິການຂອງບໍລິສັດທ່ອງທ່ຽວ?",B: ນັກທ່ອ່ງທ່ຽວທີ່ໄປຕາມທຳມະຊາດ
ຂໍ້ໃດຕໍ່ໄປນີ້ທີ່ບໍ່ກ່າວໄວ້ໃນບົດອ່ານທີ່ເປັນຜົົນປະໂຫຍດຈາກການຈອງຜ່ານບໍລິສັດທ່ອງທ່ຽວ?,A: ເອກສານເດີນທາງນັກທ່ອງທ່ຽວເລັ່ງດ່ວນ
"ອີງໃສ່ບົດອ່ານ, ແອັບແປຂໍ້ຄວາມໂດຍທັນທີບໍ່ສາມາດເຮັດຫຍັງໄດ້ແດ່?",D: ການແປຖືກຕ້ອງ 100% ຕະຫຼອດເວລາ
ແມ່ນຫຍັງທີ່ເຮັດໃຫ້ມີການແປແບບອອັບລາຍເຮັດໄດ້?,C: ການດາວໂຫຼດຂໍ້ມູນພາສາ
ຂໍ້ໃດຕໍ່ໄປນີ້ທີ່ບໍ່ເຮັດໃຫ້ເກີດຫິມະຖະຫຼົ່ມ?,A: ຫິມະໜຽວ
"ອີງໃສ່ບົດອ່ານ, ຂໍ້ໃດຕໍ່ໄປນີ້ມາພ້ອມກັບຫິມະຖະຫຼົ່ມ?",C: ຈຳນວນຫິມະທີ່ຫຼາຍເກີນໄຫຈາກເນີນສູງ
"ອີງໃສ່ບົດອ່ານ, ກະຫຼີ່ແມ່ນພື້ນຖານຂອງສ່ວນປະກອບໃດ?",B: ສະໝຸນໄພ ແລະ ເຄື່ອງເທດ
"ໃນຂົງເຂດສະເພາະ, ບາງຄັ້ງມີການໃຊ້ກະທິແທນສ່ວນປະສົມໃດຂອງເຄີຣີ?",C: ນົມສົ້ມ
ເປັນຫຍັງ ການຫັກລ້ຽວຂອງ ພູເຂົາ Transantarctic ເຮັດໃຫ້ມີການເກີດເປັນພູພຽງ?,B: ຫິມະທີ່ອັດກັນແໜ້ນ ມີຄວາມອັນຕະລາຍ
"ຕາມທາງການສຳຫຼວດຂົ້ວໂລກໃຕ້, ແມ່ນຫຍັງຖືກໝາຍດ້ວຍທຸງ?",C: ຕາມຮອຍແຍກເຕັມໄປດ້ວຍຫິມະ
ສິ່ງໃດທີ່ບໍ່ກ່າວເຖິງໃນບົດອ່ານເຊິ່ງເປັນບາງສິ່ງທີ່ນັກທ່ອງທ່ຽວຕ້ອງຄຳນິຶງເມື່ອໄປທ່ຽວ ແອຟຣິກາໃຕ້?,"C: ເກືອບທຸກໆປະເທດທີ່ມີຊາຍແດນຕິດກັບແອຟຣກາໃຕ້ມີສະຖຽນລະພາບ

ບົດຄວາມບໍ່ໄດ້ກ່າວເຖິງຄວາມສະຖຽນລະພາບຂອງທຸກໆປະເທດໃກ້ຄຽງຈະເປັນຄືກັນຫຼາຍໆແມ່ນທີ່ໄດ້ກ່າວໄວ້ວ່າ ""ອາຟຣິກາໃຕ້ຈະມີຄວາມສະເຖຍລະພາບແຕ່ບໍ່ແມ່ນທຸກປະເທດໃກ້ຄຽງຈະເປັນຄືກັນໝົດ""."
"ອີງໃສ່ບົດອ່ານ, ແມ່ນຫຍັງທີ່ບໍ່ແມ່ນຄຳແນະນຳທີ່ດີໃນການທ່ຽວ ແອຟຣິກາໃຕ້ດ້ວຍລົດ?","D: ບໍ່ແມ່ນທຸກປະເທດໃນແອຟຣິກາໃຕ້ທີ່ສາມາດໄປທ່ຽວໄດ້

ນີ້ຍ້ອນວ່າບົດຄວາມຮຽນໃຫ້ເຫັນວ່າມີຄວາມສະເຖຍລະພາບແຕ່ບໍ່ແມ່ນໃຫ້ເຫັນວ່າບໍ່ສາມາດໄປທ່ຽວໄດ້ແທ້. ບົດຄວາມສອນໄວ້ກ່ຽວກັບການວາງແຜນຢ່າງຮອບຄອບແລະຜູ້ຮຽນແນະນຳໃຫ້ໃຊ້ລົດຕີນສູງ 4x4."
ຂໍ້ໃດຕໍ່ໄປນີ້ທີ່ບໍ່ມີຢູ່ໃນບົດອ່ານທີ່ເປັນອັນຕະລາຍຖ້າປະກະເປົາໄວ້?,C: ອາດຫຼົງກັບກະເປົາຜູ້ອື່ນ
ແມ່ນຫຍັງທີ່ບໍ່ໄດ້ກ່າວເຖິງໃນບົດຄວາມກ່ຽວກັບການຂົນຢາເສບຕິດ?,B: ຕ້ອງລະມັດລະວັງເພີ່ມເຕີມເມື່ອເດີນທາງໄປຕ່າງປະເທດ
ເຄື່ອງດື່ມປະເພດໃດທີ່ບໍ່ໄດ້ກ່າວ ເປັນບາງສິ່ງທີ່ສາມາດລອງເຮັດດື່ມເອງໄດ້ລະຫວ່າງເຂົ້າພັກ?,C: ເບຍ
ຂໍ້ໃດຕໍ່ໄປນີ້ທີ່ທ່ານຄວນໄປລະຫວ່າງການພັກຜ່ອນຖ້າເມືອງຂອງເຈົ້າເປັນທີ່ຮູ້ຈັກດ້ານວັດທະນະທຳເຄື່ອງດື່ມ?,C: ຮ້ານເຫຼົ້າທີ່ເຈົ້າບໍ່ຄ່ອຍໄປ
ບ່ອນທີ່ມີຮູບປັ້ນນົກກາງແກຢູ່ໃສ?,D: ຢູ່ໃນໂບດ
ວີຊ່າປະເພດໃດທີ່ຕ້ອງໄດ້ມີການຢັ້ງຢືນການສະໜັບສະໜູນດ້ານການເງິນທີ່ພຽງພໍ?,D: ວີຊ່ານັກຮຽນ
ໃຜທີ່ມັກຈະໄດ້ຕໍ່ວີຊ່າ?,C: ນັກສຶກສາຕ່າງຊາດ
ເມື່ອໃດທີ່ຕ້ອງລະວັງຍຸງເປັນພິເສດ?,A: ລະຫວ່າງເດືອນໃນລະດູຮ້ອນ
"ອີງໃສ່ບົດອ່ານ, ທ່ານຕ້ອງຢູ່ຫ່າງຈາກການເຮັດຫຍັງເພື່ອຫຼີກຫຼ່ຽງຍຸງໃນຂະນະຂັບລົດຜ່ານປ່າຝົນ?",A: ເປີດປະຕູລົດໄວ້ເປັນເວລາດົນ
"ອີງໃສ່ບົດອ່ານ, ຂໍ້ຄວາມໃດຕໍ່ໄປນີ້ກ່ຽວກັບ Sundarbans ທີ່ບໍ່ແມ່ນຄວາມຈິງ?","B: ເຄິ່ງໜຶ່ງຂອງພື້ນທີ່ປ່າທັງໝົດປົກຫຸ້ມດ້ວຍ ບຶງ

Based on the information provided, approximately 1/3 of the Sundarbans is covered with water/bogs, not half."
ສ່ວນໃດຂອງປ່າທີ່ນອນຢູ່ໃນເຂດແດນຂອງອິນເດຍ?,A: ອຸດທິຍານແຫ່ງຊາດ Sundarbans
"ອີງໃສ່ບົດອ່ານ, ໃຜທີ່ມີແນວໂນ້ມທີ່ມີຄວາມເຂົ້າໃຈພາສາອັງກິດນ້ອຍສຸດ?",B: ຜູ້ທີ່ມີອາຍຸນ້ອຍ
"ອີງໃສ່ບົດອ່ານ, ແມ່ນຫຍັງທີ່ອອກສຽງຍາກ?",A: ຄຳເວົ້າທີ່ມີສຳນຽງສະເພາະ
"ອີງໃສ່ບົດອ່ານ, ສະຖານະການໃດທີ່ຈະເໝາະສົມສຳລັບນັກເດີນທາງວາງແຜນຂີ່ລົດເມຈາກສະຖານນີຂ້າມລະຫວ່າງເມືອງ?",A: ນັກເດີນທາງກຳລັງໄປເມືອງ Jakar ແລະ ໄດ້ຊື້ປີ້ກ່ອນແລ້ວ
ຄຳແນະນຳດີໆຫຍັງແດ່ທີ່ນັກທ່ອງທ່ຽວເດີນທາງໄປທາງຕາເວັນອອກຈາກສະຖານນີຂ້າງລະຫວ່າງເມືອງ?,B: ຊື້ປີ້ລ່ວງໜ້າ
ຂໍ້ໃດຕໍ່ໄປນີ້ທີ່ບໍ່ແມ່ນຄຳອະທິບາຍຖືກຕ້ອງກ່ຽວກັບ Timbuktu?,"C: ເຮືອບິນບໍ່ສາມາດເຂົ້າເຖິງໄດ້

ຂໍ້ນີ້ເປັນຂໍ້ທີ່ບໍ່ຖືກຕ້ອງ ເພາະຄວາມຈິງແມ່ນ Timbuktu ມີສະໜາມບິນ."
ປັດໃຈໃດຕໍ່ໄປນີ້ກ່ຽກັບ Timbuktu ທີ່ເປັນຄວາມຈິງ?,A: ເຮືອບິນສາມາດເຂົ້າເຖິງໄດ້
ກິລາໂອລິມປິກລະດູຮ້ອນເບື້ອງຕົ້ນແມ່ນວາງແຜນຈັດຂຶ້ນເມື່ອໃດ? ,B: ເດືອນ ມີນາ 2020
"ອີງໃສ່ບົດອ່ານ, ຢູ່ທີ່ຈຸດໃດທີ່ພາຍຸງວງຊ້າງກາຍເປັນພາຍຸທໍນາໂດ?",D: ພາຍຫຼັງຮອດດິນ
ຂໍ້ໃດເຫຼົ່ານີ້ທີ່ເປັນລັກສະນະຂອງພາຍຸທໍນາໂດທີ່ຖືກຕ້ອງ?,ຄຳຕອບທີ່ຖືກຕ້ອງ ຄື: B: ມັກຈະພັດເອົາວັດຖຸໜັກ
"ອີງໃສ່ບົດອ່ານ, ນັກເດີນທາງສາມາດຂໍຄຳແນະນຳກ່ຽວກັບສະຖານະການທາງການເມືອງໄດ້ຢູ່ໃສຂອງເມືອງທີ່ຈະໄປ?",D: ຈາກລັດຖະບານຕົນເອງ
"ວ່າດ້ວຍຄຳແນະນຳການເດີນທາງ, ແມ່ນຫຍັງທີ່ຊາວຕ່າງປະເທດບໍເຄີຍມີປະສົບການ?",B: ການສັງລວມງ່າຍໆເກີນໄປກ່ຽວກັບສະຖານະການທາງການເມືອງຂອງປະເທດ
"ອີງໃສ່ບົດອ່ານ, ການເດີນທາງປະເພດໃດທີ່ບໍ່ຕ້ອງການການຊ່ວຍຈອງຈາກບໍລິສັດທ່ອງທ່ຽວ?",A: ການເດີນທາງໄປວຽກປະຊຸມໃນເມືອງທີ່ນັກເດີນທາງເຄີຍໄປມາແລ້ວ
"ອີງໃສ່ບົດອ່ານ, ສະຖານະການໃດທີ່ນັກເດີນທາງຈະໄດ້ຮັບຜົນປະໂຫຍດຫຼາຍທີ່ສຸດຈາກການຊ່ວຍເຫຼືອຂອງບໍລິສັດທ່ອງທ່ຽວ?","B: ເມື່ອນັກເດີນທາງສົນໃຈການຈອງການທ່ອງທ່ຽວພິເສດຄັ້ງທຳອິດ

ຕາມບົດອ່ານ, ນັກເດິນທາງຈະໄດ້ຮັບຜົນປະໂຫຍດຫຼາຍທີ່ສຸດຈາກການຊ່ວຍເຫຼືອຂອງບໍລິສັດທ່ອງທ່ຽວໃນສະຖານະການທີ່ພວກເຂົາຈະຈອງທ່ອງທ່ຽວພິເສດຄັ້ງທຳອິດ ຫຼື ສະເພາະທີ່ພວກເຂົາມີຄວາມສົນໃຈໃນປະສົບການໃໝ່."
"ອີງໃສ່ບົດອ່ານ, ແມ່ນຫຍັງທີ່ຊ່ວຍໃຫ້ນັກເດີນທາງຫຼີກຫຼ່ຽງຄວາມຜິດຫວັງໃນຂະນະເດີນທາງທ່ອງທ່ຽວໄປສະຖານທີ່ໃໝ່?",B: ຄວາມເຕັມໃຈລອງອາຫານທີ່ບໍ່ຄຸ້ນເຄີຍ
"ອີງຕາມຂໍ້ມູນໃນບົດອ່ານ, ຄົນປະເພດໃດອາດຈະປະສົບຄວາມຜິດຫວັງໃນເມື່ອທ່ອງທ່ຽວໃນຕ່າງແດນ?",C: ຜູ້ທີ່ມີຈິດໃຈຄັບແຄບ
ຂໍ້ໃດຕໍ່ໄປນີ້ບໍ່ແນະນຳໃຫ້ແກ່ນັກເດີນທາງທ່ອງທ່ຽວປະເທດທີ່ກຳລັງພັດທະນາເປັນຄັ້ງທຳອິດ?,B: ຫຼີກຫຼ່ຽງການຖິ້ມອາຫານລະຫວ່າງການເດີນທາງຊ່ວງສອງສາມມື້ທຳອິດ
ຂໍ້ໃດຕໍ່ໄປນີ້ບໍ່ໄດ້ກ່າວວ່າເປັນສິ່ງທີ່ຕ້ອງຖິ້ມເມື່ອມາປັບຕົວເຂົ້າກັບປະເທດທີ່ກຳລັງພັດທະນາ?,"C: ສາດ ຫຼື ຜ້າປູຕັ້ງແຄ້ມ

ຂໍ້ນີ້ບໍ່ໄດ້ກ່າວວ່າເປັນສິ່ງທີ່ຕ້ອງຖິ້ມເມື່ອມາປັບຕົວເຂົ້າກັບປະເທດທີ່ກຳລັງພັດທະນາ."
"ຕົວເລືອກໃດຕໍ່ໄປນີ້ທີ່ດີທີ່ີສຸດສຳລັບຜູ້ຖືນະໂຍບາຍທີ່ຕ້ອງການສຳເນົາແບບສະເໝືອນຈິງ, ແຕ່ອາດບໍ່ສາມາດເຂົ້າເຖິງອິນເຕີເນັດໄດ້","C: ຮັກສາສຳເນົາໄວ້ໃນໜ່ວຍຄວາມຈຳຄອມພິວເຕີແລັບທັອບ

This option is the best choice for individuals who may not have internet access but need to keep an offline version of the policy. By storing the copy in the computer's memory, it remains accessible without the need of internet connection."
"ອີງໃສ່ບົດອ່ານ, ຂໍ້ໃດຕໍ່ໄປນີ້ທີ່ບໍ່ຈຳເປັນຕ້ອງສະແດງໃນນະໂຍບາຍ?",D: ທີ່ຢູ່ອີເມວຂອງຜູ້ຖືເອກະສານ
"ອີງໃສ່ບົດຄວາມ, ຂະໜາດເນກາຕິບໃດທີ່ສະທ້ອນເຖິງຮູບແບບຟີມທີ່ໃຊ້ທົ່ວໄປ?",C: ເນກາຕິບ 35 ມມ
ຮູບແບບຟິມໃດຕໍ່ໄປນີ້ທີ່ໃຫ້ຄວາມລະອຽດທີ່ຄ້າຍຄືກັບກ້ອງ DSLR?,A: ຟີມ 35 ມມ
"ອີງໃສ່ບົດອ່ານ, ຂໍ້ໃດເຫຼົ່ານີ້ທີ່ຈະເປັນຂັ້ນຕອນສຸດທ້າຍໃນການເລີ່ມເດີນທາງທຸລະກິດການຂຽນໜັງສືກ່ຽວກັບການເດີນທາງ?",C: ສ້າງເວັບໄຊຂອງຕົນເອງ
"ເມືອງເລີ່ມທຸລະກິດການຂຽນກ່ຽວກັບການທ່ອງທ່ຽວ, ຄວາມສາມາດໃດຕໍ່ໄປນີ້ທີ່ຕ້ອງໄດ້ຝຶຶກກ່ອນ?",A: ການຂຽນບລັອກ
ສະພາບອາກາດໃດທີ່ເປັນບັນຫາຕໍ່ກັບລຳໄສ້ທີ່ພົບໄດ້ງ່າຍ?,C: ສະພາບອາກາດຮ້ອນ
"ອີງໃສ່ບົດອ່ານ, ການຖືກແສງແດດປະຈຳເຮັດໃຫ້ພູມຄຸ້ມກັນເປັນຫຍັງ?",B: ເຊື້ອພະຍາດທ້ອງຖິ່ນ
ຂໍ້ໃດຕໍ່ໄປນີ້ທີ່ເປັນຂໍ້ໄດ້ປຽບຂອງການທ່ອງທ່ຽວໃນເຂດ Schengen?,"A: ຫຼີກຫຼ່ຽງການຂໍວີຊ່າຫຼາຍເທື່ອ  
B: ປະຫຍັດເງິນ  
C: ຫຼີກຫຼ່ຽງການກວດປຶ້ມຜ່ານແດນຫຼາຍຈຸດ  

ຂໍ້ຫຼາຍບໍ່ໃຊ່ຈຸດໃດຈຸດຫນຶ່ງເຫມາະສຳລັບຄວາມຈິງຫມົດທີ່ໃນໂຈທໍານີ້, ແຕ່ຂໍ້ທີ່ຈະເລືອກເປັນຂໍ້ໄດ້ປຽບສໍາລັບການທ່ອງທ່ຽວໃນເຂດ Schengen ຄື A: ຫຼີກຫຼ່ຽງການຂໍວີຊ່າຫຼາຍເທື່ອ, B: ປະຫຍັດເງິນ, ແລະ C: ຫຼີກຫຼ່ຽງການກວດປຶ້ມຜ່ານແດນຫຼາຍຈຸດ."
ແມ່ນຫຍັງທີ່ບໍ່ເຫັນຢູ່ໃນຫຼຸມສົບຂອງ Tutankhamun ອີກຕໍ່ໄປແລ້ວ?,D: ຄວາມຮັ່ງມີ
"ອີງໃສ່ບົດອ່ານ, ຈຸດໝາຍປາຍທາງໃນເມືອງ Vancouver ອັນໃດທີ່ຈະດຶງດູດນັກເດີນທາງທີ່ມີງົບຈຳກັດໄດ້ໜ້ອຍທີ່ສຸດ? ",C: ເກາະ Bowen
"ອີງໃສ່ບົດອ່ານ, ຈຸດໝາຍປາຍທາງໃດທີ່ີ່ໃຫ້ນັກທ່ອງທ່ຽວມີປະສົບການກ່ຽວກັບເມືອງ Vancouver ທີ່ແທ້ຈິງ?",A: ເກາະ Bowen
"ອີງໃສ່ບົດອ່ານ, ນັກເດີນທາງໄປທ່ອງທ່ຽວນ້ຳຕົກໄດ້ຕອນໃດຖ້າເຂົາຢາກເບິ່ງແບບບໍ່ມີຫຍັງບັງ?",D: ນອກລະດູຝົນ
"ອີງໃສ່ບົດອ່ານ, ແມ່ນຫຍັງທີ່ເປັນຂໍ້ດີຂອງການທ່ຽວນຳຕົກວິກຕໍເຣຍລະຫວ່າງເດືອນພະຈິກ ແລະ ເດືອນ ມີນາ?",C: ທິວທັດນ້ຳຕົກທີ່ງາມ
"ອີງໃສ່ບົດອ່ານ, ຂໍ້ໃດຕໍ່ໄປນີ້ທີ່ບໍ່ແນະນຳເມື່ອໃຊ້ໂດຣນບິນຖ່າຍ?",D: ຖ່າຍສະເພາະຈຸດທີ່ມີຄົນຫຼາຍເທົ່ານັ້ນບ່ອນທີ່ໂດຣນຈະບໍ່ເປັນທີ່ສັງເກດ
"ອີງໃສ່ບົດອ່ານ, ບ່ອນທີ່ດີທີ່ສຸດໃນການຖ່າຍຮູບເງົາໂດຍນໍາໃຊ້ໂດຣນແມ່ນຢູ່ໃສ?",D: ຢູ່ເຂດທີ່ທ່ານໄດ້ຮັບອະນຸຍາດລ່ວງໜ້າ
"ອີງໃສ່ບົດອ່ານ, ຂໍ້ຄວາມໃດກ່ຽວກັບລະບຽບການລົງທະບຽນຂັ້ນຕອນການຂໍວີຊ່າທີ່ບໍ່ແມ່ນຄວາມຈິງ?","B: ທຸກປະເທດຕ້ອງການການລົງທະບຽນກັບເຈົ້າໜ້າທີ່ທ້ອງຖິ່ນ

ຄໍາຕອບຂ້ອຍຖືກຕ້ອງເນື່ອງຈາກໃນຂໍ້ຄວາມໄດ້ກ່າວວ່າໃນບາງປະເທດບໍ່ຈໍາເປັນຕ້ອງມີການລົງທະບຽນ ສໍາລັບບາງຄວາມຈິງບໍ່ແມ່ນທຸກປະເທດທີ່ຕ້ອງມີຂັ້ນຕອນນີ້."
ຂໍ້ໃດຕໍ່ໄປນີ້ທີ່ບໍ່ແມ່ນສຳລັບນັກທ່ອງທ່ຽວອາດຈະໄປຈັດການການລົງທະບຽນຂອງພວກເຂົາ?,C: ຫ້ອງການໄປສະນີທ້ອງຖິ່ນ
ແມ່ນໃຜທີ່ບໍ່ໄດ້ຜົນປະໂຫຍດຈາກການເປັນອາສາສະໝັກໃນຂະນະທ່ອງທ່ຽວ?,"B: ຜູ້ທີ່ກຳລັງຫາເງີນເພີ່ມ

ບົດຄວາມລະບຸວ່າວຽກອາສາສະໝັກປົນກັບການທ່ອງທ່ຽວບໍ່ໄດ້ສະໜອງເງິນເດືອນຫຼາຍ ຈຶ່ງບໍ່ເໝາະສໍາຫຼັບຜູ້ທີ່ຈະຫາເງິນເພີ່ມ."
"ອີງໃສ່ບົດອ່ານ, ການເປັນອາສາສະໝັກໃນຂະນະທີ່ທ່ອງທ່ຽວມີຜົນປະໂຫຍດແນວໃດຕໍ່ກັບນັກເດີນທາງໂດຍສະເພາະດ້ານງົບປະມານ?","C: ບາງຄັ້ງໄດ້ຮັບເປັນຫ້ອງພັກ ຫຼື ອາຫານ

คำตอบนี้ถูกต้องเพราะในบทอ่านกล่าวถึงการที่นักเดินทางสามารถประหยัดงบประมาณได้โดยการเป็นอาสาสมัครซึ่งให้สิ่งต่าง ๆ เช่น ห้องพักและอาหารฟรี"
"ອີງໃສ່ບົດອ່ານ, ແມ່ນຫຍັງທີ່ຖືວ່າເປັນການເດີນທາງພິເສດໄປ Walt Disney World?",C: ໃຊ້ເວລາທັງໝົດຂອງການເດີນທາງຢູ່ໃນສະຖານທີ່ Disney
ຂໍ້ຄວາມໃດຕໍ່ໄປນີ້ກ່ຽວກັບ Walt Disney World ທີ່ບໍ່ແມ່ນຄວາມຈິງ?,A: ປີ້ຈອດລົດສາມາດສົ່ງຕໍ່ໃຫ້ຜູ້ອື່ນໄດ້
"ອີງໃສ່ບົດອ່ານ, ບັນຫາໃດຕໍ່ໄປນີ້ທີ່ຍັງບໍ່ທັນຄົ້ນພົບກ່ຽວກັບຫ້ອງການຝຶກອົບຮົມມືອາຊີບ ຫຼື ການຕີພິມ?",D: ບົດບາດສົມມຸດ
"ອີງໃສ່ບົດອ່ານ, ວິຊາຮຽນໃດຕໍ່ໄປນີ້ທີ່ອາດຈະກວມເອົາໃນຊົ່ວໂມງການອົບຮົມມືອາຊີບ?",A: ການປະຖົມພະຍາບານ
"ອີງໃສ່ບົດອ່ານ, ທາງເລືອກທີ່ດີທີສຸດໃຈການຫຼີກຫຼ່ຽງການປົນເປື້ອນໃນນ້ຳແມ່ນຫຍັງ?",B: ຊື້ນ້ຳດື່ມເປັນຕຸກ
"ອີງຕາມບົດອ່ານ, ແມ່ນຫຍັງທີ່ອາດຈະເປັນໄປບໍ່ໄດ້ເລີຍສຳລັບນັກລອຍນ້ຳທີ່ມີທັກສະຫຼາຍ?",C: ການລອຍນ້ຳຕ້ານກະແສ
ທ່ານຕ້ອງເຮັດແນວໃດຖ້າຖືກກະແສນ້ຳດຶງ?,"A: ພະຍາຍາອອກຈາກກະແສນ້ຳໂດຍຫັນໄປອີກທິດທາງໜຶ່ງ, ຈາກນັ້ນໃຫ້ລອຍກັບເຂົ້າຝັ່ງປົກກະຕິ"
"ອີງໃສ່ບົດອ່ານ, ສະຖານທີ່ໃດທີ່ການຢ້ຽມຊົມຜາສາດໃນຊ່ວງການທ່ອງທ່ຽວພັກຜ່ອນຄຸ້ມຄ່າ?",C: ຢູ່ຮ່ອມພູ Rhine
"ອີງໃສ່ບົດອ່ານ, ຂໍ້ໃດຕໍ່ໄປນີ້ທີ່ບໍ່ແນະນຳສຳລັບແມ່ຍິງເດີນທາງໄປເຂດດັ່ງກ່າວ?",A: ບໍ່ສົນທະນາກ່ຽວກັບສະຖານະການທີ່ມີການຕໍ່ສູ້
"ອີງໃສ່ພື້ນທີ່ທີ່ໄດ້ກ່າວໃນບົດອ່ານ, ມີຄຳແນະນຳທີ່ມີປະໂຫຍດໃດສຳລັບແມ່ຍິງທີ່ເປັນນັກເດີນທາງ?",B: ໃສ່ແຫວນນະໜາດໃຫຍ່ ເພື່ອບົ່ງບອກສະຖານະການຕໍ່ສູ້
"ອີງໃສ່ບົດອ່ານ, ສະຖານະການໃດທີ່ຊ່າງຖ່າຍຮູບສັດປ່າຕ້ອງໃຊ້ເລນສພິເສດ?",A: ຖ້າພວກເຂົາຖ່າຍຮູບສັດທີ່ນ້ອຍພິເສດ
ຂໍ້ໃດຕໍ່ໄປນີ້ທີ່ບໍ່ໄດ້ກ່າວເຖິງໃນບົດອ່ານກ່ຽວກັບສິ່ງທ້າທາຍສຳລັບນັກຖ່າຍຮູບສັດປ່າ?,A: ຊອກຫາສັດທີ່ສວຍງາມ
ຂໍ້ໃດຕໍ່ໄປນີ້ທີ່ກໍ່ໃຫ້ເກີດບັນຫາສຳລັບຄົນຂັບລົດທ່ອງທ່ຽວຜ່ານເສັ້ນທາງພູເຂົາ?,B: ແຮງຕ້ານຕໍ່າ
ການຮັກສາຄວາມສອດຄ່ອງກ່ຽວກັບອາກອນລາຍຮັບໃນຫຼາຍໆປະເທດແມ່ນແນວໃດ?,A: ອັດຕາ
"ອີງໃສ່ບົດອ່ານ, ຖ້າທ່ານເຮັດວຽກຢູ່ຕ່າງປະເທດ ແຕ່ພັດຢູ່ບ່ອນອື່ນ, ທ່າໜ້າຈະຍື່ນອາກອນລາຍຮັບຂອງທ່ານໄດ້ຢູ່ໃສ?",C: ຢູ່ປະເທດທີ່ທ່ານກຳລັງເຮັດວຽກຢູ່
ຂໍ້ຄວາມໃດຕໍ່ໄປນີ້ບໍ່ອະທິບາຍກ່ຽວກັບ World’s Fair ໄດ້ຢ່າງຖືກຕ້ອງ?,"D: ບັນດາປະເທດຕ່າງໆບໍ່ຈຳເປັນເຂົ້າຮ່ວມ

ຄຳຕອບນີ້ບໍ່ຖືກຕ້ອງເພາະງານ World’s Fair ຕ້ອງອາສາຍອິດຂອງປະເທດຕ່າງໆເຂົ້າຮ່ວມເພື່ອສະແດງສິນຄ້າ ແລະ ແສງສະຫວ່າງໃຫ້ປະເທດຕົນ."
ຂໍ້ໃດຕໍ່ໄປນີ້ທີ່ເປັນກົດຂອງ World’s Fair ຫຼື ການວາງສະແດງນາໆຊາດ?,C: ງານຕ້ອງຢູ່ຮອດຫົກເດືອນ
ການເຮັດສິ່ງໃດຕໍ່ໄປນີ້ຈະລົດຄວາມເປັນໄປໄດ້ຂອງການໂຈມຕີຂອງສັດ?,B: ເອົາຂີ້ເຫຍື້ອອອກຈາກບ່ອນຕັ້ງແຄ້ມ
ຂໍ້ໃດຕໍ່ໄປນີ້ທີ່ບໍ່ໄດ້ກ່າວເຖິງໃນບົດອ່ານທີ່ອາດເປັນສາເຫດທີ່ເປັນໄປໄດ້ຂອງສັດປ່າໂຈມຕີ?,C: ໃຫ້ອາຫານສັດປ່າ
Massa ໄດ້ຮັບບາດເຈັບຕອນໃດ?,A: ລະຫວ່າງການແຂ່ງຂັນ Grand Prix
"ອີງໃສ່ບົດອ່ານ, ການຈັດແຈງສົ່ງຜົນກະທົບຕໍ່ AOL ແນວໃດ?",C: ຈຳນວນຜູ້ໃຊ້ຂອງ AOL ຈະກາຍເປັນກະແສໂດຍຜູ້ໃຊ້ Yahoo ແລະ Microsoft
ຂໍ້ໃດຕໍ່ໄປນີ້ອາດສິ້ນສຸດພາຍຫຼັງການກະກຽມການໃໝ່?,C: ອິດສະຫຼະພາບຂອງ AOL ໃນການພັດທະນາຕະຫຼາດແມ່ນຢູ່ທີ່ບາດກ້າວຂອງຕົນເອງ
ມີຈັກຄົນທີ່ຖືກສັງຫານໃນການໂຈມຕີທີ່ບໍ່ແມ່ນຕຳຫຼວດ?,C: 0
ໃຜເປັນຜູ້ຖືກສົງໄສວ່າເປັນຜູ້ກໍ່ເຫດຄັ້ງນີ້?,A: ຕຳຫຼວດ
"ເນື່ອງຈາກສະຖານະລັດຟລໍຣິດາແມ່ນລັດທີ່ຜູ້ຊະນະໄດ້ໝົດທຸກຢ່າງ, Mitt Romney ໄດ້ຫຍັງເປັນລາງວັນ?",C: ແຂກທັງໝົດຂອງລັດ
"ອີງໃສ່ບົດອ່ານ, ຜົນໂຫວດຈັກເປີເຊັນທີ່ Gingrich ໄດ້ຮັບໃນການເລືອກຕັ້ງເບື້ອງຕົ້ນ?",B: 32 ເປີເຊັນ
"ອີງໃສ່ບົດອ່ານ, ໃຜບໍ່ສືບຕໍ່ແລ່ນຫາສຽງພາຍຫຼັງຈາກຜົນການເລືອກຕັ້ງພັກ?",B: ທ່ານ Bachmann
"ອີງໃສ່ບົດອ່ານ, ໃຜເປັນຜູ້ກ່າວປາໄສໃຫ້ແກ່ຜູ້ສະໝັກຫຼັງຜົນໄດ້ຮັບການເລືອກຕັ້ງພັກ?",B: ທ່ານ Gingrich
ສະຖານທີ່ໃດເປັນພຽງທີ່ດຽວທີ່ການສະແດງເກີດຂຶ້ນກ່ອນປີ 2015?,A: ສະຖານີວິທະຍຸ TogiNet
ສະຖານີອະທິບາຍການສະແດງວ່າມີການໝຸນປະເພດໃດ?,C: ຫຼຸ້ນເກົ່າ
David Headley ໄດ້ຮີບໂຮມຫຍັງແດ່ເພື່ອຊ່ວຍກຸ່ມທະຫານໃນການໂຈມຕີໃນທີ່ສຸດ?,A: ຂໍ້ມູນ
ການຂົນສົ່ງປະເພດໃດທີ່ກອງທະຫານໃຊ້ໃນການເດີນທາງໄປເມືອງມຸມໄບ?,C: ເຮືອ
ປະໂຫຍກໃດທີ່ສະທອນຜົນໄດ້ຮັບໃນການແຂ່ງຂັນ Brisbane Open ຂອງ Nadal ແລະ Raonic ທີ່ໄດ້ກ່າວໄວ້ໃນບົດອ່ານຢ່າງຖືກຕ້ອງ?,A: Raonic ຊະນະ Nadal
"ອີງໃສ່ບົດອ່ານ, ການແຂ່ງຂັນລະຫວ່າງ Nadal ແລະ Raonic ເປັນແນວໃດຫຼັງຈາກການເສີບລູກທຳອິດ?",D: Raonic ຊະນະ Nadal
ລາຍການພາສາໃດທີ່ບໍ່ໄດ້ລວມຢູ່ໃນອອກອາກາດໃໝ່ຂອງ Naked News ສາມລາຍການ?,C: ພາສາ ຢູ່ປຸ່ນ
"ອີງໃສ່ບົດອ່ານ, ບ່ອນໃດທີ່ການອອກອາກາດຂອງ Naked News ໃໝ່ຈະບໍ່ມີຢູ່?",C: ໂຮງຮູບເງົາ
ມີຄູ່ແຂ່ງຈັກຄົນທີ່ບໍ່ຈົບການແຂ່ງຂັນ Giant Slalom?,D: 45
ຂໍ້ຄວາມໃດຕໍ່ໄປນີ້ສະທ້ອນຜົນການແຂ່ງຂັນໃນລາຍການຢູ່ທີ່ການແຊ່ງຂັນຊິງແຊັມໄດ້ຢ່າງຖືກຕ້ອງ?,B: ນັກສະກີຈຳນວນ 45 ຄົນບໍ່ຈົບການແຂ່ງຂັນຂອງພວກເຂົາໃນ Giant Slalom
ຂໍ້ໃດຕໍ່ໄປນີ້ທີ່ NBA ຕັດສິນໃຈໂຈະການແຂ່ງຂັນ?,A: ລະດູການແຂ່ງບານບ້ວງ
"ອີງໃສ່ບົດຄວາມ, ສິ່ງໃດທີ່ເຮັດໃຫ້ NBA ມີຄວາມກັງວົນກ່ຽວກັບໄວຣັສ?",A: ສະມາຊິກ NBA ມີຜົນກວດເປັນບວກ
ໃຜເປັນຜູ້ເຮັດຄະແນນໃນການຊະນະການແຂ່ງຂັນໃຫ້ກັບ Washington Capitals ໃນການແຂ່ງຂັນພົບກັບທີມ Atlanta Thrashers?,A: Nicklas Backstrom
ໃຜເປັນຍິງປະຕູທີ 60 ຂອງຕົນໄດ້ໃນລະດູການແຂ່ງຂັນທີ່ພົບກັນລະຫວ່າງທີມ Capitals ແລະ Thrashers?,C: Alex Ovechkin
ທະນາຄານ Northern Rock ຕ້ອງການການສະໜັບສະໜູນຈາກລັດຖະບານຕອນໃດ?,D: ລະຫວ່າງວິກິດການດ້ານການຈຳນອງ
"ອີງໃສ່ບົດອ່ານ, ຂໍ້ຄວາມໃດຕໍ່ໄປນີ້ອະທິບາຍການເຈລະຈາຂອງກຸ່ມບໍລິສັດ Virgin ກັບທະນາຄານ Northern Rock ໄດ້ຢ່າງຖືກຕ້ອງ?",B: ກຸ່ມບໍລິສັດ Virgin ໄດ້ຊື້ທະນາຄານພາຍຫຼັງການຫັນເປັນທະນາຄານແຫ່ງຊາດ
"ດັ່ງທີ່ໄດ້ກ່າວໃນບົດອ່ານ, ປະເທດໃດທີ່ໄດ້ຮັບຜົນກະທົບຈາກການເຊັນຂໍ້ຕົກລົງກຽວໂຕໃນການແກ້ໄຂບັນຫາສະພາບດິນຟ້າອາກາດ?",C: ອົດສະຕາລີ
ລັດຖະບານຊຸດເກົ່າຂອງປະເທດ ອົດສະຕາລີ ຄິດວ່າການຮັບຮອງເອົາຂໍ້ຕົກລົງກຽວໂຕສ້າງຄວາມເສຍຫາຍໃຫ້ແກ່ຫຍັງ?,"B: ເສດຖະກິດຂອງປະເທດ
C: ການສົ່ງອອກຖ່ານຫິນ"
ລາຍການແຂ່ງຂັນໃດທີ່ນັກຍິງປຶນໃນເສັ້ນທາງນີ້ຄັດເລືອກໄປ?,D: ລາຍການນັກລ່າຂອງສະມາຄົມນັກກິລາຍິງປືນ
ຂໍ້ຄວາມໃດບໍ່ສະທ້ອນການທົດລອງການຄວບຄຸມສັດຕູພືດຢ່າງຖືກຕ້ອງ?,"C: ນັກກະລາຍິງປືນໄດ້ຮັບການເບິ່ງແຍງດູແລໂດຍທະຫານພານ

ໃນຂໍ້ຄວາມບໍ່ໄດ້ກ່າວວ່າມີການເບິ່ງແຍງດູແລໂດຍທະຫານພານ. ຂໍ້ມູນບໍ່ຂຶ້ນກ່ຽວກັບກອງທັບທີ່ຈະໃຫ້ການເບິ່ງແຍງຫຼືຄວບຄຸມ."
"ອີງໃສ່ບົດອ່ານ, ຮອຍແຍກເກີດຂຶ້ນຢູ່ໃສ?",A: ຢູ່ຮ່ອມພູ Rift
"ອີງໃສ່ບົດອ່ານ, ແມ່ນຫຍັງທີ່ເກີດຂຶ້ນໄວກ່ອນທີ່ຄາດໄວ້?",A: ການຄົ້ນພົບຊາກດຶກດຳບັນ
ນັກກິລາຕ້ອງໄດ້ເຮັດຫຍັງແດ່ເພີື່ອຄວບຄຸມການເຄື່ອນໄຫວໃນລະຫວ່າງການຫຼິ້ນວີດີໂອເກມ?,D: ເຄື່ອນຍ້າຍຕົວຄວບຄຸມໄປຕາມອາກາດ
ແມ່ນຫຍັງທີ່ຖືກອອກແບບມາໃຫ້ຄືລີໂມດໂທລະທັດ?,A: ເຊັນເຊີສອງຕົວຂອງຕົວຄວບຄຸມ
ແມ່ນຫຍັງທີ່ບໍ່ໄດ້ຮັບການກ່າວເຖິງໃນບົດລາຍງານລ່າສຸດຂອງສຳນັກຂ່າວ Xinhua?,B: ຍົນບິນລົງຈອດທີ່ Ürümqi
ແມ່ນຫຍັງທີ່ບໍ່ໄດ້ຮັບການກ່າວເຖິງໃນບົດລາຍງານກ່ອນໜ້ານີ້ຂອງສຳນັກຂ່າວ Xinhua?,B: ຍົນຖືກປະຕິເສດໃຫ້ລົງຈອດສຸກເສີນ
ແມ່ນຫຍັງທີ່ Sara Danius ໄດ້ປະກາດໃນລະຫວ່າງລາຍການວິທະຍຸ?,D: ຄະນະກຳມະການຈະຢຸດຕິຄວາມພະຍາຍາມໃນການຕິດຕໍ່ຫາ Bob Dylan
ໃຜທີ່ບໍ່ສາມາດຕິດຕໍ່ໄດ້?,D: Bob Dylan
ໃຜເປັນຜູ້ໃຫ້ຄຳເຫັນໃນການໃຫ້ຄຳໝັ້ນວ່າເປັນ “ຂັ້ນຕອນສຳຄັນ”?,C: Gordon Johndroe
ສະແຕັມຫຼາຍເທົ່າໃດແລ້ວທີ່ Słania ຜະລິດໃຫ້ກັບປະເທດຕ່າງໆ?,D: ຫຼາຍກວ່າ 1000 ດວງ
"ອີງໃສ່ບົດອ່ານ, ແມ່ນຫຍັງທີ່ອາດຈະເປັນສາເຫດການຮົ່ວໄຫຼຕໍ່ເນື່ອງຈາກຊ່ອງລະບາຍອາກາດຂອງຖັງ?",C: ການແຜ່ຂະຫຍາຍຄວາມຮ້ອນ
ເປັນຫຍັງວາວລະບາຍຈຶ່ງເປີດ?,B: ມີການລົົ້ມເຫຼວຂອງພະລັງງານພາຍຫຼັງການທົດສອບລະບົບ
"ປັດຈຸບັນ, ລະດັບນ້ຳໃນເມືອງ Ninth Ward ສູງປານໃດ?",C: ສູງພຽງແອວ
"ໃນລະຫວ່າງພາຍຸເຮີຣິເຄນ Katrina, ເກີດຫຍັງຂຶ້ນຢູ່ເມືອງ Ninth Ward?",C: ນ້ຳຖ້ວມສູງເຖິງ 20 ຟຸດ
ຂໍ້ໃດໃດຕໍ່ໄປນີ້ຍັງບໍ່ໄດ້ຮັບການຢືນຢັນຈາກ Hamilton?,B: ຄວາມເປັນໄປໄດ້ວ່າຜູ້ປ່ວຍອື່ນຕິດແປດເຊື້ອໄວຣັສ
ແມ່ນຫຍັງທີ່ນັກວິະຍາສາດຢາກຈະສິຶກສາຫາຄຳຕອບ?,B: ທາດໂປຣຕີນກໍ່ຕົວຂຶ້ນແນວໃດ
"ອີງໃສ່ບົດອ່ານ, ຕຳຫຼວດໃນທ້ອງຖິ່ນມີໜ້າທີ່ເຮັດຫຍັງແດ່ໃນການປິດຄະດີ?",C: ພວກເຂົາຊີ້ທາງໃຫ້ນັກຂັບຂີ່ລົດຈັກໄປທາງອື່ນ
ເກີດຫຍັງຂຶ້ນກັບປາກທໍ່ລະຫວ່າງການປິດ?,A: ພວກມັນຖືກປິດກັ້ນ
"ອີງໃສ່ບົດອ່ານ, ແມ່ນຫຍັງທີ່ບໍ່ເທັນໄດ້ກີດຂຶ່ນກ່ອນຊ່າງຖ່າຍຮູບຈະຖືກລົດຕຳ?",A: ຊ່າງຖ່າຍຮູບຖືກສັ່ງໂດຍຕຳຫຼວດຈະລາຈອນໃຫ້ຂ້າມທາງກັບໄປ
ຊ່າງຖ່າຍຮຸບກຳລັງພະຍາຍາເຮັດຫຍັງກ່ອນທີ່ລາວຈະຖືກລົດຕຳ?,C: ຂ້າມທາງດ່ວນທີ່ລົດກຳລັງຫຼາຍ
ຂໍ້ຄວາມໃດທີ່ບໍ່ອະທິບາຍສະພາບຂອງປະທານນາທິບໍດີພາຍຫຼັງການກວດຫາເຊື້ອໄວຣັສຢ່າງບໍ່ຖືກຕ້ອງ?,A: ລາວຮູ້ສຶກບໍ່ສະບາຍ
"ອີງໃສ່ບົດອ່ານ, ຂໍ້ຄວາມໃດຕໍ່ໄປນີ້ກ່ຽວກັບປະທານນາທິບໍດີແມ່ນຄວາມຈິງ?",C: ລາວຍັງສື່ສານທາງໂທລະສັບໄດ້ດີ
"ອີງໃສ່ບົດອ່ານ, ຄາດຄະເນວ່າເມື່ອໃດ ພາຍຸໄຊໂຄລນລະດູຮ້ອນ Gonu ຈະສືບຕໍ່ອ່ອນກຳລັງລົງ?",B: ເມື່ອລົມອ່ອນກຳລັງລົງປະມານ 83 ກມ ຕໍ່ຊົ່ວໂມງ
ຄວາມໄວຂອງລົມຂອງພາຍຸໄຊໂຄລນລະດູຮ່ອນ Gonu ຕອນສູງສຸດແມ່ນເທົ່າໃດ?,C: 149 ໄມລ໌ ຕໍ່ ຊົ່ວໂມງ
ຂໍ້ໃດຕໍ່ໄປນີ້ບໍ່ຖືວ່າເປັນລັກສະນະສະເພາະຂອງ Karenia brevis?,"C: ມີຫຼາຍເຊວ

ລັກສະນະຂອງ Karenia brevis ຄື ມັນເປັນສັດທະເລຈຸລັງດ່ຽວ (ຈືງບໍ່ມີຫຼາຍເຊວ)ແລະມັນຜະລິດສານພິດທີ່ສາມາດສ້າງທາງຜູກໄສໃນລະບົບປະສາດ."
ຂໍ້ໃດຕໍ່ໄປນີ້ທີ່ Karenia brevis ບໍ່ສາມາດເຮັດໄດ້?,B: ເພີ່ມຈຳນວນຂຶ້ນໄດ້ຢ່າງໄວວາໃນທຸກສະພາບ
"ອີງໃສ່ບົດອ່ານ, ຂໍ້ໃດຕໍ່ໄປນີ້ບໍ່ໄດ້ເກີດຂຶ້ນຍ້ອນພາຍຸເຮີຣີເຄນ Felicia?",D: ນ້ຳຖ້ວມທາງ
ຂໍ້ຄວາມໃດກ່ຽວກັບພາຍຸເຮີຣິເຄນ Felicia ບໍ່ຖືກຕ້ອງ?,"B: ໄດ້ຈັດປະເພດເປັນພາຍຸດິເພສຊັນລະດູຮ້ອນກ່ອນ ຈະປ່ຽນເປັນພາຍຸລະດັບ 4

ຂໍ້ຄວາມນີ້ບໍ່ຖືກຕ້ອງເພາະພາຍຸ Felicia ເປັນພາຍຸເຮີກິນທີ່ມີຄວາມແຮງຮະດັບ 4 ກ່ອນຈະອ່ອນກຳລັງລົງ."
ຂໍ້ຄວາມໃດທີ່ສະທ້ອນຜົນໄດ້ຮັບຂອງການແຂ່ງຂັນລາຍການ Hungarian Grand Prix ປີ 2009 ໄດ້ຖືກຕ້ອງ?,"None of the options provided correctly reflect the outcome of the 2009 Hungarian Grand Prix related to Piquet Jr. Piquet Jr. did not receive a victory, and there was no accident or incident involving a fire or a safety car accident related to him in that race. In fact, Nelson Piquet Jr.'s contract with Renault was terminated following the 2009 Hungarian Grand Prix, which aligns with him being released from the team, but this information does not match any of the events described in options A, B, C, or D. So, none of the provided options are correct."
ອຸປະຕິເຫດເກີດຂຶ້ນຕອນໃດ?,A: ທັນທີພາຍຫຼັງຈາກ Alonso ເຂົ້າບ່ອນພັກລົດ
"ອີງໃສ່ບົດອ່ານ, ຂໍ້ໃດຕໍ່ໄປນີ້ໃຊ້ເວລານ້ອຍກວ່າເວລາທີ່ນັກຄົ້ນຄວ້າຄິດໄວ້ເບື້ອງຕົ້ນ?",A: ການສ້າງຮູບຮ່າງຂອງສາຍພັນ
ຂໍ້ໃດຕໍ່ໄປນີ້ທີ່ບໍ່ໄດ້ຮັບການລາຍງານຈາກນັກຄົ້ນຄວ້າ?,C: ຊື່ຂອງສາຍພັນໃໝ່
ງານ CowParade ຈັດຂຶ້ນຢູ່ໃສ?,B: ໃນເມືອງ Bucharest
ຂໍ້ຄວາມໃດຕໍ່ໄປນີ້ອະທິບາຍກ່ຽວກັບ CowParade ໄດ້ຢ່າງຖືກຕ້ອງ?,D: ເປັນງານນິທັດສະການສິລະປະສາທານະນະທີ່ໃຫຍ່ທີ່ສຸດໃນໂລກ
ແມ່ນຫຍັງທີ່ເຮັດໃຫ້ລັດເຊຍຍຸດຕິການນຳໃຊ້ II-76s?,B: ອຸປະຕິເຫດ
II-76 ແມ່ນຫຍັງ?,C: ເຮືອບິນ
ໃຜເປັນຜູ້ຈ້າງທີມຜູ້ຂຽນເລື່ອງ The Simpsons?,B: Simon
"ອີງໃສ່ Fluke, ໃຜທີ່ສົ່ງຄຳເຫັນທີ່ສ້າງສັນ ແລະ ກຳລັງໃຈມາໃຫ້ນາງ?",D: ທັງບຸກຄົນທີ່ເປັນຜູ້ຊາຍ ແລະ ຜູ້ຍິງ
"ອີງໃສ່ບົດອ່ານ, ແມ່ນຫຍັງທີ່ບາງຄົນບໍ່ຕ້ອງການໃຫ້ແມ່ຍິງເວົ້າເຖິງ?",C: ສຸຂະພາບແມ່ຍິງ
"ອີງໃສ່ບົດອ່ານ, ດາວເຄາະດວງໃດທີ່ມີການເຄື່ອນໄຫວຫຼາຍທີ່ສຸດ?",A: ໂລກ
ແມ່ນ້ຳ ແລະ ທະເສສາບປະກອບມີສານແຫຼວໃສທີ່ໄດ້ຮັບການລະບຸວ່າແມ່ນຂອງດາວເຄາະດວງໃດ?,B: ດວງຈັນຂອງດາວເສົາ
ສິ່ງຄົ້ນພົບໃດທີ່ບໍ່ແມ່ນມາຈາກການຄົ້ນພົບຂົນປີກນົກ?,A: ສີຂອງຂົນນົກ
ສິ່ງທີ່ຂົນໄດໂນເສົາບໍ່ມີແມ່ນຫຍັງ?,A: ໜາມຂອງຂົນ
ຂໍ້ຄວາມໃດຕໍ່ໄປນີ້ກ່ຽວກັບ ZMapp ບໍ່ແມ່ນຄວາມຈິງ?,A: ສ້າງມາຈາກພູມຕ້ານທາງຂອງຮ່າງກາຍ
ຂໍ້ຄວາມໃດຕໍ່ໄປນີ້ອະທິບາຍການທົດລອງ PALM ໄດ້ຢ່າງຖືກຕ້ອງ?,"B: ຢາທີ່ໄດ້ຮັບການຄວບຄຸມແມ່ນໄດ້ຮັບການປຽບທຽບກັບການປິ່ນປົວສາມແບບອື່ນໆ, ໜຶ່ງໃນນັ້ນແມ່ນ ZMapp"
ນັກຄົ້ນຄວ້າຄິດວ່າຊິບໃໝ່ຈະມີຄວາມສຳຄັນຢູ່ໃສທີ່ສຸດ?,A: ປະເທດທີ່ມີລາຍຮັບນ້ອຍ
ວິທີໃດທີ່ຈະໃຊ້ເຂົ້າໃນການສ້າງເຄື່ອງມືວິນິດໄສ?,C: ຊິບທີ່ສາມາດພິມໄດ້
"ອີງໃສ່ບົດອ່ານ, ຂໍ້ຄວາມໃດກ່ຽວກັບ ຮ່ອງດວງຈັນທີ່ບໍ່ແມ່ນຄວາມຈິງ?",B: ການປະກົດຕົວຂອງພວກມັນໝາຍຄວາມວ່າ ດວງຈັນມີກິດຈະກຳດ້ານທໍລະນີຕະຫຼອດເວລາ
"ອີງໃສ່ບົດອ່ານ, ທິດສະດີໃດກ່ຽວກັບການເກີດແຜ່ນດິນທີ່ບົ່ງຊີ້ວ່າມີກິດຈະກຳທາງທໍລະນີວິທະຍາເກີດຂຶ້ນເທິງດວງຈັນ?",D: ການເກີດແຜ່ນດິນແມ່ນເກີດຂຶ້ນສົມຄວນຫວ່າງບໍ່ດົນມານີ້
"ອີງໃສ່ບົດອ່ານ, ແມ່ນຫຍັງທີ່ຈະບໍ່ມີຫຼາຍກວ່ານີ້ຈົນກວ່າຈະມີຄຳຟ້ອງ?",A: ຄຳເຫັນເພີ່ມເຕີມ
"ອີີງໃສ່ບົດອ່ານ, ແມ່ນຫຍັງທີ່ບໍ່ແມ່ນບັນຫາຂອງຜູ້ປະທັບຕາໃນປັດຈຸບັນ?",D: ນ້ຳກ້ອນລະລາຍ
"ນອກຈາກນ້ຳກ້ອນແລ້ວ, ມີຫຍັງອີກທີ່ສົ່ງຜົນກະທົບຕໍ່ຄວາມພະຍາຍາມໃນການຊ່ວຍເຫຼືອ?",B: ສະພາບອາກາດ
ຄວາມເຊື່ອໃດທີ່ Roberts ປະຕິເສດທີ່ຈະກວດສອບຄວາມຖຶກຕ້ອງ?,C: ຈຸດເລີ່ມຕົ້ນຂອງຊີວິດ
ຫົວຂໍ້ໃດທີ່ Roberts ຮູ້ສຶກວ່າເປັນສິ່ງທີ່ຂັດຫຼັກຈັນຍາບັນທີ່ສຸດທີ່ຈະສົນທະນາ?,D: ສະເພາະກໍລະນີ
ແສງໄຟສອງດວງສ່ອງໄປໃສ?,A: ສ່ອງຂຶ້ນຟ້າ
"ອີງໃສ່ບົດອ່ານ, ການສ້າງຕຶກສູງເກີດຂຶ້ນໃນສະຖານທີ່ເມື່ອໃດ?",D: ການກໍ່ສ້າງດຳເນີນໄປຢ່າງຕໍ່ເນື່ອງ
ຂໍ້ມູນໃດທີ່ບົ່ງບອກວ່າ Seven Sisters ແມ່ນຖໍ້າ?,A: ການປ່ຽນແປງດ້ານອຸນຫະພູູມ
ພຶດຕິກຳດ້ານຄວາມຮ້ອນຂອງຖ້ຳ Seven Sisters ໄດ້ຮັບການສັງເກດແນວໃດ?,A: ຮູບພາບອິນຟາເຣດ
"ອີງໃສ່ບົດອ່ານ, ຂໍ້ຄວາມໃດກ່ຽວກັບຜູ້ຕ້ອງສົງໄສທີ່ບໍ່ແມ່ນຄວາມຈິງ?","D: ລາວບໍ່ໄດ້ຮັບບາດເຈັບ

ໃນບົດອ່ານໄດ້ກ່າວໄວ້ວ່າຜູ້ຕ້ອງສົງໃສໄດ້ຮັບບາດເຈັບຈາກການລະເບີດ."
ຂໍ້ມູນໃດກ່ຽວກັບການໂຈມຕີທີ່ເຈົ້າໜ້າທີ່ໄດ້ຢັ້ງຢຶນ?,B: ຊົນເຜົ່າຂອງຜູ້ຕ້ອງສົງໄສ
ທີມໃດແດ່ທີ່ຈະລົງຫຼິ້ນໃນການແຂ່ງຂັນທີ່ Ellis Park?,C: ແອຟຟຣິກາໃຕ້ ແລະ ອົດສະຕາລີ
Springboks ຈະແຂ່ງຢູ່ໃສໃນການແຂ່ງຂັນຮອບໜ້າຂອງພວກເຂົາ?,C: ເມືອງ Johannesburg
ຂໍ້ໃດຕໍ່ໄປນີ້ທີ່ສະຖານນີອາວະກາດມີບັນຫາໃນລະຫວ່າງພາລະກິດ?,B: ຮັກສາວົງໝຸນ
"ອີງໃສ່ບົດອ່ານ, ເປົ້າໝາຍຂອງພາລະກິດສະຖານີອາວະກາດແມ່ນຫຍັງ?",C: ເພື່ອສຳເລັດພາລະກິດຍ່າງນອກອາວະກາດ
ຂໍ້ຄວາມໃດຕໍ່ໄປນີ້ກ່ຽວກັບຄະດີທີ່ບໍ່ເປັນຄວາມຈິງ?,"D: ມິີການຈັບກຸມຕົວ AOL

ຄວາມນີ້ບໍ່ເປັນຄວາມຈິງເພາະວ່າ AOL ເປັນຜູ້ໃຫ້ບໍລິການອິນເຕີເນັດແລະບໍ່ໄດ້ຖືກຈັບກຸມ."
ຂໍ້ຄວາມໃດຕໍ່ໄປນີ້ອະທິບາຍຄະດີໄດ້ຢ່າງຖືກຕ້ອງ?,B: ຄະດີນີ້ກ່ຽວຂ້ອງກັບຜູ້ໃຫ້ບໍລິການອິນເຕີເນັດລາຍໃຫຍ່ສອງບໍລິສັດ
"ອີງໃສ່ບົດອ່ານ, ສະໂມສອນໃດທີ່ Vidal ເລີ່ມລົງຫຼິ້ນນຳໃນສາມລະດູການທີ່ຜ່ານມາ?",C: ສະໂມສອນ Barça
ມີຈັກການແຂ່ງຂັນທີ່ Vidal ໄດ້ລົງຫຼິ້ນໃຫ້ແກ່ Barça?,A: 49
ໃຜເປັນທີມຄູ່ແຂ່ງໃນການແຂ່ງຂັນນີ້?,B: Bolonia
ຍ້ອນຫຍັງ Jarque ຈຶ່ງພັກຢູ່ໂຮງແຮມ?,C: ລາວມີແຂ່ງວັນອາທິດ
ເປັນຫຍັງອົງກອນດ້ານທໍລະນີຟີຊິກຈຶ່ງບໍ່ອອກແຈ້ງເຕືອນ?,A: ບໍ່ມີໄພຂົ່ມຂູ່ຈາກຄື້ນສຶນາມິ
"ອີງໃສ່ບົດອ່ານ, ແຜ່ນດິນໄຫວເຮັດໃຫ້ເກີດຫຍັງແດ່?",A: ໃຫ້ຄົນທ້ອງຖີ່ນແຕກຕື່ນ
ຂໍ້ໃດໃນສິ່ງເຫຼົ່ານີ້ເຮັດໃຫ້ມີກິດຈະກຳຂອງດວງຕາເວັນ ແລະ ດວງດາວອື່ນໆທັງໝົດ?,A: ການສ່ອງສະຫວ່າງ ແລະ ການໄຫຼວຽນຂອງມວນສານພລາສມາ
ຈະກຳນົດຕົວເລກຣອສຊີ່ຂອງດວງດາວໄດ້ແນວໃດ?,A: ການສ່ອງສະຫວ່າງ ແລະ ການໝູນວຽນ
ມີຈັກເປີເຊັນຂອງຜູ້ຄົນທີ່ໄດ້ຮັບການສຳຫຼວດສະໜັບສະໜູນປະເທດອົດສະຕາລີໃຫ້ເປັນສາທາລະນະລັດທັນທີ?,B: 29 ເປີເຊັນ
"ອີງໃສ່ ນາງ Julie Gillard, ປະເທດອົດສະຕາລີຄວນເປັນສາທາລະນະລັດເມື່ອໃດ?",B: ພາຍຫຼັງລາຊການຂອງພະລາຊິນີ Elizabeth ທີ II
ອົງການຈັດຕັ້ງໃດທີ່ຢູ່ພາຍໃຕ້ການສອບສວນດ້ານກົດໝາຍ?,C: ການວາງແຜນຄອບຄົວ
Cliff Stearns ແມ່ນຫົວໜ້າຄະນະກຳມະການໃດ?,D: ຄະນະອະນຸກຳມະການກຳກັບດູແລ ແລະ ການສືບສວນ
"ອີງໃສ່ບົດອ່ານ, ເກີດຫຍັງຂຶ້ນກັບຜູ້ຍິງຊາວສະວິດ?",C: ນາງຖືກຄົນ 5 ຄົນທາລຸນທາງເພດ
ບໍລິສັດໃດທີ່ໄດ້ຮັບລາງວັນຄວາມຍືນຍົງໄຕ້ຫວັນໃນປີ 2007?,C: ເອຊັສ
ຄອມພິວເຕີ ASUS Eee ແມ່ນຫຍັງ?,B: ຄອມພິວເຕີແລັບທັອບ
ໃຜເປັນຜູ້ຮັບຜິດຊອບກ່ຽວກັບເອກະສານໄປສະນີທີ່ສູນຫາຍ?,C: ເດັກຊາຍ
"ອີງໃສ່ບົດອ່ານ, ໃຜເປັນຜູ້ອອກຄຳຂໍໂທດກ່ຽວກັບເອກະສານທີ່ຫາຍໄປ?",D: ຫ້ອງການໄປສະນີໃນ Obanazawa
Del Potro ຕ້ອງການແກ້ໄຂບັນຫາກ່ຽວກັບບ່າໄລ່ຂອງລາວເມື່ອໃດ?,C: ລະຫວ່າງຍົກທີສອງ
ຜົນລັບຂອງພັກຍົກທຳອິດເປັນແນວໃດ?,A: Murray ແພ້ຍົກທຳອິດ
"ດັ່ງທີ່ກ່າວໃນບົດອ່ານ, ໂດຍສະເພາະແລ້ວ, ແມ່ນໃຜທີ່ສຳຜັດກັບຄົນໄຂ້?",B: ເດັກນ້ອຍ
"ອີ່ງໃສ່ບົດອ່ານ, ການຮັບປະກັນໃດທີ່ເຈົ້າແຂວງບໍ່ໄດ້ໃຫ້ ເມື່ອໂອລົມກັບປະຊາຊົນໃນລັດເທັກຊັສ?",B: ສິ່ງທີ່ໄດ້ເຮັດເພື່ອປົກປ້ອງຄວາມປອດໄພຂອງສາທາລະນະ
ແຫຼ່ງທີ່ມີຂອງຂ່າວລໍ້ໃດທີ່ອະດີດນັກສຶກສາຂອງ UW ສ້າງຂຶ້ນ?,D: The Onion
"ອີງໃສ່ບົດອ່ານ, ຂໍ້ໃດຕໍ່ໄປນີ້ທີ່ບໍ່ລວມໃນອານາຈັກຂ່າວລໍ້ລຽນຂອງ The Onion?",B: ຮູບເງົາ
"ອີງໃສ່ບົດອ່ານ, ຕຳຫຼວດຮັກສາຄວາມປອດໄພໃຫ້ຫຍັງ?",C: ທາງເຂົ້າຖະໜົນ Downing
ຕໍາຫຼວດຂໍໃຫ້ຜູ້ປະທ້ວງຍ້າຍອອກເພື່ອຫຼີກຫຼ່ຽງຈາລະຈອນຕິດຂັດເພີ່ມຂຶ້ນຕອນຈັກໂມງ?,D: ຕອນ 11:20 ໂມງ
ແມ່ນຫຍັງແມ່ນຄວາມຈິງກ່ຽວກັບບົດຄົ້ນຄວ້າທີ່ Dr. Ehud Ur ໄດ້ເຮັດ?,B: ໜູທີ່ມີພະຍາດເບົາຫວານຈຳນວນໜຶ່ງໃນເມື່ອກ່ອນແມ່ນບໍ່ໄດ້ມີພະຍາດດັ່ງກ່າວແລ້ວ
"ອີງໃສ່ບົດອ່ານ, ສິ່ງໃດທີ່ Dr. Ur ຍັງບໍ່ແນ່ໃຈ?",B: ການຮັກສາເປັນໄປໄດ້ ຫຼືບໍ່
ຂໍ້ຄວາມໃດຕໍ່ໄປນີ້ບໍ່ອະທິບາຍອຸປະຕິເຫດເຮືອບິນຕົກ ຖ້ຽວ CG4684 ໄດ້ຢ່າງຖືກຕ້ອງ?,"C: ເຮືອບິນພະຍາຍາມລົງຈອດສາມຄັ້ງ ກ່ອນທີ່ຈະເກີດອຸປະຕິເຫດ

This statement is not correct according to the provided context. The plane attempted to land twice before the incident, not three times as stated in option C."
ແມ່ນຫຍັງທີ່ເຮັດໃຫ້ເຮືອບິນ ຖ້ຽວບິນ CG4684 ຍົກເລີກການລົງຈອດ?,D: ສະພາບອາກາດທີ່ບໍ່ດີ
"ອີງໃສ່ບົດອ່ານ, ຂໍ້ຄວາມໃດຕໍ່ໄປນີ້ກ່ຽວກັບປະສົບການຂອງ Franciszek Kowal ແມ່ນຄວາມຈິງ?","B: ໃນທີ່ສຸດ, ລາວບໍ່ໄດ້ຮັບອັນຕະລາຍ"
ເປັນຫຍັງການວັດຜົນກະທົບທີ່ເປັນໄປໄດ້ຂອງພາຍຸລະດູຮ້ອນ Danielle ຈຶ່ງເປັນສິ່ງທ້າທາຍ?,C: ພາຍຸແມ່ນຢູ່ໄກຈາກແຜ່ນດິນ
"ອີງໃສ່ບົດເລື່ອງ, ຂໍ້ຄວາມໃດຕໍ່ໄປນີ້ກ່ຽວກັບພາຍຸລະດູຮ້ອນ Danielle ບໍ່ເປັນຄວາມຈິງ?","D: ມັນຢູ່ໃກ້ແຜ່ນດິນ

ບົດເລື່ອງລະບຸວ່າພາຍຸ Danielle ຢູ່ຫ່າງຈາກລັດໄມອາມີ່ (Miami), ລັດຟໍລິດາ (Florida) ປະມານ 3,000 ໄມ, ເນັ້ນວ່າມັນຢູ່ໄກຈາກແຜ່ນດິນ."
"ອີງໃສ່ບົດອ່ານ, ແນະນຳວ່າຕ້ອງເກີດພະຍາດຫຍັງຂຶ້ນກ່ອນຈະເຮັດໃຫ້ມີການແຜ່ລະບາດໄປທົ່ວໂລກ?",C: ຜູ້ຄົນຕ້ອງຕິດເຊື້ອເພີ່ມຂຶ້ນ
"ອີງໃສ່ບົດອ່ານ, ພາຍຸໄຕ້ຝູ່ນຫ່າງຈາກເມືອງ ຟູຈ້ຽນ ໄກປານໃດ?",C: 70 ກິໂລແມັດ
ໃຜເປັນຄົນຕ້ອນຮັບ George W. Bush ຕອນລາວມາຮອດ ເອເຊຍ?,C: Wong Kan Seng ແລະ Lee Hsien Loong
ທ່ານປະທານາທິບໍດີໄດ້ກ່າວກ່ຽວກັບການຂະຫຍາຍການຄ້າໃນເອເຊຍຕອນໃດ?,C: ພາຍຫຼັງການແພ້ລະຫວ່າງການເລືອກຕັ້ງກາງເທີມ
"ອີງໃສ່ບົດອ່ານ, ຂໍ້ໃດຕໍ່ໄປນີ້ແມ່ນເປົ້າໝາຍໂດຍລວມຂອງລັດຖະບານ?",D: ຫຼຸດຜ່ອນຄວາມແອອັດຂອງລົດຂົນສົ່ງ
ລັດຖະບານໄດ້ປະກາດຫຍັງ?,A: ພວກເຂົາວາງແຜນທີ່ຈະໃຫ້ທຶນລົດຂົນສົ່ງໂດຍສານເພີ່ມຕື່ມ 300 ຄັນ
"ອີງໃສ່ບົດອ່ານ, ຮູ້ຂໍ້ມູນໃດແດ່ແລ້ວ?",A: ລະດັບໄພຂົ່ມຂູ່ໄດ້ຫຼຸດລົງ
ຂໍ້ຄວາມໃດຕໍ່ໄປນີ້ກ່ຽວກັບການປະທ້ວງທີ່ບໍ່ແມ່ນຄວາມຈິງ?,"C: ການປະທ້ວງຮຽກຮ້ອງໃຫ້ມີການລາອອກຈາກ CEP

ຂໍ້ຄວາມຕົວເລືອກອື່ນໆບໍ່ໄດ້ກ່າວເຖິງການລາອອກຈາກ CEP."
ໃຜແນະນຳວ່າ ໃຫ້ CEP ຊຸດສຸດທ້າຍຕ້ອງລາອອກ?,B: ຜູ້ປະທ້ວງ
"ອີງໃສຂໍ້ຄວາມ, ສິ່ງໃດທີ່ກາຍະກຳ USA ບໍ່ໃຫ້ການສະໜັບສະໜູນພາຍຫຼັງທີ່ ມີການທາລຸນນັກກິລາ ຂອງ Nassar?",C: ມີການປ່ຽນແປງທີ່ຈຳເປັນພາຍໃນອົງກອນ
"ອີງໃສ່ຂໍ້ຄວາມ, ເປົ້າໝາຍຫຼັກໃດຂອງ ກາຍະກຳ USA ແລະ ຄະນະກຳມະການກິລາໂອລິມປິກຂອງສະຫະລັດ ຈະກ້າວໄປຂ້າງໜ້າ?",D: ສົ່ງເສີມໃຫ້ມີສະພາບແວດລ້ອມທີ່ປອດໄພໃຫ້ແກ່ນັກກິລາ
ເຮືອກຳລັງຫັນໜ້າໄປທາງໃດໃນຕອນເກີດເຫດການ? ,C: ປາລາວານ
ສິ່ງໃດທີ່ບໍ່ແມ່ນປັດໃຈທີ່ແທ້ຈິງກ່ຽວກັບເຮືອທີ່ໄດ້ກ່າວໄວ້ໃນບົດອ່ານ?,B: ມັນຈອດຢູ່ທີ່ ປາລາວານ
ໃຜເປັນຄົນກ່າວຖະແຫຼງການກ່ຽວກັບກອງທະຫານສະຫະລັດ?,A: Donald Trump
"ອີງໃສ່ຂໍ້ຄວາມ, ປະເທດໃດທີ່ຄາດວ່າມີໜ້າທີ່ຮັບຜິດຊອບປົກປ້ອງນັກຮົບທີ່ຖືກຈັບ?",D: ຕູຣະກີ
ແມ່ນຫຍັງທີ່ເຊື່ອວ່າເປັນສາເຫດຂອງອຸປະຕິເຫດ?,B: ໄຟໄໝ້
ພູມສັນຖານປະເພດໃດທີ່ອຸປະຕິເຫດເກີດຂຶ້ນ?,D: ເປັນພູເຂົາ
ເຈົ້າໜ້າທີ່ລັດໄດ້ຫວັງຫຍັງຕໍ່ກັບນ້ຳຖ້ວມ?,A: ການຟື້ນຄືນແນວກັ້ນຂີ້ຊາຍ
ຂໍ້ໃດຕໍ່ໄປນີ້ທີ່ການສ້າງເຂື່ອນໄດ້ສົ່ງຜົນກະທົບແບບຖາວອນ?,B: ປານ້ຳຈືດຫຼັງກົ່ງ
"ອີງໃສ່ບົດອ່ານ, ໃຜເປັນຜູ້ສົ່ງຂ່າວຫາສະຫະລັດວ່າອາດຈະມີການໂຈມຕີ?",C: ແຫຼ່ງຂ່າວທີ່ບໍ່ເປີດເຜີຍ
ຂໍ້ຄວາມໃດຕໍ່ໄປນີ້ອະທິບາຍແຜນການໂຈມຕີຂອງກຸ່ມຫົວຮຸນແຮງໄດ້ຢ່າງຖືກຕ້ອງ?,C: ກົດລະເບີດຢູ່ສະຖານທີ່ສຳຄັນໃສສອງປະເທດ
ບຸກຄົນໃດຕໍ່ໄປນີ້ບໍ່ແມ່ນທະນາຍຄວາມ?,D: Makis Triantafylopoulos
ກຸ່ມຄົນໃດຕໍ່ໄປນີ້ບໍ່ໄດ້ຮັບການກ່າວເຖິງວ່າເປັນສ່ວນໜຶ່ງໃນຂ່າວອື້ສາວພາຍໃນຊຸມຊົນກົດໝາຍຂອງປະເທດກຣີກ?,A: ທີ່ປຶກສາດ້ານກົດໝາຍ
ອິນເດຍເສຍຈັກປະຕູ?,B: 7
"ອີງໃສ່ບົດອ່ານ, ຄະແນນສູງສຸດໃນກິລາຕີບານ?",A: 70 ຄັ້ງ
ຂໍ້ໃດຕໍ່ໄປນີ້ບໍ່ແມ່ນສາເຫດທີ່ເຫດໃຫ້ Adam Cuerden ຫງຸດຫງິດ?,B: ການລຶບສິລະປະຂອງປະຊາຊົນຊາວ Wales
"ອີງໃສ່ບົດອ່ານ, ແມ່ນຫຍັງທີ່ຖືກລຶບອອກຈາກເວບໄຊ?",A: ງານສິລະປະ
"ອີງໃສ່ບົດອ່ານ, ຂໍ້ໃດຕໍ່ໄປນີ້ທີ່ Amir Khan ບໍ່ສະໜັບສະໜູນ?",A: ລວມທັງເອົານັກກິລາຕໍ່ສູ້ຍິງໃນກິລາໂອລິມປິກ
"ອີງໃສ່ບົດອ່ານ, ຂໍ້ໃດຕໍ່ໄປນີ້ທີ່ Amir Khan ສະໜັບສະໜູນເຖິງວ່າຈະເປັນຄວາມຄິດເຫັນສ່ວນຕົວຂອງລາວກໍ່ຕາມ?",A: ນັກກິລາຕໍ່ສູ້ເພດຍິງ
Peter Lenz ເສຍຊີວິດຕອນໃດ?,C: ຢູ່ໂຮງໝໍ
Xavier Zayat ແມ່ນໃຜ?,B: ນັກແຂ່ງອີກຄົນ
ໃນສະຖານະການໃດທີນັກບິນທີ່ກັງວົນຈະໄດ້ຮັບຜົນປະໂຫຍດຈາກຄວາມເຂົ້າໃຈການເຮັດວຽກພາຍໃນຂອງເຮືອບິນ?,"The correct answer is B: ຄວາມກຽດຊັງໃນການບິນເປັນສູນລວມກ່ຽວກັບຄວາມຢ້ານກົວຕໍ່ສິ່ງທີ່ບໍ່ມີຕົວຕົນ ຫຼືບໍ່. 

This option best aligns with the idea that understanding how airplanes work can help alleviate fears that are based on the unknown or on aspects that are beyond control."
"ອີງໃສ່ບົດອ່ານ, ຂໍ້ໃດຕໍ່ໄປນີ້ທີ່ນັກເດີນທາງທີ່ໃສ່ໃຈເລື່ອງລາຄາເຮັດເປັນສິ່ງສຸດທ້າຍ?",D: ກວດເບິ່ງເວັບໄຊຂອງສາຍການບິນ
"ອີງໃສ່ບົດອ່ານ, ແມ່ນຫຍັງທີ່ນັກເດີນທາງຕ້ອງໄດ້ເຮັດກ່ອນເພື່ອຮັກສາລາຄາປີ້ເຮືອບິນທີ່ດີທີ່ສຸດ?",B: ປຽບທຽບລາຄາລະຫວ່າງ ຜູ້ຂາຍປີ້ຕ່າງໆ
ຕອນໃດທີ່ຕ້ອງມີໝູ່ຮ່ວມທາງເພື່ອຮ່ວມມາສົ່ງ?,C: ເມື່ອສິ່ງຂອງຖືກສົ່ງມາເປັນກະເປົາເດີນທາງ
"ອີງໃສ່ບົດອ່ານ, ເມື່ອເລືອກສາຍການບິນທີ່ມີສະມາຊິກບິນເລື່ອຍໆໃນເຄືອຂ່າຍ, ຂໍ້ໃດຕໍ່ໄປນີ້ທີ່ທ່ານຕ້ອງໃຫ້ບຸລິມະສິດ?",D: ສາຍການບິນທີ່ອາດຈະເພີ່ມສິດທິພິເສດເພີ່ມຕື່ມໃຫ້
"ອີງໃສ່ບົດອ່ານ, ໃຜທີ່ອາດຈະໃຫ້ຄະແນນສະສົມການບິນຖີ່ຫຼາຍກວ່າ?",D: ສາຍການບິນຕ່າງກັນທີ່ຢູ່ໃນເຄືອຂ່າຍພັນທະມິດດຽວກັນ
"ອີງໃສ່ບົດອ່ານ, ການຮັບຮູ້ໃດຕໍ່ໄປນີ້ສາມາດເຮັດວຽກຜິດປົກກະຕິໄດ້ຖ້າມີການດື່ມເຫຼົ້າຫຼາຍເກີນໄປ?",B: ການເບິ່ງເຫັນ
"ດັ່ງທີ່ໄດ້ກ່າວໃນບົດອ່ານ, ສິ່ງໃດທີ່ອາດຫຼຸດຜ່ອນຜົນກະທົບທີ່ເປັນອັນຕະລາຍຂອງການດື່ມເຫຼົ້າ?",C: ດື່ມເຫຼົ້າໃນປະລິມານທີ່ພໍເໝາະ
ມູນຄ່າຂອງອະສັງຫາຂອງ Amsterdam ທີ່ສູງທີ່ສຸດຢູ່ໃສ?,A: ເມືອງ ຄານາລ
ເປັນຫຍັງເມືອງ ຄານາລ ຈຶ່ງໄດ້ຮັບການແຕ່ງຕັ້ງໃຫ້ເປັນມໍລະດົກໂລກຂອງອົງການ UNESCO?,A: ຍ້ອນຄຸນຄ່າທາງປະຫວັດສາດ ແລະ ວັດທະນະທຳ
"ອີງໃສ່ບົດອ່ານ, ຂໍ້ໃດຕໍ່ໄປນີ້ເຮັດໃຫ້ການຢ້ຽມຢາມ ພະນົມ ກຣົມ ຄຸ້ມຄ່າ?",A: ທິວທັດຂອງທະເລສາບ ຕົນເລສາບ
"ອີງໃສ່ບົດອ່ານ, ນັກທ່ອງທ່ຽວຕ້ອງໄດ້ເຮັດຫຍັງກ່ອນເຂົ້າໄປ ພະນົມ ກຣົມ?","To enter Phnom Krom, tourists need an Angkor Pass according to the text. However, the available options do not directly address obtaining the Angkor Pass before entering Phnom Krom. The options given are more related to the mode of travel or regional activities rather than a specific prerequisite action mentioned in the passage. Therefore, none of the options (A, B, C, D) correctly answer the question regarding what tourists need to do before entering Phnom Krom as per the given text. The text suggests needing an Angkor Pass, which is not listed among the options."
"ອີງໃສ່ບົດອ່ານ, ຂໍ້ໃດຕໍ່ໄປນີ້ທີ່ອາດປ້ອງກັນບໍ່ໃຫ້ນັກທ່ອງທ່ຽວໄປທ່ຽວ ທະວີບແອນຕາກຕິກ?",A: ຄ່າເດີນທາງທີ່ສູງ
ນັກທ່ອງທ່ຽວທີ່ສົນໃຈການປີນເຂົາອາດຈະຕ້ອງໄປທີ່ສ່ວນໃດຂອງແອນຕາຕິກ?,B: ເຂດໃນແຜ່ນດິນ
ຫໍເບິ່ງດາວກ່ອນຍຸກໃໝ່ມີຄວາມເປັນໄປໄດ້ໜ້ອຍທີ່ສຸດທີ່ຈະຕັ້ງແມ່ນຢູ່ໃສ?,C: ໃນເຂດຫ່າງໄກສອກຫຼີກ
ກ້ອງສ່ອງດາວສຳລັບການສຶກສາແມ່ນຄິດວ່າມີຄວາມເປັນໄປໄດ້ທີ່ຈະຕັ້ງຢູ່ໃສ?,B: ວິທະຍາເຂດຂອງມະຫາວິທະຍາໄລ
"ອີງໃສ່ບົດອ່ານ, ເຂດໃດທີ່ຈະເປັນເຂດທີ່ດີທີ່ສຸດໃນມື້ພັກຜ່ອນຫາດຊາຍທີ່ງຽບຫງົບ?",C: ເມືອງ North Harbor
"ອີງໃສ່ບົດອ່ານ, ບ່ອນໃດທີ່ມີເງື່ອນໄຂການລອຍນ້ຳທີ່ປອດໄພທີ່ສຸດ?",A: Devonport
"ໃນຂະນະທີ່ໄປທ່ອງທ່ຽວໃນສະຖານທີ່ທີ່ໄດ້ກ່າວມາໃນບົດອ່ານ, ຂໍ້ໃດຕໍ່ໄປນີ້ທີ່ຖືວ່າບໍ່ເໝາະສົມ?","B: ເຮັດເຄື່ອງໝາຍໃສ່ບ່ອນໃດໜຶ່ງອ້ອມແອ້ມສະຖານທີ່  
C: ເວົ້າຕະຫຼົກ  
D: ຂູດຂີດໂຄງສ້າງອາຄານ  

ຂໍ້ B, C, ແລະ D ຖືວ່າບໍ່ເໝາະສົມ ໃນຂະນະທີ່ໄປທ່ອງທ່ຽວສະຖານທີ່ທີ່ມີຄວາມຫມາຍດັ່ງກ່າວ."
ສິ່ງໃດທີ່ອະທິບາຍກ່ຽວກັບ ພາສາກາງທີ່ໃຊ້ກັນທົ່ວໄປ?,B: ບໍ່ເປັນທຳມະຊາດ
ຂໍ້ຄວາມໃດທີ່ບໍ່ໄດ້ອະທິບາຍພາສາສຳຮອງໄດ້ຢ່່າງຖືກຕ້ອງ?,"B: ພວກເຂົາເປັນພາສາທີ່ທັງເປັນທຳມະຊາດ ແລະ ຖືກສ້າງຂຶ້ນມາ

Explanation: The other options correctly describe auxiliary languages as constructed languages designed to facilitate communication, especially in challenging situations. Option B incorrectly describes them as both natural and constructed, which conflicts with the definition of constructed languages."
"ອີງໃສ່ບົດອ່ານ, ຜູ້ໂດຍສານຄວນກວດຫຍັງຖ້າການລ່ອງເຮືອຂອງພວກເຂົາເກີດຂື້ນໃນລະດູໜາວ?",A: ຕຳແໜ່ງຫ້ອງຜູ້ໂດຍສານ
"ອີງໃສ່ບົດອ່ານ, ຖ້າການເດີນເຮືອຂອງຜູ້ໂດຍສານຢູ່ໃນຊ່ວງລະດູຮ້ອນ, ສິ່ງໃດທີ່ເຂົາເຈົ້າອາດຈະຫຼີກລ່ຽງໄດ້?",B: ເດີນທາງຜ່ານນ້ຳແຂງ
ເປັນຫຍັງຈຶ່ງໃຊ້ພາສາ Catalan ເປັນສັນຍານ ແລະ ການປະກາດຕະຫຼອດເມື່ອຢູ່ເມືອງ ບາເຊໂລນາ?,B: ມັນເປັນພາສາທາງການທຳອິດຂອງເມືອງ
ພາສາໃດຕໍ່ໄປນີ້ທີ່ຖືກໃຊ້ໂດຍລະບົບລົດໄຟໃຕ້ດິນໃນເມືອງ ບາເຊໂລນ່າໃນການປະກາດປົກກະຕິ?,B: ພາສາ Catalan
"ອີງໃສ່ບົດອ່ານ, ສິ່ງອຳນວຍຄວາມສະດວກໃດຕໍ່ໄປນີ້ທີ່ບໍ່ໜ້າຈະໄດ້ຮັບຄວາມສຳຄັນໂດຍບ່ອນນອນ ແລະ ອາຫານເຊົ້າລະດັບຊັ້ນດີ?",D: ສັນຍານ WiFi ທີ່ໄວ
"ອີງໃສ່ບົດອ່ານ, ຂໍ້ໃດຕໍ່ໄປນີ້ບໍ່ແມ່ນໜຶ່ງໃນຈຸດຫຼັກໆຂອງການແຂ່ງຂັນລະຫວ່າງ B&Bs ທີ່ຫຼູຫຼາ?",A: ການຕົກແຕ່ງແບບຮ່ວມສະໄໝ
"ອີງໃສ່ບົດອ່ານ, ຂໍ້ໃດຕໍ່ໄປນີ້ຈະບໍ່ໄດ້ຈັດຂຶ້ນທີ່ເມືອງປັກກິ່ງໃນປີ 2022?",B: ລາຍການແຂ່ງຂັນສະກີ ເຂດ Taizicheng
"ອີງໃສ່ບົດອ່ານ, ຂໍ້ໃດຕໍ່ໄປນີ້ຈະໄດ້ຈັດຂຶ້ນຢູ່ເມືອງປັກກິ່ງ ໃນປີ 2022?",B: ງານແຂ່ງຂັນກິລາເທິງນຳ້ແຂງທີ່ຈັດຂຶ້ນໃນຮົ່ມ
ໃຜມີຄວາມສ່ຽງສູງທີ່ສຸດທີ່ຈະຕິດເຊື້ອໄຂ້ຫວັດນົກ?,C: ພະນັກງານເຮັດວຽກກັບສັດປີກ
"ອີງໃສ່ບົດອ່ານ, ຂໍ້ຄວາມໃດຕໍ່ໄປນີ້ອະທິບາຍໄຂ້ຫວັດນົກໄດ້ຢ່າງຖືກຕ້ອງ?",C: ນັກເບິ່ງນົກແມ່ນມີຄວາມສ່ຽງໃນການຕິດເຊື້ອ
ທະເລຂາວ – ຄອງບໍຕິກ ເຊື່ອມຕໍ່ກັບຫຍັງ?,C: ມະຫາສະໝຸດອາກຕິກ ແລະ ທະເລບໍຕິກ
"ອີງໃສ່ບົດອ່ານ, ໃນພາຫະນະປະເພດໃດທີ່ອາດມີການເກັບໜັງສືຜ່ານແດນເພື່ອບໍ່ໃຫ້ມີການລົບກວນຜູ້ໂດຍສານ?",B: ລົດໄຟນອນຕອນກາງຄືນ
"ອີງໃສ່ບົດອ່ານ, ເມື່ອໃດທີ່ບັດປະຈຳຕົວຂອງເຈົ້າຈະຖືກກວດ ເມື່ອຂີ່ລົດໄຟຂ້າມແດນບາງຂະບວນ?",D: ໃນຂະນະທີ່ລົດໄຟກຳລັງແລ່ນຢູ່
ບັນຫາໃດຕໍ່ໄປນີ້ມີຄວາມເປັນໄປໄດ້ຫຼາຍທີ່ສຸດທີ່ຈະເກີດຂຶ້ນໃນຂະນະທີ່ຢູ່ໃນພື້ນທີ່ເຂດຮ້ອນສູງຂອງສິງກະໂປ?,C: ທໍລະມານກັບຄວາມເມື່ອຍລ້າຈາກຄວາມຮ້ອນ
ໃຜທີ່ຕ້ອງຫຼີກລ່ຽງການກິນເຂົ້າໜົມອົບເຢຍລະມັນ?,A: ຜູ້ທີ່ແພ້ຖົ່ວຮຸນແຮງ
ສ່ວນປະກອບໃດທີ່ຖືວ່າເປັນເຄື່ອງປຸງຕາມລະດູການຂອງເຂົ້າໜົມອົບເຢຍລະມັນ?,A: ແອັບເປິ້ນ
"ອີງໃສ່ບົດອ່ານ, ຂໍ້ໃດຕໍ່ໄປນີ້ທີ່ບແມ່ນເຄັດລັບທີ່ຢາກແນະນຳສຳລັບການເດີນທາງແບບປະຢັດ?",D: ຕັດລາຍຈ່າຍອອກເຊັ່ນ ຄ່າອາຫານ ແລະ ທີ່ພັກ
"ອີງໃສ່ບົດອ່ານ, ໃຜທີ່ຈະພົບພໍ້ຄວາຫຍຸ້ງຍາກເມື່ອເດີນທາງແບບປະຫຍັດ?",A: ຜູ້ທີ່ຍິນດີຮັບສິ່ງທ້າທາຍ
ຂໍ້ຄວາມໃດຕໍ່ໄປນີ້ບໍ່ອະທິບາຍການຂັບຂີ່ລະຫວ່າງ Point Marion ແລະ Fairmont ໄດ້ຢ່າງຖືກຕ້ອງ?,C: ບໍ່ມີການຄວບຄຸມຄວາມໄວ
"ອີງໃສ່ບົດອ່ານ, ຂໍ້ໃດຕໍ່ໄປນີ້ຖືວ່າເປັນຄວາມກັງວົນຫຼັກໆສຳລັບຜູ້ຂັບລົດເດີນທາງຢູ່ເສັ້ນທາງດ່ວນ Buffalo-Pittsburg?",C: ລ້ຽວຫັກສອກໄວເກີນໄປ
ຂໍ້ໃດຕໍ່ໄປນີ້ບໍ່ຈຳເປັນສຳລັບການເດີນທາງໄປເຂດແຄນຍອນ?,B: ສະພາບຮ່າງກາຍສູງທີ່ສຸດ
ຂໍ້ໃດຕໍ່ໄປນີ້ອາດຈະຈຳເປັນໃນໄປທ່ຽວເຂດແຄນຍອນໃຫ້ປະສົບຜົນສຳເລັດ?,"D: ຄວາມສາມາດລອຍນ້ຳ

ຄວາມສາມາດໃນການລອຍນ້ຳແມ່ນຂໍ້ສໍາຄັນໃນການໄປທ່ຽວແຄນຍອນ, ເຊິ່ງອາດຈະມີສະຖານທີ່ທີ່ຕ້ອງລອຍຜ່ານນໍ້າ ເຊັ່ນບ່ອນນໍ້າລຶກ ຫຼື ນໍ້າໄຫຼ."
"ອີງໃສ່ບົດອ່ານ, ສິ່ງໃດທີ່ເປັນປະໂຫຍດສຳລັບບາງຄົນໃນການວາງແຜນໄປຕັ້ງແຄັມໂດຍນອນໃນລົດຂອງເຂົາ?",A: ຄວາມເຂົ້າໃຈເລິກເຊິ່ງກ່ຽວກັບຂໍ້ຈຳກັດຂອງພາຫະນະຂອງເຈົ້າ
"ອີງໃສ່ບົດອ່ານ, ແມ່ນຫຍັງທີ່ຜູ້ຕັ້ງແຄັມໂດຍໃຊ້ລົດອາດຈະຕ້ອງການຫຼີກຫຼ່ຽງ ຖ້າເຂົາເຈົ້າຈະພັກຢູ່ພາຍໃຕ້ສັນຍານກວດຈັບ?",C: ກາງເຕັ້ນໃນເມືອງ ຫຼື ໃນສະຖານທີ່ສ່ວນຕົວ
"ອີງໃສ່ບົດອ່ານ, ໃຜເປັນຜູ້ສ້າງ Casablanca ຄືນເປັນຄັ້ງທີສອງ?",B: ພໍ່ຄ້າຊາວສະເປນ
ໃຜເປັນຜູ້ປ່ອຍໃຫ້ເມືອງທັນສະໄໝຂອງ Casablanca ກາຍເປັນທະເລຊາຍ ແລະ ຫຼັງຈາກເກີດໄພພິບັດທາງທຳມະຊາດ?,B: ຊາວ ໂປຕູເກດ
"ອີງໃສ່ບົດອ່ານ, Sintra ໄດ້ຮັບການຍອມຮັບຈາກຊາວຕ່າງຊາດແນວໃດ?",C: ການໃຫ້ຄຳເຫັນທາງບວກຂອງເຈົ້າ Byron
ແມ່ນຫຍັງທີ່ ອາເມເນຍ ບໍ່ຍອມຮັບ?,D: ສາທາລະນະລັດໃໝ່
ແມ່ນຫຍັງທີ່ຍັງສືບຕໍ່ສົ່ງຜົນກະທົບຕໍ່ຄວາມສຳພັນລະຫວ່າງ ອາເຊີໄບຈານ ແລະ ອາເມເນຍ?,D: ເຂດແຄວ້ນ Nagorno-Karabakh
"ໃນຂະນະໃຊ້ບໍລິການລົດແທັກຊີໃນເມືອງ Charlotte, ຈະມີການຮຽກເກັບເງິນເພີ່ມເຕີມແນວໃດແດ່?",B: ມີຜູ້ໂດຍສານສາມຄົນ
"ອີງໃສ່ບົດອ່ານ, ແມ່ນຫຍັງທີ່ຖືວ່າເປັນຜົນກະທົບທາງລົບທີ່ຈະອາໄສຢູ່ໃນເມືອງ Charlotte ກັບເດັກນ້ອຍ?",B: ການໃຊ້ບໍລິການລົດແທັກຊີ
"ກ່ອນການມາຮອດຂອງຊາວສະເປນ, ໃຜຄອບຄອງພາກເໜືອຂອງປະເທດ ຊີລີ?",D: ຊາວອິນຄາ
"ອີງໃສ່ບົດອ່ານ, ຂໍ້ໃດຕໍ່ໄປນີ້ບໍ່ໄດ້ເກີດຂຶ້ນໃນປີ 1810?",B: ປະເທດຊິລີໄດ້ໄຊຊະນະຈາກສະເປນ
ຜູ້ຄົນສາມາດເຂົ້າເຖິງໝູ່ບ້ານຫ່າງໄກສອກຫຼີກໃນແຄວ້ນ Liguria ໄດ້ແນວໃດ?,C: ລົດລົດໄຟ ຫຼື ເຮືອ
ຄຳວ່າ ‘Cinque Terre’ ແປວ່າຫຍັງໃນພາສາອີຕາລີ?,A: ໝູ່ບ້ານຫ້າແຫ່ງ
"ອີງໃສ່ບົດອ່ານ, ເກີບໂບກປະເພດໃດທີ່ເໝາະສົມສຳລັບສະພາບອາກາດລະດູໜາວທີ່ອາດປຽກໝື່ນ?",B: ເກີບໂບກຕິດດຸມ
ສິ່ງໃດຕໍ່ໄປນີ້ຈະບໍ່ຊ່ວຍທ່ານປັບປຸງການຍຶດເກາະເທິງເສັ້ນທາງທີ່ເປັນນ້ຳກ້ອນໃນລະຫວ່າງສະພາບລະດູໜາວ?,D: ນ້ຳ
ຂໍ້ໃດຕໍ່ໄປນີ້ທີ່ແມ່ນຄວາມຄ້າຍຄືກັນທີ່ແນ່ນອນລະຫວ່າງ ເກາະ Hawaii ແລະ ເກາະ Cook?,C: ທັງສອງຮ່ວມເຂດເວລາດຽວກັນ
ຂໍ້ໃດຕໍ່ໄປນີ້ບໍ່ອະທິບາຍກ່ຽວກັບໝູ່ເກາະ Cook ໄດ້ຢ່າງຖືກຕ້ອງ?,C: ເມືອງຫຼັກແມ່ນ Rarotonga ແລະ Aitutaki
ສະຖານນີໜ່ວຍລາດຕະເວນໃດຕໍ່ໄປນີ້ໃຫ້ທາງເລືອກທີ່ພັກສອງປະເພດ?,A: Sirena
"ອີງໃສ່ບົດອ່ານ, ເຈົ້າສາມາດຈອງການອະນຸຍາດຈອດລົດໄດ້ຢູ່ໃສ ຖ້າເຈົ້າຢາກໃຊ້ເງິນສົດແທນບັດເຄຼດິດ?",B: Puerto Jiménez
"ອີງໃສ່ບົດອ່ານ, ກິລາສະກີປະເພດໃດທີ່ຫຼິ້ນຢູ່ໃນຮ່ອມພູທີ່ຊັນກວ່າ?",A: ສະກີປີນເຂົາ
"ອີງໃສ່ບົດອ່ານ, ແມ່ນຫຍັງທີອາດຈະຊ່ວຍໃຫ້ນັກສະກີໃນເຂດທທຸລະກັນດານທີ່ຢາກໄປໃຫ້ຮອດຄວາມໄວທີ່ສູງກວ່າ?",C: ສະພາບອາກາດດີ
ນັກເດີນທາງທີ່ປະສົບກັບການປັບຕົວໃຫ້ເຂົ້າກັບສະພາບເດີມມີຄວາມຫຍຸ້ງຍາກກ່ຽວກັບຫຍັງ?,D: ປັບຕົວກັບຄືນໃຫ້ເຂົ້າກັບວັດທະນະທຳຢູ່ບ້ານ
"ອີງໃສ່ບົດອ່ານ, ການປັບຕົວໃຫ້ເຂົ້າກັບສະພາບເດີມອາດມີຄວາມຫຍຸ້ງຍາກສຳລັບນັກເດີນທາງປະເພດໃດໂດຍສະເພາະ?",B: ນັກເດີນທາງຜູ້ທີ່ປັບຕົວໄດ້ໄວໃນຂະນະທີ່ຢູ່ຕ່າງປະເທດ
ຂໍ້ໃດຕໍ່ໄປນີ້ທີ່ຕ້ອງໄດ້ລະວັງທີ່ຈະເຮັດກັບກວາງມູສ?,A: ໃຫ້ຫຼີກຫຼ່ຽງການປະກົດຕົວຂອງພວກມັນ
"ອີງໃສ່ບົດອ່ານ, ຂໍ້ຄວາມໃດຕໍ່ໄປນີ້ທີ່ກ່ຽວກັບກວາງມູສບໍ່ແມ່ນຄວາມຈິງ?",A: ພວກມັນເປັນສັດທີ່ດຸຮ້າຍໂດຍທຳມະຊາດ
"ອີງໃສ່ບົດອ່ານ, ຂໍ້ໃດຕໍ່ໄປນີ້ອາດເປັນອັນຕະລາຍນ້ອຍທີ່ສຸດສຳລັບນັກເດີນທາງໃນທະເລຊາຍ?","B: ເຫັນພາບລວງຕາທີ່ເປັນພາບລວງຕາຂອງນ້ຳ

ຄວາມເຂົ້າໃຈຜິດວ່າເປັນນ້ຳ (ພາບລວງຕາ) ບໍ່ສ່ງຜົນກະທບທ່າທາງດ້ານຮ່າງກາຍເທື່ອທີ່ອາດຈະເປັນອັນຕະລາຍຫ້າມເສຍຊີວິດ. ທັງນີ້ຂື້ນຢູ່ກັບຜົນທີ່ຍ້າຍຍິ່ງຂຶ້ນຂອງການລວງຕານັ້ນ."
ຂໍ້ໃດຕໍ່ໄປນີ້ບໍ່ໄດ້ຖືກກ່າວເຖິງວ່າເປັນໄພຂົ່ມຂູ່ສຳລັບນັກເດີນທາງໃນທະເລຊາຍ?,D: ຜິວໄໝ້
"ອີງໃສ່ບົດອ່ານ, ປະຊາກອນກຸ່ມໃດທີ່ໄດ້ຮັບຜົນກະທົບຫຼາຍສຸດພາຍຫຼັງການມາຮອດຂອງນັກສຳຫຼວດ?",C: ຊາວ Taínos
"ອີງໃສ່ບົດອ່ານ, ຊາວ Caribes ເວົ້າພາສາໃດ?",D: ພາສາ Arawakan
ຕ້ອງໃຫ້ຄຳຍ້ອງຍໍແກ່ໃຜທີ່ເຮັດໃຫ້ກິລາສະກີມີຄວາມນິຍົມຢ່າງແຜ່ຫຼາຍ ຈົນກາຍເປັນກິດຈະກຳຜ່ອນຄາຍ?,B: ຊາວ ນໍເວ
"ອີງໃສ່ບົດອ່ານ, ປະມານຊ່ວງໃດທີ່ກິລາສະກີເປັນທີ່ຍອມຮັບວ່າເປັນກິລາ?",D: ສັດຕະວັດທີ 17
ຂໍ້ໃດຕໍ່ໄປນີ້ໂດຍທົ່ວໄປ ທີ່ກ່ຽວຂອງກັບເກາະທີ່ໃຫຍ່ທີ່ສຸດຢູ່ຊາຍຝັ່ງແອຟຣິກາຕາເວັນອອກ?,C: ສັດປ່າ
ສິ່ງໃດທີ່ບໍ່ກຽວກັບເກາະທາງແອຟຣິກາຕາເວັນອອກ ທີ່ນ້ອຍກວ່ານັ້ນ? ,C: ມີຊື່ສຽງດ້ານສັດປ່າ
"ອີງໃສບົດອ່ານ, ໄດ້ມີການສະເຫຼີມສະຫຼອງເທດສະການອີສເຕີໂດຍໂບດດັ່ງເດີມບາງແຫ່ງໂດຍສະເພາະ?",B: ເປັນເຈົ້າພາບເຝົ້າຍາມໃນຄືນວັນເສົາ
"ເພື່ອຫຼີກຫຼ່ຽງສິ່ງຈຳເປັນບາງຢ່າງເມື່ອເຂົ້າປະເທດເອກວາດໍ, ປະຊາຊົນຊາວຄິວບາຕ້ອງເຮັດຫຍັງກ່ອນ?",ຄຳຕອບທີ່ຖືກຕ້ອງຄື: B: ມີຈົດໝາຍເຊີນຖືກຕ້ອງຕາມກົດໝາຍ
ສິ່ງທີ່ຈຳເປັນໃນການເດີນທາງຂອງເອກວາດໍທີ່ບໍ່ໄດ້ຮັບການອອກແບບມາເພື່ອຫຍັງ?,B: ເພື່ອຮັກສາກະແສການເຄື່ອນຍ້າຍໃຫ້ເປັນລະບຽບ
ຂໍ້ໃດຕໍ່ໄປນີ້ທີ່ສາມາດເຮັດໃຫ້ມີຄ່າໃຊ້ຈ່າຍຢູ່ຕ່າງປະເທດຫຼາຍກວ່າຢູ່ບ້ານ?,B: ຂອບແວ່ນຕາຢ່າງດີ
ແມ່ນຫຍັງທີ່ເປັນຄວາມສ່ຽງທີ່ອາດເກີດຂຶ້ນໃນການຊື້ຂອບແວ່ນຕາຢ່່າງດີຢູ່ຕ່າງປະເທດ?,"C: ອາດຖືກຂອງປອມ

This is the most relevant risk when purchasing high-end eyeglass frames abroad, as there is a possibility that counterfeit products may be sold."
"ອີງຕາມການນຳໃຊ້ສະກຸນເງິນໃນເມືອງ Falklands, ຂໍ້ຄວາມໃດຕໍ່ໄປນີ້ເປັນຄວາມຈິງ?","D: ນອກເໜຶອຈາກເງິນປອນຂອງ Falkland ແລ້ວ, ເງິນປອນອັງກິນກໍ່ເປັນສະກຸນເງິນທີ່ຍອມຮັບທີ່ສຸດໂດຍທົ່ວໄປ"
"ອີງໃສ່ບົດອ່ານ, ເມື່ອເດີນທາງມາເມືອງ Falkland ຈາກສະຫະລັດ, ບ່ອນໃດແດ່ທີ່ ຮູບແບບການຈ່າຍເງິນຮູບແບບອື່ນນອກເໜືອຈາກບັດເຄດິດອາດຈະເປັນປະໂຫຍດເປັນພິເສດແດ່?",C: ເກາະຫ່າງໄກອອກໄປ
ເຫດການໃດທີ່ບໍ່ກ່ຽວກັບການສະເຫຼີມສະຫຼອງງານບຸນວັດ?,A: ການເກີດຂອງຊ້າງ
ສາມາດເຫັນໄດ້ຊ້າງທີ່ມີການປະດັບປະດາຢູ່ໃສແດ່?,C: ໃນຂະບວນແຫ່ໃນບຸນງານວັດ
"ອີງໃສ່ບົດອ່ານ, ຂໍ້ໃດຕໍ່ໄປນີ້ແມ່ນວິທີທີ່ເປັນໄປໄດ້ທີ່ສຸດໃນການອອມເງິນເພື່ອເຮັດທຸລະກິດ ຫຼື ຊື້ປີ້ເຮືອນບິນຊັ້ນໜຶ່ງ?",A: ຈ່າຍຜ່ານບໍລິສັດຂອງເຈົ້າ
"ອີງໃສ່ບົດອ່ານ, ແມ່ນຫຍັງທີ່ເຮັດໃຫ້ເສຍເວລາໃນການຊອກຫາເມື່ືອຈອງປີ້ຊັ້ນຕ່າງໆ?",A: ປີ້ຖ້ຽວບິນຕົງ
ແມ່ນຫຍັງທີ່ບໍ່ຕ້ອງເພີ່ມເຂົ້າເມື່ອສົມທຽບການຄິດໄລ່ລາຄາປີ້ທັງໝົດໄປທະວີບເເອຟຣິກາຈາກສາຍທາງການບິນທົ່ວໂລກ?,A: ຄ່າໃຊ້ຈ່າຍເພີ່ມຕື່ມຂອງການຂໍວີຊ່າສຳລັບສະຖານທີ່ຢູ່ນອກແອຟຣິກາ
"ອີງໃສ່ບົດອ່ານ, ຮ້ານຄ້າໃຫຍ່ໄດ້ເລີ່ມຕົ້ນມີສິນຄ້າຫຍັງໃຫ້ເລືອກຫຼາກຫຼາຍຂຶ້ນຕື່ມ?",A: ອາຫານປຸງສຳເລັດ
ສິ່ງອຳນວຍຄວາມສະດວກໃດທີ່ຮ້ານຄ້າໃຫຍ່ບາງແຫ່ງມີໃຫ້ແກ່ລູກຄ້າໃນການຊື້ອາຫານທີ່ປຸງສຳເລັດ?,D: ສຳລັບໃສ່ໃນເຕົາອົບໄມ້ໂຄເວບ
ຂໍ້ໃດຕໍ່ໄປນີ້ທີ່ອາດເຂົ້າໃຈໄດ້ໂດຍຊາວເບວຢ້ຽມ ຫຼື ສະວິດທີ່ເວົ້າພາສາຝຣັ່ງ?,A: ລະບົບການນັບເລກມາດຖານຂອງຝຣັ່ງ
ຂໍ້ໃດຕໍ່ໄປນີ້ບໍ່ຄ້າຍຄືກັນໃນປະເທດຝຣັ່ງດັ່ງທີ່ໃຊ້ກັນໃນປະເທດເບວຢ່ຽມ ຫຼື ສະວິດເຊີແລນ?,B: ລະບົບການນັບເລກ
ສະຖານະການໃດທີ່ທ່ານໜ້າຈະບໍ່ໄດ້ຮັບເງິນຄ່າປີ້ຄືນ?,A: ຖ້າທ່ານເດີນທາງໂດຍສາຍການບິນ WestJet
ຄວາມຈິງກ່ຽວກັບການຄືນເງິນຄ່າປີ້ແມ່ນຫຍັງ?,D: ຕ້ອງໄດ້ຈອງກັບສາຍການບິນໂດຍກົງຜ່ານທາງໂທລະສັບ
ເມື່ອໃດທີ່ການໃຊ້ອຸປະກອນ GPS ທີ່ໃຊ້ແຍກຕ່າງຫາກຈະສະດວກສະບາຍກວ່າການໃຊ້ແອັບນຳທາງ GPS?,C: ເມື່ອທ່ານອອກຈາກເຂດສັນຍານ
ເປັນຫຍັງການໃຊ້ ແອັບນຳທາງ GPS ຈຶ່ງບໍ່ດີເທົ່າກັບການໃຊ້ເຄື່ອງນຳທາງທີ່ແຍກຕ່າງຫາກ?,A: ບໍ່ຕ້ອງກັງວົນກ່ຽວກັບການເຊື່ອມຕໍ່ຂໍ້ມູນ
"ອີງໃສ່ບົດອ່ານ, ທ່ານຈະຮັບປະກັນໄດ້ແນວໃດວ່າທ່ານໄດ້ຖືກຈັດລົງເຮືອທີ່ເໝາະສົມແລ້ວ?",C: ຈອງກັບບໍລິສັດຕົວແທນທີ່ມີຄວາມຊຳນານຢູ່ໃນການທ່ອງທ່ຽວເກາະ Galapagos
"ອີງໃສ່ບົດອ່ານ, ຂໍ້ໃດຕໍ່ໄປນີ້ທີ່ບຖືກໃຊ້ໃນຍຸດທະວິທີເຮັດໃຫ້ແຂກຫຼິ້ນການພະນັນຕໍ່ໄປ?","D: ບໍ່ເອົາໂມງໃສ່

ຄວາມຈິງ, ການບໍ່ມີໂມງຫຼືເຮັດໃຫ້ໂມງໂມງບໍ່ເໜັນເປັນມູນລະຍົກໜຶ່ງໃນການເຮັດໃຫ້ແຂກຢູ່ໃນສະຖານທີ່ພັກອອກຢ້ຽມບໍ່ໄດ້ ແລະ ພົ້ນຄວາມສົນໃຈໃນເວລາ."
"ອີງໃສ່ບົດອ່ານ, ສິ່ງທີ່ນັກພະນັນຜູ້ສະຫຼາດຄວນຫຼີກຫຼ່ຽງແມ່ນຫຍັງ?",A: ການດື່ມເຄື່ອງດຶ່ມມຶນເມົາຫຼາຍເກີນໄປ
"ອີງໃສ່ບົດອ່ານ, ພາກສ່ວນໃດຂອງຄຳເວົ້າທີ່ຕ້ອງມີຕົວໜັງສືໃຫຍ່ຢູ່ເຄິ່ງກາງປະໂຫຍກ",B: ຄຳນາມ
"ອີງໃສ່ບົດອ່ານ, ການຂຽນຕົວໜັງສືໃຫຍ່ໃຫ້ຄຳນາມເຮັດໃຫ້ຄວາມຫຍຸ້ງຍາກຫຍັງແດ່?",B: ການແຍກລະຫວ່າງຄຳກຳມະ
"ຢູ່ເຂດຊົນນະບົດຂອງມາເລເຊຍ, ທ່າທາງໃດທີ່ໝາຍເຖິງ “ມາພີ້”?",A: ງໍນິ້ວຊີ້
"ອີງໃສ່ບົດອ່ານ, ທ່າທາງໃດໝາຍເຖິງ “ກັບມາ”?",A: ໂບກມືດ້ວຍການເອົາຝ່າມືປີ້ນເຂົ້າໃນ
"ອີງໃສ່ບົດອ່ານ, ແມ່ນຫຍັງທີ່ເຮັດໃຫ້ເກີດຮອຍແຍກ?",B: ກ້ອນນ້ຳແຂງທີ່ບໍ່ສະຖຽນ
"ອີງໃສ່ບົດອ່ານ, ສິ່ງໃດເຫຼົ່ານີ້ທີ່ຂົວຫິມະສາມາດເຊື່ອງໄດ້?",A: ຮອຍແຕກ
"ອີງໃສ່ບົດອ່ານ, ຜູ້ເດີນທາງຄວນມີຄວາມລະມັດລະວັງເພີ່ມຕື່ມກ່ອນການໄປສະຖານໃດ?",B: ພື້ນທີ່ອ້ອມຮອບ Goma
ສິ່ງໃດຕໍ່ໄປນີ້ບໍ່ແມ່ນຄຳແນະນຳທີ່ດີສຳລັບນັກທ່ອງທ່ຽວໃນ ເມືອງ Goma?,"D: ຖານຂອງພູເຂົາໄຟ Nyiragongo ແມ່ນຕັ້ງຢູ່ໃນເມືອງ

ຄຳແນະນຳນີ້ບໍ່ຖືກຕ້ອງເພາະຖານຂອງພູເຂົາໄຟ Nyiragongo ບໍ່ໄດ້ຕັ້ງຢູ່ໃນເມືອງ Goma ແຕ່ຕັ້ງຢູ່ໃກ້ກັບເມືອງນີ້ໃນຂະດັບຫນຶ່ງ."
ເມື່ອໃດທໃບອະນຸຍາດໃນເຂດທຸລະກັນດານສຳລັບວັນເລີ່ມຕົ້ນໃນເດືອນສິງຫາຈະພ້ອມໃຫ້ບໍລິການ?,B: ວັນທີ 1 ເມສາ
ມີນະໂຍບາຍໃດແດ່ທີ່ໃຊ້ໃນການປົກປ້ອງເຂດແຄນຍອນ?,A: ລະບົບໃບອະນຸຍາດແບບມາກ່ອນໄດ້ກ່ອນ
ຂໍ້ໃດຕໍ່ໄປນີ້ທີ່ບໍ່ອາດຈະພົບເປັນຢູ່ໃນປະເພດໂຮງແຮມທີ່ໄດ້ໄວ້ອະທິບາຍໃນບົດອ່ານ?,"D: ຫ້ອງທີ່ໄດ້ຮັບການຕົກແຕ່ງໃໝ່ຫຼ້າສຸດດ້ວຍການຍົກລະດັບທີ່ທັນສະໄໝ

ໂຮງແຮມທີ່ພົບໃນບົດອາທິບາຍແມ່ນມີລັກສະນະເກົ່າແລະສະຫງ່າງາມແບບດັ້ງເດິມ, ແຕ່ບໍ່ໄດ້ເນັ້ນໃນການຍົກລະດັບຊ່ວຍໃນບໍລິການທັນສະໄໝຫຼືຮັບການຕົກແຕ່ງໃໝ່."
"ອີງໃສ່ຂໍ້ມູນທີ່ປະກົດໃນບົດອ່ານ, ຂໍ້ສະເໜີໃດຕໍ່ໄປນີ້ທີ່ແຂກໃນໂຮງແຮມໜ້າຈະໃຫ້ຄວາມສຳຄັນໜ້ອຍທີ່ສຸດ?",A: ການຕົກແຕ່ງແບບເກົ່າທົ່ວອາຄານສະຖານທີ່
"ອີງໃສບົດອ່ານ, ສິ່ງໃດທີ່ຜູ້ເດີນທາງຄວນຫຼີກຫຼ່ຽງເມື່ອໄປທ່ຽວ ກຣີນແລນ?",D: ອ້າງອີງຊາວພື້ນເມືອງຂອງກຣີນແລນວ່າແມ່ນ “ຊາວເອສກີໂມ”
"ອີງໃສ່ບົດອ່ານ, ຂໍ້ໃດຕໍ່ໄປນີ້ໜ້າຈະເປັນບັນຫາສຳລັບນັກທ່ອງທ່ຽວທີ່ບໍ່ກຽມຕົວໃນການທ່ຽວກຣີນແລນ?","C: ອາກາດ

ບໍດອ່ານໄດ້ກ່າວເຖິງວ່າອາກາດເຢັນແມ່ນອັນຕະລາຍທີ່ແທ້ຈິງສຳລັບຄົນທີ່ບໍ່ໄດ້ກຽມພ້ອມຈະປະເຊີນໜ້າ."
ຂໍ້ໃດທີ່ໃຊ້ເປັນຫ້າງກາງເມືອງຕອນນີ້?,A: Jardín de la Unión
"ອີງໃສ່ບົດອ່ານ, ຂໍ້ໃດຕໍ່ໄປນີ້ທີ່ບໍ່ພົບໃນ Jardín de la Unión?",D: ຕຶກປະຊຸມເກົ່າ
"ອີງໃສ່ບົດອ່ານ, ຂໍ້ຄວາມໃດຕໍ່ໄປນີ້ກ່ຽວກັບການຍ່າງປ່າຕອນເວັນທີ່ຖືວ່າບໍ່ຖືກຕ້ອງ?","D: ການຍ່າງປ່າຕອນກາງເວັນບໍ່ແມ່ນກິດຈະກຳກາງແຈ້ງທີ່ເໝາະສຳລັບຄອບຄົວທີ່ມີເດັກນ້ອຍ

ຂໍ້ນີ້ຖືວ່າບໍ່ຖືກຕ້ອງ ພາຍໃນບົດຄວາມໄດ້ກ່າວວ່າການຍ່າງປ່າທາງເທື່ອບໍ່ຍາກນັ້ນ ຄອບຄົວທີ່ມີເດັກນ້ອຍກໍສາມາດເຂົ້າຮ່ວມຄືກັນໄດ້."
"ອີງໃສ່ບົດອ່ານ, ເມື່ອໃດທີ່ການຍ່າງປ່າຕອນເວັນຈຶ່ງຈຳເປັນທີ່ຈະມີການກະກຽມເລັກນ້ອຍທີ່ສຸດ?",B: ເມື່ອກ່ຽວຂ້ອງກັບການຍ່າງທາງທີ່ງ່າຍ
ມີຄວາມແຕກຕ່າງກັນແນວໃດກ່ຽວກັບພູພຽງໃນ Rogaland ຫຼື Agder ທຽບໃສ່ສ່ວນທີ່ເຫຼືອຂອງປະເທດນໍເວ?,D: ມັກຈະມີທົ່ງຫຍ້າປົກຫຸ້ມ
"ອີງໃສ່ບົດອ່ານ, ຂໍ້ໃດຕໍ່ໄປນີ້ທີ່ບໍ່ປົກກະຕິຢູ່ປະເທດນໍເວ?",B: ພູພຽງມີປ່າໄມ້
ເມື່ອໃດທີ່ນັກທ່ອງທ່ຽວທີ່ສົນໃຈການຫຼິ້ນສະກີມາຄວນມາຢ້ຽມຢາມສະຖານນີເທິງພູໄດ້?,A: ລະຫວ່າງລະດູໜາວ
"ອີງໃສ່ບົດອ່ານ, ໂດຍປົກກະຕິ, ມີນັກທ່ອງທ່ຽວມາສະຖານີເທິງພູຫຼາຍທີ່ສຸດຕອນໃດ?",C: ລະຫວ່າງລະດູຮ້ອນອິນເດຍ
ແມ່ນຫຍັງທີ່ທ່ານຄວນຫຼີກຫຼ່ຽງຖ້າທ່ານຄິດວ່າຈະຊອກຫາເຮືອເພື່ອຂໍຄວາມຊ່ວຍເຫຼືອ?,"C: ໂຄສະນາການບໍລິການຂອງທ່ານ

(Answer C suggests that you should avoid advertising your services overtly when trying to find a boat to assist. It's generally better to focus on building relationships and networking in person rather than relying on self-promotion.)"
ທ່ານຕ້ອງເຮັດແນວໃດເມື່ອຢູ່ໃກ້ທ່າເຮືອເມື່ອຊອກຫາເຮືອທີ່ຂໍຄວາມຊ່ວຍເຫຼືອ?,A: ຕິດຕໍ່ຄົນຂັບເຮືອ
ສະຖານທີ່ໃດທີ່ເປີດແຈ້ງຕໍ່ນັກທ່ອງທ່ຽວທີ່ສົນໃຈປະຫວັດສາດຍຸກອະນານິຄົມຂອງເກາະ?,A: ຊາຍຝັ່ງຕອນເໜືອ
ສະຖານທີ່ໃດທີ່ເປີດໃຫ້ນັກທອ່ງທ່ຽວທີ່ມີລູລິມະສິດໃນການເບິ່ງທິວທັດທີ່ສວຍງາມ?,D: ແຄມນ້ຳ ເກົາລູນ
ອານນັ່ງບາງແນວມີຫຍັງແດ່ທີ່ຊ່ວຍໃຫ້ຫຼຸດຜ່ອນຄວາສ່ຽງຕໍ່ຕີນຜູ້ຂີ່ຕິດຢູ່ໃນຜາງຖີບ?,B: ແທງຮັກສາຄວາມປອດໄພ
ຄຸນສົມບັດຂອງເກີບໂບກໃສ່ຖີບລົດແບບໃດທີ່ຊ່ວຍໃຫ້ຜູ້ຂີ່ມີຄວາມປອດໄພເວລາໃຊ້ຜາງຖີບ?,A: ພື້ນທີ່ຊາ ແລະ ແຄບ
ມີຫຍັງໃຫ້ນັກເດີນທາງແດ່ຜ່ານເຄືອຂ່າຍການແລກປ່ຽນການບໍລິການຮັບຕ້ອນ?,A: ທີ່ພັກກັບເຈົ້າພາບທ້ອງຖິ່ນ
"ອີງໃສ່ບົດອ່ານ, ຂໍ້ຄວາມໃດກ່ຽວກັບເຄືອຂ່າຍການແລກປ່ຽນການບໍລິການຮັບຕ້ອນທີ່ບໍ່ເປັນຄວາມຈິງ?",A: ນັກເດີນທາງໄດ້ຮັບການສົ່ງຕໍ່ໄປທີ່ເຈົ້າພາບທ້ອງຖິ່ນສະເໝີ
"ອີງໃສ່ບົດອ່ານ, ແຂກປະເພດໃດທີ່ມີໂອກາດໜ້ອຍທີ່ຈະພົບເຫັນໃນຫ້ອງພັກຮ່ວມກັນ?",C: ແຂກທີ່ມາກັບເດັກນ້ອຍ
