question,gpt_answer
"गद्यांश के अनुसार, संगीत के लिए अक्कादियन को सटीक रूप से पुनर्स्थापित करने के लिए वास्तव में क्या संभव नहीं है?",1
"अक्कडियन को पुनः प्राप्त करते समय, निम्न में से कौन सा आयतन बढ़ाता है?",1
टेलीविजन फिल्मों में किनारे क्यों काटे जाते हैं?,2
"दिए गए गद्यांश के अनुसार, मूवी को डीवीडी प्रारूप में परिवर्तित करते समय निम्नलिखित में से कौन सी समस्या का सामना करना पड़ सकता है?",2
ब्रिटिश पुलिस कहाँ थी?,3
हस्तलिखित मसौदे पर किसके हस्ताक्षर थे?,4
निम्नलिखित स्थानों में से डनलप ब्रॉडसाइड आखिर कहाँ से आया था?,2
कर्नल स्टार्क की सेनाएँ कहाँ थीं?,1
"गद्यांश के अनुसार, स्टार्क के आदमियों ने अपनी बाड़ कब बढ़ाई?",3
"गद्यांश के अनुसार, निम्नलिखित में से कौन सा चीन के सबसे हिंसक काल में से एक था?",4
"गद्यांश के अनुसार, चींटियों की बस्ती के खानाबदोश काल के संभावित घटक क्या हैं?",2
"गद्यांश के अनुसार, कौन सा कथन खानाबदोश काल के दौरान सेना की चींटियों की कॉलोनियों की घोंसला बनाने की आदतों को सटीक रूप से दर्शाता है?",3
निम्नलिखित में से कौन सा बाहरी संदर्भों के अनुसार निरंतर है?,2
कौन सा शब्द उन व्यक्तियों का वर्णन करता है जो एक विशेष फेनोटाइपिक विशेषता के रूपांतर दिखाते हैं?,4
किसी विशेष क्षेत्र पर कब्जा करने वाले जीवों के लिए निम्नलिखित में से कौन सा सही शब्द है?,2
निम्नलिखित में से कौन सा प्रकृति आधारित पर्यटन गतिविधि का उदाहरण नहीं है?,3
"गद्यांश के अनुसार, निम्नलिखित में से कौन सा परिवहन के साधन का आधार है?",2
नाभिक के चारों ओर के कणों पर किस प्रकार का आवेश होता है?,3
नाभिक किन कणों से मिलकर बना होता है?,1
"गद्यांश के अनुसार, निम्न में से कौन सा पांच-बिट बाइनरी नंबर का उदाहरण है?",3
बाइनरी डिजिट किसे कहते हैं?,1
छात्र ब्लॉग के प्राथमिक लाभ के रूप में गद्यांश में निम्नलिखित में से किसका उल्लेख नहीं किया गया है?,2
ब्लॉगिंग के निम्नलिखित पहलुओं में से कौन सा छात्रों के लिए उनके लेखन कौशल में सुधार करने के लिए एक प्रेरक के रूप में उद्धृत किया गया है?,2
निम्नलिखित में से कौन सा छात्रों के लिए अतुल्यकालिक संचार का लाभ नहीं है?,2
"दिए गए परिच्छेद के अनुसार, अतुल्यकालिक संचार के निम्नलिखित पहलुओं में से कौन सा छात्रों के लिए लचीला नहीं है?",4
परिच्छेद में किन बातों का उल्लेख नहीं किया गया है जो मध्यकालीन किलेबंदी से जुड़ी हो सकती है?,2
किले के खंडहरों के बीच दिखाई देने वाली गंध या खुरों के शोर-शराबे में निम्नलिखित में से किसका उल्लेख नहीं किया गया है?,3
निम्नलिखित में से क्या द कीर्बी मुक्स्लो कैसल का सटीक विवरण है?,2
गद्यांश में वर्णित अवधि के दौरान निम्नलिखित संरचनात्मक पहलुओं में से कौन सा किर्बी मुक्सलो के महल के लिए असामान्य माना जाता है?,1
"गद्यांश के अनुसार, आगामी सीज़न की तैयारी करने वाले धावक के लिए निम्नलिखित में से कौन सा सबसे प्रभावी है?",4
"दिए गए गद्यांश के अनुसार, प्रथम श्रेणी के आधे मील के धावक के लिए निम्नलिखित में से कौन सा अत्यंत महत्वपूर्ण है?",2
"एक एथलीट के लिए, निम्नलिखित में से क्या अकेले पोषण प्रथाओं द्वारा प्राप्त नहीं किया जा सकता है?",3
"दिए गए गद्यांश के अनुसार, युवा एथलीटों को अपने खेल में अधिक आनंद पाने के तरीके के रूप में निम्नलिखित में से क्या अनुशंसित नहीं है?",2
"दिए गए गद्यांश के अनुसार, एक मध्यम दूरी का धावक अधिक महंगा उपकरण क्यों खरीदता है?",1
"गद्यांश के अनुसार, मध्यम दूरी के प्रवाह के लिए क्या आवश्यक है?",3
परमाणु चुंबकीय अनुनाद की खोज किसने की थी?,3
चिकित्सा इमेजिंग कंपन के लिए पहला पेटेंट किस वर्ष में दिया गया था?,2
"दिए गए अंश के अनुसार, दूसरों की शारीरिक गतिविधियों को समझाने के लिए मनुष्यों को किस बारे में मजबूत समझ होनी चाहिए?",2
"गद्यांश के अनुसार, उद्देश्य को समझने की क्षमता मनुष्यों की क्या मदद करती है?",1
"गद्यांश के अनुसार, निम्नलिखित में से कौन सा कृत्रिम बुद्धि के मुख्य उद्देश्य का सटीक सारांश है?",4
"गद्यांश के अनुसार, निम्नलिखित में से कौन सा कृत्रिम बुद्धि के साथ संगत है?",2
"गद्यांश के अनुसार, निम्नलिखित में से कौन सा एकीकृत विचार पैटर्न वाले व्यक्ति की ताकत है?",4
"गद्यांश के अनुसार, निम्नलिखित में से किसे एकीकृत सोच मानसिकता का केंद्र नहीं माना जाता है?",2
"गद्यांश के अनुसार, निम्नलिखित में से किसे सूक्ष्म भावनाओं के रूप में नहीं माना जाएगा?",4
"गद्यांश के अनुसार, सूक्ष्म भावनाओं की व्याख्या के बारे में दावों में निम्नलिखित में से कौन सा असत्य है?",3
पुनर्जागरण के परिणामस्वरूप निम्नलिखित में से किसे अधिक महत्व दिया गया था?,2
पुनर्जागरण के परिणामस्वरूप निम्नलिखित में से किसे कम महत्व दिया गया था?,3
निम्नलिखित में से कौन सा अनुक्रमिक संबंधों के लिए इंटरनेट का उपयोग करने के लिए प्रोत्साहन को प्रतिबिंबित नहीं करता है?,3
निम्नलिखित में से कौन सा व्यक्तिगत जुड़ाव के लिए इंटरनेट का उपयोग करने की प्रेरणाओं को प्रतिबिंबित नहीं करता है?,1
पश्चिमी यूरोप ने कब प्रभावों पर बहुत अधिक भरोसा करना बंद कर दिया और अपनी शैली विकसित करना शुरू कर दिया?,1
कपड़े बांधने के लिए बटन का उपयोग करने का परिणाम क्या है?,3
"गद्यांश के अनुसार, निम्नलिखित में से किसे पर्यावरणीय समस्याओं का दीर्घकालिक समाधान माना जाता है?",3
"गद्यांश के अनुसार, निम्नलिखित में से कौन सा उपचार पर्यावरणीय समस्याओं का रोगसूचक उपचार नहीं माना जाएगा?",2
यूरोप में पहला युद्ध किस देश में हुआ था जब इसका केंद्रीय मुद्दा धार्मिक पृष्ठभूमि के बिना शक्ति संतुलन से संबंधित बताया गया था?,4
"अंतिम युद्ध किसे कहा जाता है, जिसे धार्मिक युद्ध कहा जाता है?",1
कैथोलिक चर्च द्वारा निम्नलिखित में से किस पहलू की जांच नहीं की गई है?,2
"दिए गए गद्यांश के अनुसार, वर्साय में वह किसके द्वारा मारा गया था?",3
निम्नलिखित में से भीड़ ने राजा और रानी को क्या करने के लिए नहीं कहा?,3
निम्नलिखित में से कौन सा ब्रिटेन के अपरंपरागत नौसैनिक युद्ध का परिणाम नहीं है?,3
कौन सी रिपोर्ट जर्मनी के खिलाफ ब्रिटेन की नौसैनिक नाकाबंदी का सटीक वर्णन नहीं करती है?,4
"दिए गए गद्यांश के आधार पर, मल्टीपल स्केलेरोसिस विकसित करने की सबसे अधिक संभावना किसके पास है?",1
"गद्यांश के अनुसार, प्रतिभागियों को नियमित गतिविधि में अधिक समर्थन की आवश्यकता क्यों है?",1
"गद्यांश के अनुसार, चाकू से लड़ने का खेल कैसे खेला जाता है?",4
"गद्यांश के अनुसार, निम्नलिखित में से कौन सा आंतरिक विषाक्तता का सबसे अच्छा संकेत है?",4
"गद्यांश के अनुसार, पीड़ित का मूल्यांकन करते समय पहले क्या किया जाना चाहिए?",1
निम्नलिखित में से कौन सा कथन पीड़ित को सत्यापित करने की प्रक्रिया को सही ढंग से सूचित नहीं करता है?,1
फ्रांसीसी क्रांति द्वारा लाए गए परिवर्तनों में श्रमिक वर्ग के नागरिकों पर क्या महत्वपूर्ण प्रभाव पड़ा?,2
"फ्रांसीसी क्रांति के बाद, सेना और अन्य व्यवसायों में सफलता का आधार क्या है?",4
किस सार्वजनिक सेवा को विकसित देशों में सबसे अधिक असंतोष का कारण कहा जाता है?,3
"गद्यांश के अनुसार, सार्वजनिक परिवहन प्रणालियों के बारे में क्या कहा जा सकता है?",3
"गद्यांश के अनुसार, ड्राइवरों की अप्रत्याशितता के कारण निम्नलिखित में से किसे मापना मुश्किल है?",4
जब निष्पक्ष यातायात गणितीय रूप से निर्दिष्ट होता है तो निम्नलिखित में से किसका उपयोग किया जाता है?,4
हर्षे और सीसेम ने अपने डीएनए रिकॉर्ड करने के लिए क्या उपयोग किया?,1
वंशजों को भेजे गए उत्परिवर्तन की प्रभावशीलता पर क्या निर्भर करता है?,1
"दिए गए पैराग्राफ में दी गई जानकारी के आधार पर, उत्परिवर्तन के विभिन्न प्रभाव किस पर निर्भर करते हैं?",1
प्राचीन संस्कृतियों द्वारा भेड़ ों को पालने के कारणों में से कौन सा कारण निम्नलिखित में से एक नहीं है?,2
गोल्फ के खेल का लक्ष्य किस बात का माप लेना है?,2
"गोल्फ कोर्स पर, थोड़ी सी घास कहाँ कटी हुई है?",2
प्रयोग का सामान्य उद्देश्य क्या है?,1
"गद्यांश के अनुसार, यहां वैज्ञानिक अनुसंधान का मार्गदर्शन करने में क्या मदद नहीं करता है?",1
"गद्यांश के अनुसार, चक्रवातों के बारे में कौन सा कथन सत्य नहीं है?",3
"दिए गए पैराग्राफ के आधार पर, निम्नलिखित में से कौन सा कथन अधिकांश चक्रवातों का सटीक वर्णन करता है?",4
16 वीं शताब्दी में मनुष्यों ने निम्नलिखित में से क्या करना शुरू किया था?,4
मनुष्य वस्तुओं को देखने के लिए लेंस का उपयोग कब से कर रहे हैं?,3
"दिए गए इस अंश के आधार पर, मुहम्मद की गुफा उनकी आध्यात्मिक इच्छाओं के बारे में क्या कहती है?",1
"गद्यांश के अनुसार, लोहे का उपयोग सबसे पहले किस लिए किया गया था?",2
"गद्यांश के अनुसार, लकड़ी के पहियों को लोहे के पहियों से बदलने की क्या आवश्यकता है?",4
"दिए गए गद्यांश के अनुसार, रोमांटिकतावाद की अवधि में व्यक्तियों को किसने आकार दिया?",2
निम्नलिखित में से कौन सा कथन तकनीकी नियतिवाद की सामान्य अवधारणा को नहीं दर्शाता है?,1
"गद्यांश के अनुसार, धनुष खींचने का निम्नलिखित में से कौन सा भाग किससे संबंधित नहीं है?",2
"गद्यांश के अनुसार, निम्नलिखित में से कौन सा कम शोर से जुड़ा हुआ है?",3
जीवाश्म किसके साथ दिखाते हैं कि हाथ मुख्य रूप से उपयोग के लिए उपयुक्त हैं?,1
निम्नलिखित में से कौन सा एक चिंपांज़ी की उंगली की हड्डियों का सटीक वर्णन करता है?,3
किस श्रेणी से चयन नए आनुवंशिक संस्करण को हटा ता है?,4
आनुवंशिक अंतर जोड़ने के लिए कौन सी प्रक्रिया जिम्मेदार है?,3
"""दिए गए पैराग्राफ में दी गई जानकारी के आधार पर, """"प्रोटीन समस्या"""" को हल करने के लिए एक जानवर को इनमें से कौन सा खाना चाहिए?""",3
"गद्यांश के अनुसार, निम्नलिखित में से कौन अमीनो एसिड की कमी के कारण समस्याएं पैदा नहीं करता है?",1
किसी विशेष उपसंस्कृति में सदस्य समूह के साथ संचार को कैसे संदर्भित करते हैं?,4
"दिए गए पैराग्राफ में प्रस्तुत सिद्धांत के अनुसार, एक बच्चे के साथ क्या हो सकता है जो एक जातीय अल्पसंख्यक के साथ पहचान करता है जिसे नस्लीय रूप से संशोधित किया गया है?",2
"गद्यांश के अनुसार, निम्नलिखित में से किसका नस्लीय पैटर्न के बच्चे के ज्ञान पर प्रभाव पड़ेगा?",2
"गद्यांश के अनुसार, निम्नलिखित में से कौन सा लौह बच्चे की परवरिश के साथ मेल खाने की संभावना नहीं है?",2
"गद्यांश के अनुसार, निम्नलिखित में से कौन सा लौह बच्चों में व्यवहार का सटीक वर्णन करता है?",2
"दिए गए परिच्छेद के आधार पर, निम्नलिखित में से कौन सी प्रथा निर्वाह खेती के अनुरूप नहीं है?",2
निम्नलिखित में से कौन सा सही रूप से निर्वाह खेती अभ्यास का वर्णन करता है?,2
संग्रहालय का दौरा किस प्रकार के पर्यटन के अंतर्गत आता है?,3
"गद्यांश के अनुसार, मनोरंजक पर्यटकों की प्राथमिकता क्या होगी?",2
उस अंश में क्या उल्लेख किया गया है जिसने स्थानीय चर्च के भीतर परिवर्तन के भय को कम करने में मदद की है?,1
"गद्यांश के अनुसार, किसी के इतिहास को समझने में क्या मदद करता है?",3
निम्नलिखित में से कौन सा सीखने के लिए उत्तर आधुनिक दृष्टिकोण का सटीक वर्णन करता है?,4
निम्नलिखित में से कौन सा उत्तर आधुनिक शिक्षण दृष्टिकोण को सटीक रूप से प्रतिबिंबित नहीं करता है?,2
"नींद के समय से किसी उद्देश्य के लिए जागने के बाद, इनमें से कौन नींद की गड़बड़ी में हस्तक्षेप करता है?",3
निम्नलिखित में से क्या नींद की गड़बड़ी का सटीक स्पष्टीकरण नहीं है?,4
क्या बढ़ता है जब आपका मस्तिष्क स्पष्ट रूप से जानता है कि रात में कितनी बार और सपने देखने की कोशिश करता है?,4
निम्नलिखित में से कौन सा अक्सर उज्ज्वल सपने देखने वाले शरीर पर नकारात्मक प्रभाव डालता है?,2
"गद्यांश के अनुसार, नियमित टीमें और आभासी टीमें समान कैसे हैं?",1
"दिए गए गद्यांश के आधार पर, नियमित और आभासी टीमों के बारे में कौन सा कथन सत्य नहीं है?",2
निम्नलिखित में से कौन सामग्री सिद्धांतों को पसंद नहीं करता है?,2
निम्नलिखित में से कौन सा पदार्थ का एक तिहाई नहीं है?,3
निम्नलिखित में से कौन 35 मिमी फोटो डिजाइन का वर्णन नहीं करता है?,3
"गद्यांश के अनुसार, ज़ूम लेंस में सुधार कैसे किया गया है, क्योंकि निर्माता लेंस उत्पादन की गुणवत्ता बढ़ाते हैं?",3
"दिए गए पैराग्राफ में दी गई जानकारी के आधार पर, आप उच्च गुणवत्ता वाले लेंस पर ज़ूम लेंस कब पसंद करेंगे?",3
निम्नलिखित में से किसे आध्यात्मिकता की उचित व्याख्या नहीं माना जाता है?,2
"गद्यांश के अनुसार, निम्नलिखित में से कौन सा आध्यात्मिकता के केंद्र में नहीं है?",2
"गद्यांश के अनुसार, कृषक समुदाय की शुरुआत किसने की होगी?",3
"दिए गए अंश के अनुसार, मोआ का शिकार करने वाला समूह पहला बसने वाला कहाँ था?",2
किन परिस्थितियों में ओरिगामी की प्योरलैंड विधि का उपयोग फ़ोल्डर को लाभ पहुंचाएगा?,4
निम्नलिखित में से किसे प्योरलैंड ऑरिकेमी के रूप में सटीक रूप से वर्णित नहीं किया गया है?,1
"गद्यांश के अनुसार, कौन सा स्थान सिंधु घाटी सभ्यता से जुड़ा नहीं है?",3
निम्नलिखित में से किसका उल्लेख कांस्य युग सभ्यता के संभावित नाम के रूप में नहीं किया गया है जिसकी चर्चा परिच्छेद में की गई है?,3
"गद्यांश के अनुसार, निम्नलिखित में से कौन सा दीर्घकालिक लाभ देता है?",1
"दिए गए परिच्छेद के अनुसार, निम्नलिखित में से किसे प्राथमिकता दी जानी चाहिए यदि ध्यान तत्काल लाभ पर है?",4
"दिए गए अंश के अनुसार, युद्ध खर्चों का एक महत्वपूर्ण हिस्सा किसने वहन किया?",4
टेम्पलर की पूर्व-आयु अवधि क्या है?,3
टेम्पलर के युग के बाद कौन सा समय आया?,1
वह चिकित्सा उपचार या प्रक्रिया क्या है जिसका उल्लेख रोमन साम्राज्य के दौरान डॉक्टरों और सर्जनों द्वारा किए जाने के रूप में नहीं किया गया है?,1
"दिए गए परिच्छेद के अनुसार, रोमन साम्राज्य के दौरान चिकित्सा के क्षेत्र में प्रगति के लिए निम्नलिखित में से कौन जिम्मेदार नहीं है?",3
देखने की क्षमता किस पर निर्भर करती है?,1
जीवों के बीच आंखों की संरचना में भिन्नता किस पर निर्भर करती है?,2
"गद्यांश के अनुसार, सिख धर्म पर कौन सा कथन धर्म को सटीक रूप से चित्रित नहीं करता है?",2
"गद्यांश के अनुसार, निम्नलिखित में से किसे सिख धर्म प्रणाली का महत्वपूर्ण पहलू माना जाता है?",1
"दिए गए गद्यांश के अनुसार, ध्यान घाटे के विकार वाले बच्चों के लिए किस पर ध्यान केंद्रित करना मुश्किल है?",1
"गद्यांश के अनुसार, ध्यान घाटे के विकार वाले बच्चे जोखिम भरे व्यवहार में क्यों संलग्न होते हैं?",4
"गद्यांश में दी गई जानकारी के आधार पर, इनमें से कौन सा मचान का उदाहरण नहीं है?",3
निम्नलिखित में से कौन सा मचान की अवधारणा का सटीक वर्णन नहीं करता है?,3
"गद्यांश के अनुसार, माईस्पेस में कौन सी सुविधा उन छात्रों को लाभान्वित करेगी जिन्हें पढ़ने में परेशानी होती है?",1
"गद्यांश के अनुसार, निम्नलिखित में श्रमिकों के दंगों पर कृष्णचेव की प्रतिक्रिया क्या नहीं कहती है?",3
निम्नलिखित में से कौन सा पोलैंड में दंगों का कारण नहीं है?,4
"गद्यांश के अनुसार, निम्नलिखित में से कौन सा यूएसएसआर और यूएसए के बीच संबंधों को प्रभावित नहीं करता है?",2
निम्नलिखित में से कौन पूरे शरीर में तंत्रिका लालसा को प्रसारित करने के उद्देश्य का सटीक वर्णन नहीं करता है?,1
गीज़ा पठार पर क्या पाया जा सकता है?,1
महान पिरामिड का उद्देश्य क्या है?,2
किसने हमारी जानकारी के अनुसार आग लगाकर मंदिर को नष्ट किया?,invalid
आर्टेमिस के मंदिर के पुनर्निर्माण के बारे में रिपोर्ट क्या है?,2
"गद्यांश के अनुसार, प्रजाति दो पैरों पर कब चल सकती थी?",4
इनमें से कौन सी प्रजाति दो पैरों पर हुई?,1
द्वितीय विश्व युद्ध के दौरान जर्मन नौसेना ने क्या करने की कोशिश की थी?,2
"दिए गए गद्यांश की जानकारी के आधार पर, उत्तरी अटलांटिक अभियान के दौरान नौसैनिक युद्ध में सबसे सफल कौन था?",1
जब अश्शूरियों ने घुड़सवार सेना का इस्तेमाल किया तो क्या गायब था?,1
घुड़सवार सेना का उपयोग करके लड़ाई कैसे आयोजित की जाती है?,3
"दिए गए गद्यांश के अनुसार, आप औसत बेबीलोन नागरिक कहाँ नहीं पा सकते हैं?",4
निम्नलिखित में से क्या विशेष रूप से पुजारियों के लिए है?,2
राजा तूतनखामुन को कब प्रसिद्धि मिली?,3
किस घटना ने राजा तूतनखामुन को मिस्र के प्रसिद्ध राजा में बदल दिया?,1
ग्रीक कवि होमर क्या नहीं कर सकता था?,2
वह किस प्रसिद्ध ग्रीक साहित्य को साहित्य के अलावा किसी और चीज के लिए जानते हैं?,3
हिब्रू परिवार ने अपना समय कहाँ बिताया?,1
इब्रानी परिवार के लिए क्या महत्वपूर्ण नहीं है?,3
निम्नलिखित में से किसे स्कैंडिनेवियाई देशों के बीच अंतर के रूप में वर्णित नहीं किया गया है?,2
ग्रीनलैंड में सबसे पहले कौन बसा?,1
कौन सा समूह कुर्सियों के बिना खाना पसंद करेगा?,3
निम्नलिखित में से कौन प्राचीन रोमन पर्व का हिस्सा नहीं था?,4
"दिए गए पैराग्राफ के आधार पर, निम्नलिखित में से किसके परिणामस्वरूप दीर्घकालिक उपयोगी स्थिति होने की संभावना नहीं है?",2
"दिए गए परिच्छेद के अनुसार, राष्ट्रों के अग्रदूत क्या थे?",3
ट्रूकिल जोंग के बारे में कौन सा कथन सत्य नहीं है?,4
कौन सी रिपोर्ट ड्रकाई के कारण जोंग में लगी आग का सटीक वर्णन करती है?,3
कंबोडिया के बारे में निम्नलिखित में से कौन सा कथन सत्य नहीं है?,2
कौन सा कथन कंबोडिया के आक्रमणों का सटीक वर्णन करता है?,4
डच ईस्ट इंडिया कंपनी ने ताइवान में रहते हुए निम्नलिखित में से क्या नहीं किया?,4
शिमोनोसेकी ने संधि में क्या स्थान लिया?,4
रासायनिक pH स्तर को कैसे मापा जाता है?,3
हाइड्रोजन आयनों से क्या निकाला गया था?,4
निम्नलिखित में से कौन सा कथन शेरों के गौरव का सही वर्णन नहीं करता है?,3
निम्नलिखित में से कौन सा कथन शेरों के व्यवहार का सही वर्णन नहीं करता है?,4
खरगोश किस प्रकार के शिकारी के लिए आम शिकार हैं?,3
निम्नलिखित में से छोटी बिल्लियाँ आमतौर पर शिकार करती हैं?,1
निम्नलिखित में से क्या एसिलोट्स के शिकार पैटर्न का हिस्सा नहीं है?,4
निम्नलिखित में से कौन सा सही रूप से एसिलॉट्स का वर्णन नहीं करता है?,3
निम्नलिखित में से किसे बाघ की सबसे बड़ी ताकत नहीं माना जाता है?,2
"दिए गए गद्यांश के अनुसार, बाघ और शेर के बीच क्या अंतर है?",2
"दिए गए अंश के अनुसार, रॉबर्ट हुक ने अन्य जीवविज्ञानियों से पहले क्या किया?",1
कोशिका की उत्पत्ति क्या है?,2
"दिए गए गद्यांश के अनुसार, अधिकांश जानवरों में क्या करने की क्षमता होती है?",2
"गद्यांश के अनुसार, कुछ जानवरों में क्या कमी है?",3
प्रकाश संश्लेषण की प्रक्रिया में पौधों की क्या मदद करता है?,4
मनुष्य क्या उत्सर्जित करते हैं जो पौधे सांस लेते हैं?,4
"गद्यांश के अनुसार, निम्नलिखित में से कौन सा उदाहरण विकास की प्रक्रिया को रोकता है?",1
निम्नलिखित में से कौन सा कथन व्यंग्य की प्रक्रिया का सही वर्णन नहीं करता है?,4
संचार प्रणाली का कौन सा हिस्सा हृदय की ओर रक्त लाता है?,4
परिसंचरण प्रणाली में सबसे छोटी ट्यूब कौन सी हैं?,1
निम्नलिखित में से कौन सा कीट के पंखों को पीछे की ओर मोड़ने की क्षमता को बढ़ाता है?,2
पैराग्राफ में निम्नलिखित में से किसका उल्लेख एक कीट की उड़ने की क्षमता से प्रभावित के रूप में नहीं किया गया है?,2
निम्नलिखित में से कौन सा आमतौर पर डायनासोर से जुड़ा नहीं है?,2
निम्नलिखित में से किसे आम तौर पर पक्षियों और डायनासोर की साझा विशेषता नहीं माना जाता है?,3
"गद्यांश के अनुसार, युग्मनज के पौधे के किस भाग को ट्राइसेराटॉप्स द्वारा खाए जाने की संभावना है?",1
"गद्यांश के अनुसार, निम्नलिखित में से किसके ट्राइसेराटॉप्स खाने की अधिक संभावना है?",2
"गद्यांश के अनुसार, निम्नलिखित में से कौन सा इटली के सबसे उत्तरी क्षेत्रों में व्यापक रूप से लोकप्रिय है?",3
"गद्यांश में दी गई जानकारी के आधार पर, निम्नलिखित में से किस खेल ने इटली के लिए विश्व चैम्पियनशिप जीती?",1
किस घटना के बाद लक्ज़मबर्ग के कुछ हिस्से बेल्जियम बन गए?,2
निम्नलिखित में से किसने लक्ज़मबर्ग की तटस्थता को प्रभावित किया?,1
तुर्की के कुल क्षेत्रफल का कितना वर्ग किलोमीटर यूरोप में है?,4
"गद्यांश के अनुसार, तुर्की कितने मील लंबा है?",1
वेटिकन सिटी में लैटिन भाषा किसके लिए उपयोग की जाती है?,1
"वेटिकन सिटी में, इतालवी का उपयोग किस लिए नहीं किया गया था?",3
"गद्यांश के अनुसार, परिष्कृत कंप्यूटरों पर ध्वनि मिश्रण से निम्नलिखित में से किसे लाभ होता है?",1
"दिए गए गद्यांश के अनुसार, किस स्थान पर अधिकांश घरों में शौचालय हैं?",1
निम्नलिखित में से किस स्थान पर बेहतर सीवरेज सिस्टम की खोज की गई थी?,1
निम्नलिखित में से क्या स्कीयर की वापसी का कारण बनता है?,1
"गद्यांश के अनुसार, निम्नलिखित में से कौन सा आधुनिक बर्फ के स्लेग के ब्लेड में गुहा का सटीक वर्णन करता है?",3
"दिए गए गद्यांश के अनुसार, वह कौन सी प्रक्रिया है जो परमाणुओं को प्रकाश से अतिरिक्त ऊर्जा को हटाने की अनुमति देती है?",4
परमाणु फोटॉन जारी करने का कारण क्या है?,1
दिए गए पैराग्राफ के अनुसार प्रकाश बल्ब के काम करना बंद करने का क्या कारण है?,3
प्रकाश बल्ब को प्रतिस्थापित करते समय निम्नलिखित में से किसे छूना खतरनाक है?,3
"गद्यांश के अनुसार, जब एक नाभिक विभाजित होता है तो क्या होता है?",2
निम्नलिखित में से कौन सा विकल्प पृथ्वी पर वापस आने वाली लंबी दूरी की कॉल को दर्शाता है,2
अंतरिक्ष में टेलीस्कोप रखने के लिए इनमें से किसका उपयोग किया जाता है?,2
"समय बीतने से क्या देखा और दर्शाया जा सकता है, एक सर्पिल घटना जो खुद को दोहराती है?",2
"गद्यांश के अनुसार, घटनाओं के किस पहलू की तुलना करने के लिए हमारे द्वारा समय का उपयोग किया जाता है?",1
"गद्यांश के अनुसार, सिंहासन पर बैठने के लिए उत्तराधिकारियों के लिए निम्नलिखित में से कौन सा सामान्य माना जाता है?",2
"दी गई जानकारी के आधार पर, चार्ल्स ने पहले क्या किया?",2
ट्रिगवेसन का बेड़ा किस देश का था?,4
किस अवधि के दौरान जर्मनी ने एस्टोनिया में सांस्कृतिक प्रभाव डाला?,3
एस्टोनियाई भाषा किससे ली गई है?,2
"गद्यांश के अनुसार, हिंदी को अपनी मातृभाषा के रूप में बोलने वाले लोगों की संख्या किस कारक के आधार पर भिन्न होती है?",1
हिंदी और उर्दू भाषाओं के बारे में निम्नलिखित में से कौन सा कथन सही है?,2
हंगुल लेखन के बारे में निम्नलिखित में से कौन सा सटीक सत्य है?,4
अंत में हनमिन के ज़ांगियम ने क्या बदल दिया?,2
दिए गए परिच्छेद के अनुसार संस्कृत को किन भाषाओं का प्रभाव माना जाता है?,4
"दिए गए गद्यांश के अनुसार,  किस कारण से संस्कृत का प्रयोग कम हुआ है?",4
"गद्यांश के अनुसार, निम्नलिखित में से कौन सा लो पर गुरुत्वाकर्षण के बारे में सटीक कथन है?",1
"गद्यांश के अनुसार, निम्नलिखित में से कौन सा कथन चंद्रमा की बाहरी परत का सटीक वर्णन करता है?",4
"दिए गए परिच्छेद के अनुसार, चंद्रमा की परत सबसे मोटी कहाँ होगी?",3
"गद्यांश के आधार पर, निम्नलिखित में से किस पर कुछ लोगों का विश्वास है?",3
"आप सूर्य के केंद्र से जितना दूर जाते हैं, वह क्या पतला हो जाता है?",3
"गद्यांश के अनुसार,  पृथ्वी से सूर्य का कौन-सा भाग दिखाई देता है?",3
कोपरनिकस के प्रमेय की पुष्टि करने के लिए निम्नलिखित में से किसे माना जाना चाहिए?,1
गैलीलियो गैलिली ने 1610 में निम्नलिखित में से किसे नोटिस किया था?,2
"गद्यांश के अनुसार, अमेज़न नदी के लिए पानी कहाँ से आता है?",1
किस सम्मान का श्रेय अमेज़न नदी को नहीं दिया जाता है?,3
"वेनेज़ुएला किस क्षेत्र में गद्यांश के अनुसार,  कम संख्या में काम करते हैं?",1
"गद्यांश के अनुसार, वेनेजुएला के लोग किस क्षेत्र में बड़ी संख्या में काम करते हैं?",1
"गद्यांश के अनुसार, संलयन सितारों को क्या करने की अनुमति देता है?",3
निम्नलिखित में से कौन सा एक उपयोगी संलयन रिएक्टर निर्मित करेगा?,2
पानी की रासायनिक स्थिति क्या है?,4
"जब जल रूप बदलता है, तो क्या वही रहेगा?",1
"परिच्छेद के अनुसार, कुछ कानूनों को लागू करने की कोशिश करते समय तेरह राज्यों के लिए निम्नलिखित में से कौन सा मुद्दा नहीं था?",1
"परिच्छेद के अनुसार, कौन सा कथन क्रांतिकारी युद्ध के दौरान केंद्र सरकार की स्थिति को सटीक रूप से दर्शाता है?",3
स्वतंत्रता की घोषणा के पीछे शब्द कैसे लिखे गए हैं?,3
सिंगापुर निम्नलिखित में से किसके लिए प्रसिद्ध है?,1
वांडा मिस जोआकिम क्या है?,2
"परिच्छेद के अनुसार, न्यू किंगडम मिस्रवासियों द्वारा गीज़ा पिरामिडों की किस गुणवत्ता पर अचंभित होने की संभावना नहीं थी?",1
"परिच्छेद के अनुसार, वर्षा का पीछा करने के लिए शाकाहारी कहाँ से यात्रा करते हैं?",1
"परिच्छेद के अनुसार, अप्रैल के आसपास किसी समय से शाकाहारी किस क्षेत्र में विदा होते हैं?",1
ऑपरेशन सीलियन किस देश का आक्रमण था?,2
जर्मनी ने ब्रिटेन पर हमले को क्या कहा था?,2
अफ्रीकी देशों पर कब्जा करने की इटली की योजना में एक आवश्यक कदम के रूप में क्या उल्लेख नहीं किया गया है?,3
"परिच्छेद के अनुसार, इटली के युद्ध का प्राथमिक उद्देश्य क्या माना गया था?",1
आक्रमणकारियों के साथ मैत्रीपूर्ण संबंध किसने स्थापित किए?,2
ऑपरेशन ड्रैगून में शामिल सहयोगी कौन थे?,1
किस तकनीक के विकास के कारण पनडुब्बियां पानी के अंदर यात्रा करने लगीं?,4
"अपने पहले प्रयोग के दौरान, पनडुब्बियों की किस क्षेत्र में बहुत सीमित सीमा थी?",3
"परिच्छेद के अनुसार, किसने एक समझौते का उल्लंघन किया?",4
निम्नलिखित में से कौन सा लाल सेना द्वारा नहीं किया गया था?,3
इतालवी दसवीं सेना के इंजीनियर-इन-चीफ का क्या हुआ?,3
इटालो बाल्बो कहाँ मारा गया था?,4
"परिच्छेद के अनुसार, निम्नलिखित में से कौन सी तकनीक तिब्बती ध्यान का एक महत्वपूर्ण हिस्सा है?",3
"""परिच्छेद के अनुसार, तिब्बती ध्यान के """"केंद्र"""" के दौरान चक्र कैसे सक्रिय होते हैं?""",2
कार्यक्रम के दौरान दूसरा भक्ति गीत किसने प्रस्तुत किया?,4
"गद्यांश के अनुसार, भोग लगाने के समय भक्ति गीत किसने प्रस्तुत किया था?",1
क्या था शाम का दूसरा-आखिरी प्रदर्शन?,1
एलेसेंड्रो सफीना किस राष्ट्रीयता का है?,4
"परिच्छेद के आधार पर, निम्नलिखित में से कौन सा कथन सत्य नहीं है?",1
"परिच्छेद के अनुसार, असुविधाजनक ताप स्तर के संबंध में किसने टिप्पणी की थी?",2
सुनामी गतिविधि के कारण कहां बिजली गुल थी?,1
"परिच्छेद के अनुसार, बिजली जाने से टोंगा किस प्रकार प्रभावित हुआ?",4
जॉनी रीड की ड्राइविंग गति को देखने के लिए पुलिस अपनी रडार गन का उपयोग कब करने में सक्षम थी?,1
"गद्यांश के अनुसार, जॉनी रीड की गति को देखना न्यूजीलैंड पुलिस के लिए कठिन क्यों था?",2
बट्टे के संबंध में भूकंप कहाँ केन्द्रित था?,2
अबू ग़रीब में दंगे के दौरान क्या हुआ था?,4
इराकी जेल की बदनामी क्यों हुई?,4
माउ के युद्ध स्मारक स्टेडियम में किस प्रकार का आयोजन किया जाना था?,3
आखिरकार किसने घटना को रद्द करने के संबंध में स्पष्टीकरण दिया?,2
बिश्केक के कई निवासी लूटपाट के लिए किसे जिम्मेदार मानते हैं?,3
लूटपाट के लिए दक्षिण के प्रदर्शनकारियों को किसने दोषी ठहराया?,1
रिंग के अनुभव ने कब बिक्री बढ़ाई?,1
जेमी सिमिनॉफ ने रिंग शुरू करने का फैसला कब किया?,1
रीडिंग रेनबो के प्रत्येक एपिसोड ने बच्चों को किस चीज़ के लिए सुझाव दिए?,4
रीडिंग रेनबो सीरीज़ को रद्द करने में क्या योगदान हो सकता है?,1
पेड़ के संबंध में एम्स्टर्डम और संग्रहालय के अधिकारियों द्वारा निम्नलिखित में से कौन सा तर्क नहीं दिया गया था?,2
"आरएसपिसीऐ के एक मुख्य निरीक्षक के अनुसार, निम्नलिखित में से किसके लिए निरीक्षण मानक होना चाहिए?",4
"परिच्छेद के अनुसार, ऑस्ट्रेलियाई बूचड़खाने के श्रमिकों के लिए पशु कल्याण के महत्व को ठोस बनाने में क्या मदद कर सकता है?",1
"परिच्छेद के अनुसार, गिरफ्तार किए गए व्यक्ति का व्यवसाय क्या है?",1
"परिच्छेद के अनुसार, जब एक और गिरफ्तारी की खबर फैल रही थी, तो कितने पीड़ितों का अंतिम संस्कार किया जा रहा था?",2
"विरोध के जवाब में, कौन सा देश अपने हस्ताक्षरित ऐसीटीऐ समझौते के साथ आगे नहीं बढ़ा?",2
"परिच्छेद के अनुसार, निम्नलिखित में से किस देश ने ऐसीटीऐ में शामिल होने की प्रक्रिया को स्थगित करने का निर्णय लिया?",4
आईपोड के अधिक गर्म होने की घटनाओं के परिणामस्वरूप कितने लोग घायल हुए?,1
किसने कहा कि अति तापकारी घटनाएं बहुत गंभीर नहीं थीं?,4
"अपने भाषण के दौरान, स्टीव जॉब्स ने क्या कहा कि एप्पल पुनः आविष्कार करने जा रहा है?",2
स्टीव जॉब्स के दो घंटे के भाषण का उद्देश्य क्या था?,3
अर्जेंटीना थियेटर में क्रिस्टीना फर्नांडीज डी कर्चनर ने क्या घोषणा की?,1
क्रिस्टीना फर्नांडीज डी किरचनर ने दौड़ने के अपने इरादे की घोषणा कहाँ की थी?,3
बिग ब्रदर के संबंध में एसीएमए के निष्कर्ष क्या थे?,1
इंटरनेट सामग्री माने जाने के लिए मीडिया को किन मापदंडों के अंतर्गत आना चाहिए?,2
ऑस्ट्रेलिया की लिबरल पार्टी के नेता कौन हैं?,1
ऑस्ट्रेलिया में पहले से ही परमाणु ऊर्जा उद्योग क्यों नहीं है?,4
गाइड की मदद से किस स्कीयर ने प्रतिस्पर्धा की?,3
महिलाओं के स्थायी वर्ग के लिए सुपर-जी में कौन सा देश दसवें स्थान पर रहा?,1
"गद्यांश के अनुसार, ब्लेक के बारे में कौन-सा कथन सही नहीं है?",2
"परिच्छेद के आधार पर, ब्लेक के साथ निम्नलिखित में से क्या नहीं हुआ?",3
संयुक्त राष्ट्र के ग्लोबल वार्मिंग फंड का उपयोग किस लिए नहीं किया जाएगा?,2
"परिच्छेद के अनुसार, संयुक्त राष्ट्र क्या बचाने की उम्मीद करता है?",3
"अल्बर्ट मुचंगा द्वारा निम्नलिखित में से किसका उल्लेख नहीं किया गया था, जिस पर अभी भी सहमत होने की आवश्यकता है?",1
"गद्यांश के अनुसार, जुलाई में ट्रेडिंग क्यों शुरू हो सकती है?",2
"परिच्छेद के अनुसार, अटलांटा जर्नल-संविधान ने शिक्षा अधिकारियों पर क्या आरोप लगाया था?",3
परिच्छेद में दी गई जानकारी के आधार पर अटलांटा जर्नल-संविधान की रिपोर्ट में क्या उल्लेख नहीं किया गया था?,3
"परिच्छेद के अनुसार, बमबारी के बाद कौन सी जानकारी ज्ञात होती है?",4
"2017 में मैनचेस्टर सिटी में शामिल होने के बाद से, यीशु ने कितने मैच खेले हैं?",4
किस क्लब में शामिल होने के लिए यीशु ने £27 मिलियन का शुल्क प्राप्त किया?,2
छात्रावास के मेहमानों के बारे में कौन सा कथन सत्य नहीं है?,4
"परिच्छेद के अनुसार, निम्नलिखित में से कौन सा कथन सत्य है?",3
गद्यांश के आधार पर टक्कर के बारे में कौन-सी जानकारी अनिश्चित नहीं है?,2
"परिच्छेद के अनुसार, टक्कर के संबंध में अभी भी क्या निर्धारित करने की आवश्यकता है?",4
"परिच्छेद के अनुसार, सबसे अमीर अमेरिकियों की सूची में बैटन किस स्थान पर था?",3
बैटन ने निम्नलिखित में से किसको दान दिया था?,2
गवर्नर अर्नोल्ड श्वार्जनेगर द्वारा हस्ताक्षरित बिल का हिस्सा क्या नहीं है?,3
"परिच्छेद के अनुसार, जो बातें कही जा रही थीं, उनमें से कौन चूक गया?",3
"परिच्छेद के अनुसार, मिलर के सुनवाई के अनुभव के बारे में निम्नलिखित में से कौन सा सही है?",2
किसने सुझाव दिया कि 'स्वच्छ वायु अधिनियम' में संशोधन किया जाए?,3
"""किसने इस बात का खंडन किया कि """"स्वच्छ वायु अधिनियम"""" को चुनाव पूर्व स्टंट के रूप में इस्तेमाल किया जा रहा था?""",2
सायन्यूरिक एसिड और मेलामाइन यौगिकों ने क्या बनाया जब उन्होंने बिल्ली के मूत्र में दूसरे के साथ प्रतिक्रिया की?,3
शोधकर्ताओं ने इन्फ्रारेड स्पेक्ट्रोस्कोपी का निरीक्षण करने के लिए क्या उपयोग किया?,2
"""लूना को """"चरम की रानी"""" के रूप में किसने संदर्भित किया?""",4
"""किसने लूना को """"अजीब"""" कहा?""",2
दुर्घटना में शामिल ड्राइवर को क्या नहीं हुआ?,3
रग्बी टूर्नामेंट के दौरान दक्षिण अफ्रीका के गेमप्ले के बारे में क्या कुछ खास नहीं था?,3
"गद्यांश के अनुसार, दक्षिण अफ्रीका के खेल में सुधार कब शुरू हुआ?",4
"परिच्छेद के अनुसार, निम्नलिखित में से कौन सा कथन चीन की अर्थव्यवस्था को सही ढंग से नहीं दर्शाता है?",4
"परिच्छेद के अनुसार, चीन का सकल घरेलू उत्पाद संयुक्त राज्य अमेरिका को कब पार कर सकता है?",2
हू ने सुझाव दिया कि विकासशील देश क्या करें?,4
हू द्वारा क्या उल्लेख नहीं किया गया था?,4
निम्नलिखित में से किसके लिए वीरमन ने कहा कि स्थिति अच्छी नहीं थी?,2
अभियोजन पक्ष के कारण हुहने के मंत्रिमंडल का पद कौन ग्रहण करेगा?,1
अभियोजन पक्ष के मद्देनजर व्यापार मंत्री की भूमिका कौन ग्रहण करेगा?,1
केमिली सेंट-सेन्स ओपेरा के दौरान कलाकार दर्शकों को क्या करने के लिए प्रोत्साहित करते हैं?,1
ओपेरा के दौरान मुख्य रूप से जोड़ों का धूम्रपान कौन करता है?,1
"""लियोनोव द्वारा की गई """"स्पेसवॉक"""" का दूसरा नाम क्या है?""",3
लियोनोव ने किस मिशन के सोवियत भाग का नेतृत्व किया?,2
हादसे में कौन-कौन घायल हुआ?,1
हादसे में शामिल लोगों का क्या हुआ?,2
कार्यक्रम पर काम कर रहे वैज्ञानिक निम्नलिखित में से किसके कारण होने वाले प्रभावों को देखने की उम्मीद कर रहे थे?,2
वैज्ञानिक निम्नलिखित में से किस मामले का अवलोकन कर रहे थे?,4
"परिच्छेद के आधार पर, रूढ़िवादियों द्वारा किसकी आलोचना नहीं की जाती है?",2
तूफान कैटरीना के राहत प्रयासों के पुनर्निर्माण अनुबंधों की आलोचना कौन कर रहा है?,1
"परिच्छेद के अनुसार, स्टारडस्ट अंतरिक्ष यान से प्रकाश सबसे पहले कहाँ दिखाई देगा?",2
"परिच्छेद के अनुसार, अंतरिक्ष यान निम्नलिखित में से किसके लिए एक रिकॉर्ड स्थापित करेगा?",3
डॉ मलार बालासुब्रमण्यन सरोजा बालासुब्रमण्यम से कैसे संबंधित थे?,2
सारा बालासुब्रमण्यम का शव कहां मिला?,3
ईबे द्वारा क्या अधिग्रहण किया गया था?,3
ईबे अधिग्रहण के साथ क्या हासिल करना चाहता है?,2
"गद्यांश के अनुसार, लड़ाई के बाद यार्ड में रहने वाले कैदियों के साथ किसने बातचीत नहीं की?",4
निम्नलिखित में से किस कारण अंततः कैदियों को दंगे से पीछे हटना पड़ा?,2
"अयातुल्ला अली खमेनेई की राय में, ईरान देश को खुद को किससे मुक्त करना चाहिए?",4
"परिच्छेद के अनुसार, ईरानी अर्थव्यवस्था पर प्रतिबंधों के प्रभाव को किसने स्वीकार किया?",1
निम्नलिखित में से कौन सा फ्रांस की मतदान प्रक्रिया का हिस्सा नहीं है?,4
मतदाता अपने चुने हुए उम्मीदवार को कहां इंगित करते हैं?,2
किस वजह से एलन ने मुसाशी के लिए आठ साल की खोज शुरू की?,4
"परिच्छेद के अनुसार, एलन ने अपने पैसे का एक महत्वपूर्ण हिस्सा किस पर खर्च किया?",2
"परिच्छेद के अनुसार, निम्नलिखित में से किसके कारण संयंत्र में और उसके आसपास खतरनाक स्थिति उत्पन्न हुई?",1
निम्नलिखित में से कौन सा संयंत्र में घटना के बाद स्थानीय निवासियों को सुझाए गए सुरक्षा सुझावों में से एक नहीं है?,3
"डॉ. मोल के अनुसार, एक्सडीआर-टीबी के बारे में सबसे अधिक चिंता की बात क्या है?",4
नए वैरिएंट से अनुबंधित कितने रोगियों के स्वास्थ्य कार्यकर्ता होने की पुष्टि की गई?,2
नेक्स्टजेन सिस्टम किस प्रकार की तकनीक का उपयोग करता है?,1
नेक्स्टजेन सीधे हवाई यातायात नियंत्रकों को कैसे लाभान्वित करता है?,2
"परिच्छेद के अनुसार, किस पर ध्यान केंद्रित करने के लिए इतिहासकारों ने FBI की आलोचना नहीं की है?",3
अश्लीलता की पहल एफबीआई को क्या करने के लिए मजबूर करती है?,4
जेऐएस 39सी ग्रिपेन के दुर्घटनाग्रस्त होने पर प्रतिक्रिया देने वाले अग्निशमन वाहन का क्या हुआ?,2
"जेऐएस 39सी ग्रिपेन के दुर्घटनाग्रस्त होने के बाद, हवाई अड्डे को किसके लिए बंद किया गया था?",1
ईरानी क्रांति के दौरान ब्रेज़ज़िंस्की ने किसे मार्गदर्शन प्रदान किया?,1
1977 तक राष्ट्रीय सुरक्षा सलाहकार के पद पर कौन रहा?,2
निम्नलिखित में से कौन सा पार्टिज़न बेलग्रेड के साथ बोबेक के करियर को सटीक रूप से नहीं दर्शाता है?,1
पार्टिज़न बेलग्रेड के साथ बोबेक के इतिहास के बारे में कौन सा कथन सत्य है?,1
"परिच्छेद के अनुसार, कौन-सी विशेषता हेस्पेरोनीकस को वेलोसिरैप्टर से अलग करती है?",2
हेस्पेरोनीचस का अर्थ प्रजातियों की किस भौतिक विशेषता से लिया गया है?,1
शूटिंग के संबंध में निम्नलिखित में से कौन सा कथन सत्य है?,4
जिस घटना में गोली चली उसके बारे में कौन सा कथन सही है?,1
"परिच्छेद के अनुसार, लूनो के संबंध में अधिकारियों के बीच प्रारंभिक चिंता क्या थी?",1
"परिच्छेद के अनुसार, लूनो के टूटने के बारे में निम्नलिखित में से कौन सा कथन सत्य नहीं है?",2
अल्जीरिया को किस दशक में स्वतंत्रता मिली?,3
अंत्येष्टि समारोह के लिए टीवी स्क्रीन कहाँ नहीं लगाए गए थे?,4
अंतिम संस्कार समारोह कहाँ आयोजित किया गया था?,3
"विस्फोट के बाद, गंभीर चोटों के लिए किसे इलाज किया गया?",2
गैस रिसाव की सूचना किसने दी?,1
"परिच्छेद के अनुसार, हमले में कितने लोग मारे गए?",2
हमले के दौरान किसका हथियार किसी बिंदु पर फायर करने में विफल रहा?,2
निम्नलिखित में से किस खेल को ओलंपिक कार्यक्रम से बाहर कर दिया गया था?,3
निम्नलिखित में से किस खेल को अंतर्राष्ट्रीय ओलंपिक समिति ने खेलों में शामिल करने के लिए मतदान किया था?,3
आर्थर गिनीज ने मूल रूप से सेंट जेम्स गेट ब्रेवरी को कितने वर्षों के लिए पट्टे पर दिया था?,4
गिनीज प्रत्येक वर्ष लगभग कितने बिलियन डॉलर लाता है?,3
यूरोपीय संघ के कितने देशों में H5N1 वायरस की पहचान की गई है?,3
हेच5एन1 वायरस के नवीनतम मामले की पहचान कहाँ हुई थी?,1
शांति सैनिकों द्वारा फैलाए जाने से पहले हैती का इस बीमारी से आखिरी सामना कब हुआ था?,1
किस स्थान के अपशिष्ट ने रोग के प्रसार में योगदान दिया?,2
आयरिश सरकार क्या करने की योजना बना रही है?,2
आयरलैंड में अस्थायी रूप से कानूनी क्या था?,4
संदिग्ध अपराधी की जांच किस लिए की जा रही है?,1
"संकेत बदलते समय, संदिग्ध ने क्या नहीं किया?",3
"परिच्छेद के अनुसार, निम्नलिखित में से किस पर अंग्रेज़ शिक्षक कार्नो का आरोप नहीं था?",2
"गद्यांश के अनुसार, रोलैंडो मेंडोज़ा ने किसे बंधक नहीं बनाया था?",1
"परिच्छेद के आधार पर, किन बंधकों के जल्दी रिहा होने की पुष्टि नहीं हुई थी?",1
"परिच्छेद के अनुसार, ब्राजील में समलैंगिक विवाह को वैध बनाने के समर्थन में कौन हस्ताक्षर कर रहा है?",1
प्रदर्शनकारी अपनी याचिका किसे देंगे?,3
"आर्मंड वर्साचे के वृत्तांत के अनुसार, भीड़ के मौसम के प्रति प्रतिक्रिया करने से ठीक पहले क्या हुआ था?",4
वर्साचे के अनुसार सबसे तेज हवाएँ कब शुरू हुईं?,1
"फ्रेड से पहले, 35°डब्ल्यू के पूर्व में कितने बड़े तूफ़ान रिकॉर्ड किए गए थे?",3
"जब फ्रेड केप वर्डे द्वीपों के पास स्थित था, तो वह किस दिशा की ओर बढ़ रहा था?",4
निम्नलिखित में से किसके पास अपने पूर्ववर्तियों की तुलना में तेज़ गति है?,1
802.11n को 802.11b के साथ पश्चगामी संगत होने के लिए क्या आवश्यक है?,4
राष्ट्रमंडल खेलों में तैरने के कारण ओलम्पिक स्वर्ण पदक विजेता कितनी स्पर्धाओं में था?,1
ओलंपिक स्वर्ण पदक विजेता अपने दर्द की दवा क्यों नहीं ले रहा था?,4
"परिच्छेद के अनुसार, भूकंप गतिविधि के बारे में भ्रम की स्थिति क्या हो सकती है?",1
"गद्यांश के अनुसार, अवस्था परिवर्तन कब हुआ?",3
चंद्रयान -1 की चंद्र जांच के बारे में निम्नलिखित में से कौन सा कथन सत्य नहीं है?,1
निम्नलिखित में से कौन सा कथन चंद्र जांच का सटीक वर्णन करता है?,2
परिच्छेद के आधार पर रोग से बचाव का कौन सा उपाय सबसे अंत में लागू किया जाएगा?,3
रोग मनुष्यों में कैसे स्थानांतरित होता है?,1
दूसरे वाक्य की विफलता से क्या परिणाम हो सकता है?,2
"गद्यांश के अनुसार,  दूसरा वाक्य कब हटाया गया था?",3
पनामा पेपर्स किसके पास लीक हुए थे?,2
"परिच्छेद के अनुसार, ब्रिटिश प्रेस ने दावा किया था कि धन छिपाने के लिए इस्तेमाल की जाने वाली कई कंपनियों का प्रबंधन कौन कर रहा था?",3
निम्नलिखित में से किस विमान दुर्घटना में सबसे अधिक मृत्यु हुई थी?,1
निम्नलिखित में से कौन सा ईरान में होने वाली असंख्य हवाई दुर्घटनाओं का कारण नहीं है?,2
निम्नलिखित में से किसे इराक स्टडी ग्रुप की रिपोर्ट में शामिल नहीं किया गया था?,2
इराक स्टडी ग्रुप ने अपनी रिपोर्ट में निम्नलिखित में से किसका आग्रह नहीं किया था?,1
पुलिस के अनुसार प्रोवेनज़ानो का दाहिना हाथ किसे माना जाता था?,2
गद्यांश में दी गई जानकारी के आधार पर फैल्कोन की मृत्यु का कारण क्या था?,1
निम्नलिखित में से कौन सा हितोशी साइतो का सम्मान नहीं है?,1
इवासाकी ने प्रतिज्ञा लेने से कहाँ परहेज किया?,2
इवासाकी पर किसने हमला किया?,3
अलोंसो ने अपनी दौड़ कब समाप्त की?,1
किस वजह से शूमाकर ने अपनी दौड़ जल्दी समाप्त कर दी?,4
"गद्यांश के अनुसार, गिरफ़्तार किए गए लोगों की जमानत तय करना किसका काम है?",4
"परिच्छेद में उल्लिखित अस्थायी निरोधक आदेश के अनुसार, 24 घंटे से अधिक समय तक हिरासत में रखने के लिए गिरफ्तारियों को क्या रखने की अनुमति दी जानी चाहिए?",3
"गद्यांश के अनुसार, रद्द केलेल्या मतदानाचे स्पष्टीकरण देण्यासाठी कोणते कारण वापरले जात नाही?",1
राजनेता इस मत को रद्द को अनावश्यक क्यों मानते हैं?,3
न्यायिक सेवा FATA के लिए कौन आपूर्ति करता है?,2
"""FATA के """"राजनीतिक एजेंट्स"""" के बारे में निम्नलिखित में से कौन सा गलत है?""",4
एम्मा स्टोन को किस पुरस्कार के लिए नॉमिनेट किया गया था?,3
फिल्म को किस पुरस्कार के लिए नामांकित नहीं किया गया था?,2
भूकंप के बाद निम्नलिखित में से कौन सा काम करता रहा?,4
"गद्यांश के अनुसार, निम्नलिखित में से किस भूकंपों बड़ा नुकसान पहुंचाया है?",4
"गद्यांश के अनुसार, निम्नलिखित में से कौन सी मुद्दे दस्तावेज़ में शामिल नहीं है?",2
"परिच्छेद के आधार पर, वाहन में सफारी भ्रमण के दौरान आगंतुक को किस प्रकार के जानवर का सामना करने की संभावना है?",2
"गद्यांश के अनुसार, दौरे के दौरान आपकी लागत में क्या कमी आएगी?",4
"गद्यांश के अनुसार, सबसे अच्छी पर्यटक दर के लिए कौन सुरक्षित है?",1
"गद्यांश के अनुसार, सैन फ्रांसिस्को की विश्वव्यापी मान्यता में क्या योगदान दिया?",1
"गद्यांश के अनुसार, सैन फ्रांसिस्को के बारे में निम्नलिखित में से कौन सा कथन सत्य नहीं है?",4
"गद्यांश के अनुसार, किस प्रकार के यात्री को ट्रैवल एजेंट की सेवाओं का उपयोग करने से लाभ होने की संभावना नहीं है?",1
निम्नलिखित में से किस पैराग्राफ में यह उल्लेख नहीं है कि ट्रैवल एजेंट के माध्यम से बुकिंग करने का क्या लाभ है?,1
"दिए गए पैराग्राफ के अनुसार, रियल-टाइम टेक्स्ट का अनुवाद करने वाले वाले ऐप्लिकेशन क्या नहीं कर सकते हैं?",4
अनुवाद को ऑफ़लाइन करने की अनुमति क्या देता है?,3
निम्नलिखित में से कौन सा हिमस्खलन के लिए ट्रिगर नहीं है?,1
"गद्यांश के अनुसार, निम्नलिखित में से कौन सा हिमस्खलन के रूप में नीचे आता है?",1
"गद्यांश के अनुसार, करी किन सामग्रियों के आसपास आधारित है?",2
"कुछ क्षेत्रों में, नारियल के दूध का उपयोग कभी-कभी करी में किस घटक के स्थान पर किया जाता है?",3
पठार पर जाने के लिए ट्रांसअंटार्कटिक पर्वत के चारों ओर झुकाव की आवश्यकता क्यों है?,3
"दक्षिणी ध्रुव ट्रैवर्स के साथ, झंडे के साथ क्या चिह्नित है?",3
"दक्षिणी अफ्रीका की खोज करते समय पर्यटकों को किस बात के बारे में पता होना चाहिए, इसके बारे में गद्यांश में क्या उल्लेख नहीं किया गया है?",3
"गद्यांश के अनुसार, कार द्वारा दक्षिणी अफ्रीका का पता लगाने की तलाश करने वाले पर्यटकों के लिए क्या बुरी सलाह मानी जाएगी?",4
निम्नलिखित में से किस पैराग्राफ में यह उल्लेख नहीं है यदि आप बैग को नोटिस करने में विफल रहते हैं तो इसका क्या प्रभाव पड़ता है?,3
नशीली दवाओं को ले जाने के संबंध में गद्यांश में क्या उल्लेख नहीं किया गया है?,4
किस तरह के पेय पदार्थ का उल्लेख घर पर बनाने की कोशिश के रूप में नहीं किया जाता है?,3
"यदि आपका शहर अपनी पीने की संस्कृति के लिए जाना जाता है, तो आप कहाँ जाना चाहते हैं?",3
कबूतरों की मूर्तियां कहाँ हैं?,2
वित्तीय सहायता का प्रमाण प्रदान करने के लिए किसी को किस तरह के वीजा की आवश्यकता हो सकती है?,4
किसे अक्सर विस्तारित वीजा की आवश्यकता होती है?,3
आपको मच्छरों से कब सावधान रहना चाहिए?,3
"गद्यांश के अनुसार, वर्षावन के माध्यम से ड्राइविंग करते समय मच्छरों से बचने के लिए आपको क्या करने से बचना चाहिए?",1
"दिए गए पैराग्राफ के अनुसार, निम्नलिखित दावों में सुंदरबानों के बारे में क्या सच नहीं है?",2
भारतीय सीमा के भीतर सुंदरवन का कौन सा हिस्सा?,1
"दिए गए पैराग्राफ के अनुसार, अंग्रेजी भाषा की कम से कम सीमित समझ कौन हो सकता है?",2
"गद्यांश के अनुसार, उच्चारण करना कठिन क्या हो सकता है?",2
"गद्यांश के अनुसार, अंतर-जिला स्टेशन से बस लेने की योजना बना रहे यात्री के लिए कौन सा परिदृश्य आदर्श होगा?",1
अंतर जिला बस स्टेशन से पूर्व की यात्रा करने की तलाश करने वाले पर्यटक के लिए अच्छी टिप क्या होगी?,2
निम्नलिखित में से कौन टिम्बकटू के सटीक स्पष्टीकरण की कमी है?,3
टिम्बकटू के बारे में सच्चाई क्या है?,1
ग्रीष्मकालीन ओलंपिक की योजना कब की गई थी?,4
"गद्यांश के अनुसार, किस बिंदु पर फ़नल तूफान बन जाता है?",4
इनमें से कौन तूफान की विशेषता है?,1
"दिए गए पैराग्राफ के अनुसार, यात्री को उस शहर की राजनीतिक स्थिति पर सलाह कहां लेनी चाहिए जहां वह जाने वाला है?",1
यात्रा परामर्श के दौरान विदेशी यात्री को क्या अनुभव होने की संभावना नहीं है?,4
"दिए गए पैराग्राफ के अनुसार, किस प्रकार की यात्रा को ट्रैवल एजेंट से आरक्षण करने के लिए कम से कम सहायता की आवश्यकता होती है?",1
"दिए गए पैराग्राफ के अनुसार, ट्रैवल एजेंट की मदद से राइडर को किन परिस्थितियों में सबसे अधिक लाभ होगा?",2
"गद्यांश के अनुसार, नई जगहों पर जाने पर यात्री की निराशा से बचने में क्या मदद करता है?",1
"प्रदान किए गए पैराग्राफ में जानकारी के आधार पर, विदेश जाने पर किस तरह का व्यक्ति निराश हो सकता है?",3
"पहली बार, जो यात्री बढ़ते देश में जाते हैं, उन्हें किसी भी सलाह की सिफारिश नहीं करनी चाहिए?",2
निम्नलिखित में से किसका उल्लेख विकासशील देश में अनुकूलन करते समय करने के लिए कुछ के रूप में नहीं किया गया है?,3
"निम्नलिखित में से कौन सा विकल्प उस पॉलिसी धारक के लिए सबसे अच्छा होगा जो अपनी पॉलिसी की वर्चुअल कॉपी चाहता है, लेकिन इंटरनेट तक पहुंच नहीं हो सकती है?",3
"गद्यांश के अनुसार, निम्नलिखित में से किसे नीति पर दिखाने की आवश्यकता नहीं है?",4
"गद्यांश के अनुसार, कौन सा नेगेटिव आकार सबसे अधिक उपयोग किए जाने वाले फिल्म प्रारूप को दर्शाता है?",4
निम्नलिखित में से कौन सा फिल्म प्रारूप DSLR के समान रिज़ॉल्यूशन प्रदान करता है?,1
"गद्यांश के अनुसार, यात्रा लेखन व्यवसाय शुरू करने में इनमें से कौन सा अंतिम कदम होगा?",3
"यात्रा लेखन व्यवसाय शुरू करते समय, निम्नलिखित में से किस क्षमता को पहले परिष्कृत किया जाना चाहिए?",1
आंत की समस्याएं आमतौर किस प्रकार की जलवायु मेंपर होती हैं?,3
"गद्यांश के अनुसार, नियमित रूप से संपर्क में आने से किसकी प्रतिरक्षा हो सकती है?",2
शेंगेन क्षेत्र के भीतर यात्रा करने का निम्नलिखित में से क्या लाभ है?,1
तूतनखामुन की कब्र में अब क्या नहीं मिल सकता?,4
"गद्यांश के अनुसार, कौन सा वैंकूवर गंतव्य मूल्य-जागरूक यात्रियों के लिए सबसे कम आकर्षक होगा?",4
"गद्यांश के अनुसार, कौन सा गंतव्य यात्रियों को प्रामाणिक वैंकूवर अनुभव प्रदान करने की सबसे अधिक संभावना है?",1
"गद्यांश के अनुसार, यात्रियों को फॉल्स की यात्रा कब करनी चाहिए यदि वे अबाधित विचारों की तलाश कर रहे हैं?",4
"गद्यांश के अनुसार, नवंबर और मार्च के बीच विक्टोरिया फॉल्स का दौरा करने के लिए क्या फायदा है?",3
"गद्यांश के अनुसार, फिल्माने के लिए ड्रोन का उपयोग करते समय निम्नलिखित में से क्या अनुशंसित नहीं है?",4
"गद्यांश के अनुसार, ड्रोन का उपयोग करके फिल्माने के लिए सबसे अच्छी जगहें कहां हैं?",4
"परिच्छेद के आधार पर, वीजा प्रक्रिया के लिए पंजीकरण आवश्यकता के संबंध में कौन सा कथन सत्य नहीं है?",2
निम्नलिखित में से कौन सा एक ऐसी जगह नहीं है जहां पर्यटक अपने पंजीकरण को संभालने के लिए जा सकता है?,3
यात्रा करते समय स्वयंसेवा करने से किसे लाभ नहीं होगा?,2
"गद्यांश के अनुसार, विदेश में स्वयंसेवा करना एक यात्री के लिए बजट पर कैसे फायदेमंद है?",3
"गद्यांश के अनुसार, वॉल्ट डिज़नी वर्ल्ड की औसत यात्रा का एटिपिकल क्या माना जा सकता है?",2
वॉल्ट डिज़नी वर्ल्ड के बारे में निम्नलिखित में से कौन सा कथन सही नहीं है?,1
"गद्यांश के अनुसार, निम्नलिखित में से कौन सा मुद्दा पेशेवर प्रशिक्षण वर्ग या प्रकाशनों में शामिल नहीं होने की सबसे अधिक संभावना है?",1
"गद्यांश के अनुसार, निम्नलिखित में से कौन सा विषय एक पेशेवर प्रशिक्षण वर्ग में शामिल होने की सबसे अधिक संभावना है?",1
"गद्यांश के अनुसार, संभावित दूषित पानी से बचने के लिए सबसे अच्छा विकल्प क्या है?",2
"गद्यांश के अनुसार, कुशल तैराकों के लिए भी लगभग असंभव क्या हो सकता है?",3
करंट की चपेट में आने पर आपको क्या करना चाहिए?,1
"गद्यांश के अनुसार, किस स्थान पर एक महल का दौरा करना एक सार्थक छुट्टी भ्रमण हो सकता है?",3
"गद्यांश के अनुसार, निम्नलिखित में से कौन सा क्षेत्र में यात्रा करने वाली महिलाओं के लिए अनुशंसित टिप नहीं होगा?",1
"गद्यांश में वर्णित क्षेत्र के आधार पर, महिला यात्रियों के लिए सहायक टिप क्या होगी?",4
"परिच्छेद के आधार पर, किस परिदृश्य में वन्यजीव फोटोग्राफर को विशेषता लेंस का उपयोग करने की आवश्यकता हो सकती है?",1
निम्नलिखित में से कौन सा पैराग्राफ यह उल्लेख नहीं करता है कि वन्यजीव फोटोग्राफरों के लिए क्या चुनौतीपूर्ण है?,3
निम्नलिखित में से कौन सा संभवतः पहाड़ी दर्रों के माध्यम से यात्रा करने वाले ड्राइवर के लिए सबसे कम समस्याएं पैदा करेगा?,1
विभिन्न देशों में आयकर के बारे में क्या सुसंगत रहने की संभावना है?,2
"गद्यांश के अनुसार, यदि आप विदेश में काम कर रहे हैं, लेकिन कहीं और स्थित हैं, तो आप अपने आयकर कहां दाखिल करेंगे?",3
निम्नलिखित में से कौन सा कथन विश्व मेले का सही वर्णन नहीं करता है?,4
निम्नलिखित में से कौन सा विश्व प्रदर्शनी या अंतर्राष्ट्रीय प्रदर्शनी का नियम है?,2
निम्नलिखित में से क्या करने से जानवरों के हमले की संभावना कम हो जाएगी?,2
वन्यजीवों के हमलों के संभावित कारण का क्या उल्लेख नहीं है?,4
निम्नलिखित में से कौन सा फ़िलिस्तीन की मांगों में से एक नहीं है?,2
मा ने किस देश में कानून का अध्ययन किया?,1
"गद्यांश के अनुसार, किस देश ने मा का समर्थन किया चुनाव जीतने में मदद की?",4
"जैसा कि मार्ग में उल्लेख किया गया है, कैरोलिन विल्सन ने शहर छोड़ने से पहले किसके लिए काम किया था?",3
"इस सीजन में चार रेस शेष हैं, ड्राइवर्स चैम्पियनशिप में चौथे स्थान पर कौन था?",4
"गद्यांश में उल्लिखित दौड़ के बाद, ड्राइवर्स चैम्पियनशिप में कहन के कितने अंक हैं?",1
"गद्यांश के अनुसार, मंगल ग्रह की उत्पत्ति साबित होने के बाद लोगों ने कितनी बार क्षुद्रग्रहों को गिरते हुए देखा है?",2
"जैसा कि गद्यांश में बताया गया है, मंगल की उत्पत्ति की चट्टानों की वास्तविक स्थिति क्या है?",4
शूमाकर कब रिटायर हुआ?,2
मासा कब घायल हो गई?,1
"गद्यांश के अनुसार, यह व्यवस्था AOL को कैसे प्रभावित कर सकती है?",3
निम्नलिखित में से क्या नई व्यवस्था की निरंतरता को खत्म कर सकता है?,4
हमले के कितने पीड़ित पुलिस अधिकारी नहीं थे?,1
किसने उस संदिग्ध को सूचित किया जो कथित तौर पर हमले में शामिल था?,1
"चूंकि फ्लोरिडा सभी राज्य का विजेता था, इसलिए मिट रोमनी को क्या दिया गया था?",3
"गद्यांश के अनुसार, चुनाव में गिंगरिच के पास कितने प्रतिशत वोट थे?",2
"गद्यांश के अनुसार, समूह के परिणामों के बाद कौन उम्मीदवार नहीं बना रहा है?",2
"दिए गए पैराग्राफ के अनुसार, गठबंधन के फैसले के बाद एक अन्य उम्मीदवार के बारे में किसने बात की?",2
2015 से पहले शो कहां दिखाया गया था?,1
स्टेशन शो के निश्चित प्रकार के सर्पिल का वर्णन करता है?,3
डेविड हेडली ने आतंकवादी समूह पर हमले को क्या इकट्ठा किया?,1
आतंकवादी समूह ने मुंबई की यात्रा करने के लिए परिवहन के किस साधन का उपयोग किया?,3
कौन सा कथन सटीक रूप से नडाल और रोनिक के ब्रिस्बेन ओपन मैच के पारित में उल्लिखित है?,1
"नडाल और रोनिक के बीच मैच में, पहली सर्व समाप्त होने के बाद वे किस स्थिति में थे?",4
तीन नए नेकेड न्यूज़ ब्रॉडकास्ट्स में किस भाषा के शो को शामिल नहीं किया गया था?,3
"गद्यांश के अनुसार, नए नेकेड न्यूज प्रसारण को किस डिवाइस पर नहीं देखा जा सकता है?",3
कितने प्रतियोगी जायंट स्लैलम खत्म करने में विफल रहे?,4
निम्नलिखित कथनों में चैंपियनशिप में दौड़ के परिणामों को सटीक रूप से दर्शाता है?,2
NBA ने निम्नलिखित में से क्या निलंबित करने का निर्णय लिया?,1
"गद्यांश के अनुसार, वायरस के बारे में NBA की चिंताओं का कारण क्या हुआ?",4
अटलांटा थ्रैशर्स के खिलाफ मैच में वाशिंगटन कैपिटल्स टीम का विजयी गोल किसने किया?,1
इस सीजन में कैपिटल्स वर्सस थ्रैशर्स के लिए मैच में अपना 60 वां गोल करने वाला खिलाड़ी कौन है?,3
नॉर्दर्न रॉक बैंक को सरकार से समर्थन की आवश्यकता कब हुई?,4
"गद्यांश के अनुसार, निम्नलिखित कथनों में नॉर्दर्न रॉक बैंक के साथ वर्जिन ग्रुप के लेनदेन का सही वर्णन क्या है?",2
"जैसा कि मार्ग में उल्लेख किया गया है, क्योटो जलवायु समझौते पर हस्ताक्षर करने से कौन सा देश प्रभावित है?",1
ऑस्ट्रेलिया की पूर्व सरकार को क्या लगता था कि क्योटो की मान्यता से किसे नुकसान होगा?,2
ट्रेल में शूटरों को किस कार्यक्रम के लिए भर्ती किया गया था?,1
कौन सी रिपोर्ट कीटों के लिए नियंत्रण परीक्षण को सटीक रूप से प्रतिबिंबित नहीं करती है?,1
"गद्यांश के अनुसार, विभाजन कहाँ पाया गया?",4
"गद्यांश के अनुसार, उम्मीद से पहले क्या हुआ?",2
वीडियो गेम के दौरान खिलाड़ी को आंदोलनों को संभालने के लिए क्या करना चाहिए?,4
टेलीविज़न रिमोट की तरह लुक में क्या डिज़ाइन किया गया था?,2
समाचार एजेंसी शिन्हुआ की ताजा रिपोर्ट में क्या नहीं कहा गया?,2
शिन्हुआ नई एजेंसी की शुरुआती रिपोर्ट में क्या नहीं कहा गया?,1
रेडियो शो में बोलते हुए सारा डेनियस ने क्या घोषणा की?,4
किससे संपर्क नहीं हो सका?,4
"""किसकी राय थी कि यह प्रतिज्ञा """"एक महत्वपूर्ण कदम"""" थी?""",3
स्लाविया ने विभिन्न देशों के लिए कितने डाक टिकटों का उत्पादन किया?,4
"गद्यांश के अनुसार, टैंक के छिद्रों से लगातार रिसाव का कारण क्या है?",3
रिलीफ वाल्व क्यों खुले?,2
"वर्तमान में, नौवाँ वार्ड में पानी का स्तर कितना अधिक है?",3
"तूफ़ान कैटरीना के दौरान, नौवाँ वार्ड में क्या हुआ?",3
हैमिल्टन द्वारा निम्नलिखित में से किसकी पुष्टि नहीं की गई है?,2
वैज्ञानिक क्या पता लगाना चाहते हैं?,4
"गद्यांश के अनुसार, निर्णय लेने के बंद स्थानीय पुलिस की क्या भूमिका है?",3
निर्णय किए जाने पर पाइप के प्रवेश द्वार का क्या हुआ?,1
"गद्यांश के अनुसार, वाहन द्वारा फोटोग्राफर को टक्कर मारने से पहले वहां क्या नहीं हुआ?",4
फोटोग्राफर वाहन से टकराने से पहले क्या करने की कोशिश कर रहा था?,2
कौन सा कथन वायरस के लिए सकारात्मक परीक्षण के बाद राष्ट्रपति की स्थिति का सटीक वर्णन नहीं करता है?,1
"गद्यांश के अनुसार, राष्ट्रपति के बारे में निम्नलिखित में से कौन सा कथन सत्य है?",3
"गद्यांश के अनुसार, उष्णकटिबंधीय चक्रवात गोनू के कब कमजोर पड़ने की संभावना थी?",3
उष्णकटिबंधीय चक्रवात गोनू के चरम पर हवाएँ कितनी तेज़ थीं?,3
निम्नलिखित में से किसे करेनिया ब्रेविस का लक्षण नहीं माना जाता है?,3
करीना ब्रेविस निम्नलिखित में से कौन सा करने में असमर्थ हैं?,2
"गद्यांश के अनुसार, निम्नलिखित में से कौन सा चक्रवात फेलिसिया के परिणामस्वरूप नहीं हुआ?",4
हरिकेन फ़ेलिशिया के बारे में कौन सा कथन असत्य है?,2
कौन सी रिपोर्ट 2009 में हंगेरियन ग्रैंड प्रिक्स के अंत का प्रतिनिधित्व करती है?,3
कब दुर्घटना हुई?,1
"गद्यांश के अनुसार, निम्नलिखित में से किसने शोधकर्ताओं के मूल विश्वास से कम समय लिया?",4
निम्नलिखित में से कौन शोधकर्ताओं द्वारा रिपोर्ट नहीं किया गया है?,3
कहां होगी काउ परेड?,2
निम्नलिखित में से कौन सा कथन काउपरेड का सटीक वर्णन करता है?,4
किस कारण से रूस ने II-76s के उपयोग को निलंबित कर दिया?,2
II-76 क्या है?,3
द सिम्पसंस के लिए लेखन टीम को किसने नियुक्त किया?,2
"फ्लूक के अनुसार, उसे सकारात्मक टिप्पणियाँ और प्रोत्साहन कौन भेज रहा था?",4
"गद्यांश के अनुसार, कुछ लोग क्या नहीं चाहते थे कि महिलाएँ इसके बारे में बोलें?",3
"गद्यांश के अनुसार, कौन सा ग्रह पिंड सर्वाधिक गतिशील है?",1
"किस ग्रह नदियों और झीलों में, जो पानी की तरह पारदर्शी हैं, की पहचान की गई है?",2
निम्नलिखित में से कौन सा निष्कर्ष पंखों के लिए नहीं है?,4
डायनासोर के पंख में क्या नहीं था?,2
निम्नलिखित में से कौन सा ZMAP के दावों में सही नहीं है?,2
निम्नलिखित में से कौन सा कथन PALM परीक्षण का सटीक वर्णन करता है?,2
वैज्ञानिकों को कहां लगता है कि नई चिप बहुत महत्वपूर्ण होगी?,1
डायग्नोस्टिक उपकरण के निर्माण के लिए किस विधि का उपयोग किया जाएगा?,3
"गद्यांश के अनुसार, लोबेट स्कार्पियों के अवास्तविक दावा क्या है?",2
"गद्यांश के अनुसार, भू-आकृतियों के संबंध में कौन-सा सिद्धांत यह दर्शाता है कि चंद्रमा पर भूगर्भिक गतिविधि हो रही है?",4
"गद्यांश के अनुसार, अभियोग आने तक और क्या नहीं होगा?",1
"गद्यांश के अनुसार, मुहर लगाने वालों के लिए वर्तमान समस्या क्या नहीं है?",4
अन्य कारक क्या हैं जो बर्फ के अलावा वसूली के प्रयासों को प्रभावित करते हैं?,2
रॉबर्ट्स ने पुष्टि करने से इनकार कर दिया कि कौन सी आशा है?,3
रॉबर्ट्स ने विषय के विषय पर चर्चा करने का सबसे आदर्श महसूस किया?,1
प्रकाश की दो किरणें कहाँ चमक रही हैं?,1
"दिए गए पैराग्राफ के अनुसार, साइट पर नई गगनचुम्बी इमारतों का निर्माण कब चल रहा है?",4
सेवन सिस्टर्स की गुफाओं के बारे में यहाँ क्या जानकारी कही गई है?,1
सेवन सिस्टर्स का ऊष्मीय व्यवहार कैसे देखा जाता है?,1
"गद्यांश के अनुसार, संदिग्ध व्यक्ति का अवास्तविक दावा क्या है?",1
हमले के संबंध में अधिकारियों द्वारा क्या जानकारी की पुष्टि की जाती है?,2
एलिस पार्क में होने वाले मैच में कौन सी टीमें खेलेंगी?,3
स्प्रिंगबोक्स अपना अगला मैच कहाँ खेलेंगे?,3
निम्नलिखित में से किसने मिशन के दौरान अंतरिक्ष स्टेशन पर समस्याएं पैदा कौन सा?,1
"गद्यांश के अनुसार, अंतरिक्ष स्टेशन के मिशन का लक्ष्य क्या था?",3
इस मामले के बारे में निम्नलिखित में से कौन सा दावा सच नहीं है?,4
निम्नलिखित में से कौन सा कथन मामले का सटीक वर्णन करता है?,4
"गद्यांश के अनुसार, विडाल ने तीन सत्र पहले किस क्लब के लिए खेलना शुरू किया था?",3
विडाल ने बारका के लिए कितने खेल खेले हैं?,1
इस मैच में विपक्ष कौन है?,2
जार्क होटल में क्यों ठहरा हुआ था?,3
जकार्ता भूभौतिकी एजेंसी ने चेतावनी क्यों नहीं दी?,4
"गद्यांश के अनुसार, भूकंप किस कारण से आया था?",4
इनमें से कौन सा सूर्य और अन्य सितारों के संचालन को उत्तेजित करता है?,3
किसी सितारे का रॉस्बी नंबर कैसे निर्धारित किया जाता है?,1
सर्वेक्षण में शामिल कितने प्रतिशत लोग ऑस्ट्रेलिया के तत्काल गणतंत्र बनने का समर्थन करते हैं?,2
जूली गिलार्ड के अनुसार ऑस्ट्रेलिया को गणतंत्र कब बनना चाहिए?,2
कौन सा निकाय कानून की जांच के अधीन है?,3
क्लिफ स्टर्न्स किस समूह का राष्ट्रपति है?,4
"गद्यांश के अनुसार, स्विस महिला को क्या नहीं हुआ?",2
2007 ताइवान मानक पुरस्कार किस कंपनी से सम्मानित किया गया?,3
ASUS Eee PC क्या है?,2
गुम डाक दस्तावेजों के लिए कौन जिम्मेदार था?,3
"गद्यांश के अनुसार, गुमशुदा दस्तावेजों के संबंध में माफी किसने जारी की?",4
डेल पोत्रो को अपने कंधे की समस्या का समाधान कब करना पड़ा?,3
पहले टाई ब्रेक का नतीजा क्या रहा?,1
"जैसा कि परिच्छेद में कहा गया है, विशेष रूप से, कौन रोगी के संपर्क में आया था?",2
"गद्यांश के अनुसार, टेक्सास के नागरिकों को संबोधित करते समय गवर्नर क्या गारंटी नहीं दिया?",4
UW में दो पूर्व छात्रों द्वारा बनाया गया व्यंग्य शो क्या है?,4
"दिए गए पैराग्राफ के अनुसार, इनमें से कौन ओनियन पत्रिका में व्यंग्य शो में शामिल नहीं है?",2
"गद्यांश के अनुसार, पुलिस किस पर पहरा दे रही थी?",3
वह समय क्या समय है जब पुलिस ने प्रदर्शनकारियों को ट्रैफिक की भीड़ से बचने के लिए फुटपाथ पर जाने का आदेश दिया?,4
डॉ एहुद उर द्वारा किए गए शोध में सच्चाई क्या है?,2
"दिए गए पैराग्राफ के अनुसार, डॉ. उर को संशयवादी में क्या है?",1
निम्नलिखित में से कौन सा कथन उड़ान CG4684 के दुर्घटनाग्रस्त होने का सटीक वर्णन नहीं करता है?,3
किस वजह से फ्लाइट CG4684 की लैंडिंग रद्द हुई?,4
"इस मार्ग के आधार पर, फ्रांसिसज़ेक कोवल के अनुभव के बारे में निम्नलिखित में से कौन सा दावा वास्तविक है?",2
ट्रॉपिकल स्टॉर्म डेनिएल के संभावित प्रभाव को मापना चुनौतीपूर्ण क्यों है?,4
"गद्यांश के अनुसार, ट्रॉपिकल स्टॉर्म डेनिएल के बारे में निम्नलिखित में से कौन सा कथन सत्य नहीं है?",4
"गद्यांश के अनुसार, वैश्विक महामारी उत्पन्न करने से पहले रोग के साथ क्या होने का सुझाव दिया गया है?",1
"गद्यांश के अनुसार, तूफान फ़ुज़ियान से कितनी दूर था?",3
जॉर्ज डब्ल्यू. बुश के एशिया आगमन पर उनका स्वागत किसने किया?,4
राष्ट्रपति ने एशिया के व्यापार विस्तार के बारे में कब बात की?,4
"गद्यांश के अनुसार, निम्नलिखित में से कौन सा सरकार का समग्र लक्ष्य है?",4
सरकार ने क्या घोषणा की?,1
"गद्यांश के अनुसार, क्या जानकारी जाना जाता है?",1
विरोध प्रदर्शनों को लेकर इस रिपोर्ट में सच्चाई की कमी क्या है?,3
CEP के इस्तीफे की सिफारिश करने वाला कौन था?,3
"बयान के अनुसार, नासर द्वारा एथलीटों के साथ दुर्व्यवहार के बाद यूएसए जिमनास्टिक्स द्वारा किसका समर्थन नहीं किया गया है?",1
"बयान के अनुसार, यूएसए जिमनास्टिक्स और यूनाइटेड स्टेट्स ओलंपिक कमेटी दोनों का आगे बढ़ने का मुख्य लक्ष्य क्या है?",4
घटना के समय जहाज कहां जा रहा था?,3
"वाक्य के अनुसार, कौनसा देश ने कैप्टिव फाइटर का भोज लेना का सोचा था?",invalid
अमेरिकी सैनिकों पर रिपोर्ट किसने दी?,4
"बयान के अनुसार, किस देश ने बंदी लड़ाकों को पकड़ना की जिम्मेदारी संभाली?",4
दुर्घटना का कारण क्या माना जा रहा है?,2
किस तरह के इलाके में क्या यह दुर्घटना हुई?,4
बाढ़ के बाद अधिकारी क्या मानते हैं?,1
बांध के निर्माण ने निम्नलिखित में से किसे स्थायी रूप से प्रभावित किया?,3
"गद्यांश के अनुसार, संयुक्त राज्य अमेरिका को संभावित हमलों के बारे में किसने जानकारी दी?",3
निम्नलिखित दावों में चरमपंथियों की आक्रामक योजना का सही वर्णन क्या है?,2
निम्नलिखित में से कौन वकील नहीं है?,4
लोगों के किस समूह का ग्रीक कानूनी समुदाय के भीतर घोटाले का हिस्सा होने के रूप में उल्लेख नहीं किया गया है?,4
भारत के कितने विकेट गए?,2
"गद्यांश के अनुसार, पारी का सर्वोच्च स्कोर क्या था?",1
निम्नलिखित में से क्या एडम गुएर्टन की नाराजगी का कारण नहीं है?,1
"गद्यांश के अनुसार, साइट से क्या हटाया गया था?",1
"गद्यांश के अनुसार, आमिर खान निम्नलिखित में से किसका समर्थन नहीं करता है?",1
"गद्यांश के अनुसार, आमिर खान अपनी व्यक्तिगत राय के बावजूद निम्नलिखित में से किसका समर्थन करेंगे?",3
पीटर लेन्ज़ की मृत्यु कब हुई थी?,3
जेवियर ज़ायत कौन है?,2
किस स्थिति में किसी हवाई जहाज़ की आंतरिक कार्यप्रणाली को समझने से एक व्यग्र यात्री को लाभ होने की संभावना होगी?,2
"परिच्छेद के आधार पर, मूल्य-सचेत यात्री को निम्नलिखित में से कौन सा टिकना चाहिए?",3
"गद्यांश के अनुसार, सर्वोत्तम संभव उड़ान कीमतों को सुरक्षित करने के लिए यात्रियों को सबसे पहले क्या करना चाहिए?",2
डिलीवरी के साथ साथी की आवश्यकता कब होती है?,3
"परिच्छेद के आधार पर, जब यात्री को अनुबंध मोड में सावधानी से चुना जाता है तो आप निम्नलिखित को क्यों प्राथमिकता देते हैं?",4
"गद्यांश के अनुसार, कौन अधिक फ़्रीक्वेंट फ़्लायर पॉइंट ऑफ़र कर सकता है?",1
"गद्यांश के अनुसार, अत्यधिक शराब के सेवन से निम्नलिखित में से कौन सी इंद्रियां क्षीण हो सकती हैं?",2
"जैसा कि दिए गए मार्ग में कहा गया है, हानिकारक शराब के प्रभावों से क्या कम किया जा सकता है?",3
एम्स्टर्डम का उच्चतम संपत्ति मूल्य कहाँ स्थित है?,1
यूनेस्को ने नहर को विश्व धरोहर स्थल के रूप में क्यों घोषित किया?,1
"प्रदान किए गए पैराग्राफ के अनुसार, निम्नलिखित में से कौन सा नोम क्रॉम में आगमन के योग्य है?",1
"गद्यांश के अनुसार, दर्शकों को नोम क्रॉम में प्रवेश करने के लिए क्या करना चाहिए?",3
"गद्यांश के अनुसार, निम्नलिखित में से कौन सा एक पर्यटक को अंटार्कटिका जाने से रोक सकता है?",1
पर्वतारोहण में रुचि रखने वाला पर्यटक अंटार्कटिका के किस भाग में जा सकता है?,2
पूर्व आधुनिक वेधशाला कहाँ स्थित होने की सबसे कम संभावना है?,3
आधुनिक अनुसंधान दूरबीनों को कहां रखा जाए?,4
"गद्यांश के अनुसार, शांत समुद्र तट दिवस के लिए कौन सा क्षेत्र सर्वोत्तम होगा?",3
"दिए गए पैराग्राफ के अनुसार, तैराकी के लिए कौन सा हिस्सा सुरक्षित है?",1
"परिच्छेद में वर्णित स्थान का दौरा करते समय, निम्नलिखित में से किसे अनुचित माना जाएगा?",2
निम्नलिखित में से कौन सा रचना लिंग्वा फ़्रैंकस का वर्णन करता है?,4
कौन सा कथन सहायक भाषाओं का सटीक वर्णन नहीं करता है?,1
"दिए गए पैराग्राफ के अनुसार, सर्दियों के दौरान यात्रा जहाज के यात्रियों को क्या करना चाहिए?",1
"गद्यांश के अनुसार, यदि किसी यात्री का क्रूज गर्मियों में होता है, तो वे किससे बचने में सक्षम हो सकते हैं?",2
केवल कैटलन में बार्सिलोना में संकेत और सूचनाएं क्यों हैं?,2
बार्सिलोना की मेट्रो प्रणाली द्वारा नियमित घोषणाओं के लिए निम्नलिखित में से किस भाषा का उपयोग किया जाता है?,2
"परिच्छेद के आधार पर, निम्नलिखित में से लक्जरी बिस्तर और नाश्ते के लिए कोई प्राथमिकता नहीं दी गई है?",4
"परिच्छेद के आधार पर, निम्नलिखित में से लक्जरी बी&बी के बीच प्रतिस्पर्धा के मुख्य बिंदु कौन से नहीं है?",1
"गद्यांश के अनुसार, निम्नलिखित में से कौन सा 2022 में बीजिंग में आयोजित नहीं किया जाएगा?",2
"गद्यांश के अनुसार, 2022 में बीजिंग द्वारा निम्नलिखित में से कौन सा आयोजित किया जाएगा?",2
एवियन इन्फ्लुएंफा द्वारा सबसे अधिक जोखिम कौन है?,3
"दिए गए मार्ग के अनुसार, निम्नलिखित में से किस कथन को सटीक रूप से पक्षी बुखार के रूप में वर्णित किया गया है?",3
व्हाइट सी बैल्टिक नहर में कौन सा समुद्र जुड़ता है?,3
"दिए गए पैराग्राफ के अनुसार, यात्रियों के लिए बिना किसी परेशानी के यात्रा करते समय पासपोर्ट किस प्रकार के वाहन पर खरीदे जाएंगे?",2
"दिए गए पैराग्राफ के अनुसार, कुछ सीमा पार ट्रेनें आपके पहचान दस्तावेज की जांच कब करेंगी?",4
सिंगापुर के उच्च उष्णकटिबंधीय क्षेत्र में रहने पर अक्सर क्या समस्याएं उत्पन्न होती हैं?,3
जर्मन पेस्ट्री खाने से कौन बच सकता है?,1
जर्मन पेस्ट्री मौसम का मुख्य आकर्षण कौन सा घटक माना जाता है?,1
"दिए गए पैराग्राफ के आधार पर, कौन सी टिप कम लागत पर यात्रा करने की सिफारिश नहीं की जाती है?",3
"गद्यांश के अनुसार, बहुत कम बजट पर यात्रा करने के लिए कौन मुश्किल हो सकता है?",4
निम्नलिखित में से कौन सा कथन पॉइंट मैरियन और फेयरमोंट के बीच ड्राइव का सटीक वर्णन नहीं करता है?,3
"दिए गए पैराग्राफ के अनुसार, बफ़ेलो-पिट्सबर्ग राजमार्ग पर यात्रा करते समय ड्राइवरों की चिंता क्या है?",3
कैन्यनियरिंग शुरू करने के लिए निम्नलिखित में से कौन आवश्यक नहीं है?,2
ऊर्ध्वाधर घाटी यात्रा की सफलता के लिए निम्नलिखित में से कौन सा आवश्यक है?,4
"दिए गए पैराग्राफ के अनुसार, कार में स्टे प्लानर की क्या मददगार होगा?",1
"गद्यांश के अनुसार, अगर वे रडार के नीचे रहना चाहते हैं तो उन्हें क्या बचना चाहिए?",3
"दिए गए पैराग्राफ के अनुसार, दूसरी बार कैसाब्लांका का निर्माण किसने किया?",4
प्राकृतिक आपदा के बाद कसाबलंका के आधुनिक शहर को किसने छोड़ दिया?,2
"गद्यांश के अनुसार, विदेशियों के बीच सिंट्रा को कैसे मान्यता दी गई?",3
जो आर्मेनिया द्वारा मान्यता प्राप्त नहीं है?,4
अज़रबैजान और आर्मेनिया के बीच संबंधों को क्या प्रभावित कर रहा है?,4
वे चार्लोट में टैक्सी के लिए अधिक शुल्क क्यों लेते हैं?,2
"दिए गए पैराग्राफ के अनुसार, बच्चों के साथ शार्लोट में रहने का नुकसान क्या है?",2
चिली के उत्तरी भाग को स्पेनिश के आने से पहले किसने नियंत्रित किया?,4
"गद्यांश के अनुसार, निम्नलिखित में से कौन सा 1810 में नहीं हुआ था?",2
लोग लिकुरुरिया के दूर के गांवों में कैसे जाते हैं?,3
इतालवी शब्द 'सिंक टेरे' का क्या अर्थ है?,1
"गद्यांश के अनुसार, सर्दियों में फिसलन वाली सड़कों पर चलने पर किस तरह का बूट उचित है?",2
सर्दियों में सड़क पर बर्फ होने पर जूते को पकड़ देने में क्या मदद नहीं करता है?,4
हवाई और कुक द्वीपों के बीच निम्नलिखित में से कौन सी एकता है?,3
निम्नलिखित में से कौन कुक द्वीपों का सटीक वर्णन नहीं कर रहा है?,3
निम्नलिखित में से रेंजर स्टेशनों के आश्रय में दो प्रकार के विकल्प क्या हैं?,1
"गद्यांश के अनुसार, यदि आप क्रेडिट कार्ड के बजाय पैसे का भुगतान करना चाहते हैं तो आप पार्क परमिट टिकट कहां से पंजीकृत कर सकते हैं?",2
"गद्यांश के अनुसार, तेज इलाके में किस तरह की स्कीइंग की जाती है?",3
"दिए गए पैराग्राफ के अनुसार, बैककंट्री स्कीयर की गति बढ़ाने में क्या मदद करता है?",3
उन यात्रियों के लिए क्या मुश्किल है जो पुन: प्रवेश के झटके का आनंद लेते हैं?,4
"गद्यांश के अनुसार, किस तरह के यात्री के लिए पुन: प्रवेश झटका विशेष रूप से कठिन हो सकता है?",2
लोग मूस के साथ क्या करने से बचना चाहिए?,4
"गद्यांश के अनुसार, निम्नलिखित दावों में मूस के बारे में क्या सच नहीं है?",2
"गद्यांश के अनुसार, निम्नलिखित में से कौन सा रेगिस्तानी यात्री के लिए खतरा है?",1
निम्नलिखित में से कौन सा रेगिस्तान में यात्रा करने वालों के लिए खतरा नहीं है?,2
"गद्यांश के अनुसार, खोजकर्ताओं के आगमन के बाद किस समूह की आबादी बहुत प्रभावित हुई थी?",3
"गद्यांश के अनुसार, कैरिब्स द्वारा कौन सी भाषा बोली जाती थी?",4
स्कीइंग को मनोरंजक गतिविधि के रूप में लोकप्रिय बनाने का श्रेय किसे दिया जा सकता है?,2
"गद्यांश के अनुसार, स्कीइंग को पहली बार खेल के रूप में किस समय के आसपास मान्यता दी गई थी?",4
निम्नलिखित में से कौन सा आम तौर पर पूर्वी अफ्रीकी तट से दूर सबसे बड़े द्वीप से जुड़ा हुआ है?,3
पूर्वी अफ्रीकी द्वीपों में छोटे द्वीपों की विशेषता इसमें क्या नहीं है?,3
"गद्यांश के अनुसार, अधिकांश पारंपरिक चर्च ईस्टर पूजा कैसे मनाते हैं?",2
क्यूबा के लोगों को कुछ आवश्यकताओं से बचने के लिए माध्यम से इक्वाडोर में प्रवेश करने से पहले क्या करना चाहिए?,4
इक्वाडोर की यात्रा आवश्यकताओं को पूरा नहीं करने वाली कौन सी सीमाएं हैं?,3
निम्नलिखित में से कौन विदेशी की तुलना में घर पर अधिक महंगा है?,2
विदेशों में हाई एंड फ्रेम खरीदने के संभावित जोखिम क्या हैं?,3
निम्नलिखित में से कौन सा दावे यह तथ्य है कि फ़ॉकलैंड्स में मुद्रा का उपयोग?,4
"परिच्छेद के आधार पर, संयुक्त राज्य अमेरिका से फ़ॉकलैंड्स में यात्रा करते समय, क्रेडिट कार्ड के अलावा भुगतान का रूप विशेष रूप से उपयोगी हो सकता है?",3
कौन सी घटना मंदिर त्योहारों के उत्सव से जुड़ी नहीं है?,1
सजाए गए हाथियों को कहाँ देखना है?,3
"गद्यांश के अनुसार, निम्नलिखित में से कौन सा व्यवसाय या प्रथम श्रेणी के हवाई किराए पर पैसे बचाने का सबसे संभावित तरीका है?",1
"दिए गए पैराग्राफ के अनुसार, कुछ सशुल्क कक्षाओं की बुकिंग करते समय अपना समय बर्बाद करने का क्या कारण है?",1
शुल्क की तुलना में अफ्रीका जाने के लिए दुनिया भर में आपके थोक मूल्य बिंदु को क्या शामिल नहीं किया गया है?,3
"गद्यांश के अनुसार, सुपरमार्केट के सबसे विविध क्षेत्रों में तेजी से वृद्धि के रूप में वे क्या पेशकश करना शुरू कर रहे हैं?",1
कुछ सुपरमार्केट द्वारा प्रदान की जाने वाली सुविधा तैयार भोजन खरीदने वाले ग्राहक को क्या पसंद आ सकती है?,1
फ्रेंच भाषी बेल्जियम और स्विस नागरिक निम्नलिखित में से किसे नहीं समझ सकते हैं?,2
निम्नलिखित में से कौन सा फ्रांस में बेल्जियम या स्विट्जरलैंड के समान नहीं है?,2
किस परिदृश्य में आपको शोक किराए की पेशकश नहीं की जा सकती है?,2
नुकसान की दुखद यात्रा शुल्क की सच्चाई क्या है?,4
स्टैंडअलोन जीपीएस डिवाइस का उपयोग जीपीएस नेविगेशन ऐप की तुलना में अधिक सुविधाजनक कब होगा?,3
एक पूर्ण जीपीएस डिवाइस के विकल्प के रूप में जीपीएस मार्गदर्शन अनुप्रयोगों का उपयोग करने का एक अच्छा कारण नहीं है?,1
"गद्यांश के अनुसार, हम यह कैसे कह सकते हैं कि हम सही जहाज में यात्रा कर रहे हैं?",3
"गद्यांश के अनुसार, मेहमानों को जुआ खेलने के लिए निम्नलिखित में से किसका उपयोग रणनीति के रूप में नहीं किया जाता है?",1
"गद्यांश के अनुसार, अच्छे जुआरी को क्या बचना चाहिए?",1
"दिए गए पैराग्राफ के अनुसार, एक वाक्य के बीच में, किस प्रकार के शब्द श्रेणी पत्र के तहत आएंगे?",2
जब संज्ञाएं कैपिटल लेटर में होती हैं तो क्या कठिन होता है?,3
"""ग्रामीण इलाकों में मलेशियाई में, """"आओ"""" के लिए क्या इशारा किया जाना चाहिए?""",1
"""गद्यांश के अनुसार, किस इशारे का अर्थ """"वापस आओ"""" हो सकता है?""",1
"गद्यांश के अनुसार, क्रेवेस का क्या कारण है?",2
"गद्यांश के अनुसार, कौन से बर्फ पुल छिपाए जा सकते हैं?",1
"प्रदान किए गए पैराग्राफ के आधार पर, यात्रियों को किस स्थान पर जाने से पहले अतिरिक्त सावधानी बरतनी चाहिए?",2
निम्नलिखित में से कौन सा गोमा में एक पर्यटक के लिए एक अच्छा टिप नहीं होगा?,4
अगस्त में शुरुआती तारीख के लिए बैककंट्री परमिट कब मिलेगा?,2
कन्या की रक्षा के लिए कौन सी नीति ली गई है?,4
गद्यांश में वर्णित होटलों के प्रकार में निम्नलिखित में से कौन सा पाया जाने की संभावना सबसे कम है?,4
"गद्यांश में प्रस्तुत जानकारी के आधार पर, होटल के मेहमानों को निम्नलिखित में से किस पेशकश को प्राथमिकता देने की संभावना कम से कम होगी?",4
"गद्यांश के अनुसार, ग्रीनलैंड जाने वाले यात्रियों को क्या करने से बचना चाहिए?",4
"गद्यांश के अनुसार, ग्रीनलैंड जाने वाले बिना तैयारी वाले यात्रियों के लिए निम्नलिखित में से कौन सा समस्याग्रस्त होने की सबसे अधिक संभावना है?",3
निम्नलिखित में से किसका उपयोग अब केंद्रीय प्लाजा के रूप में किया जाता है?,1
"गद्यांश के अनुसार, निम्नलिखित में से कौन सा जार्डिन डे ला यूनिऑन में नहीं पाया जाता है?",4
"परिच्छेद के आधार पर, दिन की लंबी पैदल यात्रा के बारे में निम्नलिखित में से कौन सा कथन गलत माना जाएगा?",4
"गद्यांश के अनुसार, एक दिन की वृद्धि के लिए बहुत कम तैयारी की आवश्यकता कब होती है?",2
नॉर्वे के बाकी हिस्सों की तुलना में रोगलैंड या अगडर में पठारों के बारे में क्या अलग है?,4
"दिए गए पैराग्राफ के अनुसार, निम्नलिखित में से कौन नॉर्वे के लिए आम नहीं है?",2
स्कीइंग में रुचि रखने वाले पर्यटकों को हिल स्टेशनों पर कब जाना चाहिए?,1
"गद्यांश के अनुसार, हिल स्टेशनों पर आमतौर पर सबसे अधिक पर्यटक कब होते हैं?",3
यदि आप मदद की तलाश में नाव खोजने की उम्मीद कर रहे हैं तो आपको क्या करने से बचना चाहिए?,4
मदद की ज़रूरत वाली नाव की खोज करते समय आपको मरीना के आसपास क्या करना चाहिए?,1
कौन सी जगह द्वीप के औपनिवेशिक इतिहास में रुचि रखने वाले पर्यटकों को आकर्षित करती है?,1
कौन सा स्थान उन पर्यटकों से अपील करेगा जो चौंकाने वाले दृश्यों को प्राथमिकता देते हैं?,4
कुछ काठी में क्या होता है जो सवार के पैर के हलचल में फंसने के जोखिम को कम करने में मदद करता है?,2
राइडिंग बूट की कौन सी विशेषता स्टिरअप का उपयोग करते समय राइडर की सुरक्षा बढ़ाने में मदद करती है?,3
आतिथ्य विनिमय नेटवर्क के माध्यम से यात्रियों को क्या पेशकश की जाती है?,1
"परिच्छेद के आधार पर, आतिथ्य विनिमय नेटवर्क के संबंध में निम्नलिखित में से कौन सा कथन सत्य नहीं है?",1
"गद्यांश के अनुसार, किस प्रकार के अतिथि को एक साझा छात्रावास के कमरे में पाए जाने की संभावना सबसे कम है?",3
"परिच्छेद के आधार पर, एक छात्रावास में रहने की सबसे अधिक संभावना कौन है?",2
"गद्यांश के अनुसार, निम्नलिखित में से कौन सा दावे बुमेरांग को उड़ाने का सही वर्णन नहीं करता है?",1
निम्नलिखित में से कौन मुख्य रूप से जावनिस व्यंजनों में उपयोग किया जाता है?,3
"गद्यांश के अनुसार, एक संक्रामक बीमारी कैसे फैलती है?",1
"गद्यांश के अनुसार, संक्रामक बीमारी का कारण क्या नहीं जाना जाता है?",1
क्या उपयोगकर्ता के लिए व्यक्तिगत वीपीएन प्रदाता पर वेब प्रॉक्सी चुनना पर्याप्त है?,2
"गद्यांश के अनुसार, वीपीएन और वेब प्रॉक्सी के बारे में निम्नलिखित में से कौन सा दावा सही नहीं है?",4
किसी को अपने तत्काल हिस्से के बाहर एक फोन कंपनी का उपयोग करने की अनुमति क्या है?,1
"गद्यांश के अनुसार, कुछ कॉल प्राप्त करने के लिए क्या करने की आवश्यकता हो सकती है?",1
निम्नलिखित में से कौन सा इतालवी शब्दों के उच्चारण द्वारा सटीक रूप से वर्णित नहीं है?,4
दी गई विशेषताओं में से इज़मिर की कौन सी विशेषता आज के दौर से पहले की है?,4
निम्नलिखित में से क्या इज़मिर की विशेषता नहीं है?,2
हनामी शब्द किस को देखने को संदर्भित करता है?,1
चेरी के फूलों को देखने के लिए समर्पित पहली पार्टियों की मेजबानी किसने की?,3
"गद्यांश के अनुसार, यरूशलेम के निम्नलिखित पहलुओं में से कौन सा पर्यटन को आकर्षित करने की सबसे कम संभावना है?",2
निम्नलिखित में से किस अनुच्छेद में यह उल्लेख नहीं है कि यरूशलेम किस लिए जाना जाता था?,2
"गद्यांश के अनुसार, वाइल्ड कार्ड खरीदने से किस प्रकार के यात्री को लाभ नहीं होगा?",2
किस बयान ने क्रूगर नेशनल पार्क का सही वर्णन नहीं किया?,3
निम्नलिखित में से कौन सा पहाड़ के सबसे तेज हिस्सों में पर्वतारोहियों के लिए खतरा पैदा करने की सबसे अधिक संभावना है?,1
निम्नलिखित में से कौन सा दावे मार्ग में वर्णित माचू पिचू पर्वत की चढ़ाई को सही ढंग से प्रतिबिंबित नहीं करता है?,2
"मार्ग के अनुसार, इनमें से कौन मेजरन व्यंजनों का मुख्य आधार नहीं है?",3
"गद्यांश में दी गई जानकारी के आधार पर, हांगी भोजन के बारे में कौन सा कथन सत्य नहीं है?",1
हांगी गड्ढे को गर्म करने के लिए निम्नलिखित में से किसका उल्लेख एक विशिष्ट तरीके के रूप में नहीं किया गया है?,1
भिक्षु या नन से विशेष मान्यता का क्या परिणाम हो सकता है?,1
निम्नलिखित कपड़ों में से कौन सा सामान मठ से उधार लेने के लिए उपलब्ध होने की संभावना नहीं है?,2
अंटार्कटिक क्षेत्रों का दौरा करते समय एक दर्शक तारों को देखने की अधिक संभावना कब दिखेंगे?,3
सैटेलाइट फोन सेल फोन के लिए व्यवहार्य प्रतिस्थापन कब नहीं होगा?,1
सैटेलाइट फोन सेल फोन से बेहतर कब होगा?,2
निम्नलिखित में से किस पर संघर्ष के कारण ट्रांसनिस्ट्रिया गणराज्य का निर्माण हुआ?,2
निम्नलिखित में से कौन सा ट्रांसनिस्ट्रिया गणराज्य में है जो मोल्दोवा के बाकी हिस्सों से अलग है?,3
"गद्यांश के अनुसार, यात्री को मोंटेवीडियो की यात्रा कब करनी चाहिए यदि वे हवा की स्थिति से बचने की उम्मीद कर रहे हैं?",1
"गद्यांश के अनुसार, यात्री को मोंटेवीडियो की यात्रा कब करनी चाहिए यदि वे ठंडी जलवायु के लिए आंशिक हैं?",4
"गद्यांश के अनुसार, निम्नलिखित में से कौन बर्बरता के विपरीत स्थापित भित्तिचित्र कलाकार के साथ जुड़ा होगा?",1
संगीत समारोहों का कौन सा पहलू कुछ सहायकों को अनुभव का एक महत्वपूर्ण हिस्सा मानता है?,2
"गद्यांश के अनुसार, त्योहार परिचारक को क्या प्राथमिकता देनी चाहिए यदि वे संगीत के करीब शिविर लगाना चाहते हैं?",4
"गद्यांश के अनुसार, उत्तरी न्यू मैक्सिको में नाइटलाइफ़ की तलाश करते समय आगंतुकों को कहां से बचना चाहिए?",2
"गद्यांश के अनुसार, उत्तरी न्यू मैक्सिको में प्रसिद्ध मनोरंजन पाने के लिए एक आगंतुक को सबसे अधिक संभावना कहां है?",3
बजट के प्रति जागरूक यात्री किस प्रकार के पेय से बचना चाह सकते हैं?,4
"मार्ग में वर्णित क्षेत्र के आधार पर, निम्नलिखित में से कौन से पेय आदेश सर्वर द्वारा भ्रमित हो सकते हैं?",4
तीन शताब्दियों तक चलने वाले उपनिवेशीकरण की अवधि किस समूह द्वारा शुरू की गई थी?,4
"गद्यांश के अनुसार, पेरिस के लोगों को आपके लिए गर्म करने का सबसे अच्छा तरीका क्या है?",3
"गद्यांश के अनुसार, निम्नलिखित में से किसे पेरिसवासियों का रूढ़िवादी गुण नहीं माना जाता है?",3
केप टाउन के मेट्रो में प्रथम श्रेणी का लाभ क्या है?,2
"गद्यांश के अनुसार, केप टाउन में हर कम्यूटर ट्रेन में क्या है?",4
निम्नलिखित में से कौन जानवरों को नष्ट करने वाले कीड़ों का मौका नहीं है?,4
आप प्री-पेड फ़ोन कार्ड कहां खरीद सकते हैं?,3
कुछ कार्डों द्वारा दी जाने वाली बेहतर कॉल दरों को कैसे एक्सेस किया जाता है?,2
"किसी दिए गए मार्ग के अनुसार, ब्लिथविस झील के राष्ट्रीय उद्यान में कौन से पेड़ पाए जाते हैं?",1
निम्नलिखित में से कौन सा दुर्लभ जीव प्लिटविस लेक्स नेशनल पार्क में पाया जा सकता है?,4
"गद्यांश के अनुसार, क्षेत्र कोड वास्तव में क्या मदद करते हैं?",2
"गद्यांश के अनुसार, निम्नलिखित में से कौन सा झूठ मीडिया कंपनियों द्वारा क्षेत्र कोड के बारे में झूठ है?",2
जब आप मातृभूमि पर लौटते हैं तो कौन सी प्रक्रिया आमतौर पर अनौपचारिक होती है?,1
अपनी मातृभूमि में आने से पहले आपको निम्नलिखित में से क्या पता होना चाहिए?,4
"गद्यांश के अनुसार, पर्वतारोहियों को कोचामो घाटी के भीतर लगातार नए मार्गों की खोज करने की अनुमति देता है?",4
"गद्यांश में दी गई जानकारी के आधार पर, दक्षिणी गोलार्ध में सबसे अधिक क्रॉसिंग को कौन कवर करता है?",2
कौन सा एयरलाइन गठबंधन दक्षिणी गोलार्ध में महासागर क्रॉसिंग की सबसे कम मात्रा को कवर करता है?,4
कौन सा टूर संगठन ग्लोबल रनिंग टूर्स में सफल रहा?,2
"गद्यांश के अनुसार, गो रनिंग टूर्स कितने अलग-अलग साइटरनिंग संगठनों को जोड़ने में मदद करता है?",3
पर्यटक को क्या करना चाहिए यदि वे चीता के सबसे स्पष्ट संभव दृश्य की उम्मीद कर रहे हैं?,3
