text,gpt_reply
"מוטציה מוסיפה שונות גנטית חדשה, וסלקציה מוחקת אותה ממאגר השונות המבוטאת.","science/technology
"
פצצת ההיתוך פועלת על פי העיקרון שצריך אנרגיה כדי להרכיב גרעין עם פרוטונים וניוטרונים רבים.,"science/technology
"
הגרעין מורכב משני סוגי חלקיקים - ניוטרונים ופרוטונים.,"science/technology
"
זה אפשר לעדשות זום להפיק תמונות באיכות דומה לזו שהושגה באמצעות עדשות עם אורך מוקד קבוע.,"science/technology
"
"הם טובים מדפדפני פרוקסי ממספר סיבות: הם מנתבים מחדש את כל הפעילות האינטרנטית, לא רק פעילות מסוג http.","science/technology
"
עיצוב אינטראקטיבי דורש הערכה מחודשת של ההנחות שלכם לגבי הפקת מדיה ושתלמדו לחשוב בדרכים לא ליניאריות.,"science/technology
"
"זה נהפך לנוהל מקובל, אך הברזל שחק עוד יותר את גלגלי העץ של העגלות.","history
"
"להקות מורכבות מאחד עד שלושה זכרים מבוגרים קרובי משפחה, לצד לא פחות משלושים נקבות וגורים.","science/technology
"
"למרות שבינה מלאכותית מעלה קונוטציה חזקה של מדע בדיוני, היא מהווה ענף חשוב ביותר של מדעי המחשב, העוסק בהתנהגות, למידה והסתגלות תבונית של מכונות.","science/technology
"
לכן יחס הרוחב-גובה של פורמט זה (חלקי שניים עשר כדי לקבל את יחס המספרים השלמים הפשוט ביותר) אמור להיות 3:2.,"science/technology
"
"בדרך כלל טלפון לווייני אינו תחליף לטלפון נייד, מכיוון שצריך להיות בחוץ עם קו ראייה נקי ללוויין כדי לבצע שיחת טלפון.","science/technology
"
"למרות שמסילות העגלות היו בנויות מקורות עץ מקבילות בלבד, הן אפשרו לסוסים המושכים אותן להגיע למהירויות גבוהות יותר ולסחוב מטענים גדולים יותר מאשר בכבישים המחוספסים מעט יותר של התקופה.","science/technology
"
"בני אדם הכירו יסודות כימיים בסיסיים כגון זהב, כסף ונחושת מאז העת העתיקה, שכן ניתן לגלות את כל אלו בטבע בצורתם המקורית והם יחסית פשוטים לכרייה באמצעות כלים פרימיטיביים.","science/technology
"
הגלגל שינה את העולם בדרכים מדהימות. הדבר הגדול ביותר שהגלגל עשה עבורנו הוא לתת לנו כלי תחבורה הרבה יותר קלים ומהירים.,"science/technology
"
זה נועד להבטיח שהתמונה תכסה את כל המסך. זה נקרא סריקת יתר.,"science/technology
"
צוללות גרמניות כונו U-Boats. הגרמנים היו טובים מאוד בניווט ובתפעול הצוללות שלהם.,"science/technology
"
"למרות שמצבו הפיזי יכול להשתנות, המצב הכימי שלו נשאר אותו דבר.","science/technology
"
מתח פנים נוצר משום שמולקולות המים שעל פני המים נמשכות זו לזו יותר מאשר למולקולות האוויר שמעליהן.,"science/technology
"
אחת הבעיות הנפוצות ביותר כשמנסים להמיר סרט לפורמט DVD היא סריקת היתר.,"science/technology
"
"ובפרט, נטען כי ניתן לזהות אם אדם משקר על ידי פירוש נכון של מיקרו-ביטויים.","health
"
ניתן לעבד זהב לכל מיני צורות. ניתן לגלגל אותו לצורות קטנטנות.,"science/technology
"
"בדרך כלל משתמשים במערכת הבינה המלאכותית בתחומי הכלכלה, רפואה, הנדסה וצבא. כמו כן, היא הותקנה במספר תוכנות למחשבים ביתיים ומשחקי מחשב.","science/technology
"
"הוא עדיין מיוצר היום, אך חשוב מכך, יחס הגובה-רוחב שלו עבר בירושה לפורמטים של דימות במצלמה דיגיטלית.","science/technology
"
"חוק השלישים, שספג קיטונות של לעג ושימוש לרעה, הוא הנחיה פשוטה ליצירת דינמיות תוך שמירה על מידה של סדר בתמונה.","entertainment
"
"לא רק שזה מאשר שלפחות לחלק מהדינוזאורים היו נוצות, תיאוריה שכבר רווחת, אלא גם מספק פרטים שמאובנים לר מסוגלים לספק בדרך כלל, כמו צבע וסידור תלת-מימדי.","science/technology
"
"איך כוח המשיכה של איו יפעל עליי? אם תעמדו על פני השטח של איו, תשקלו פחות משאתם שוקלים על פני כדור הארץ.","science/technology
"
NextGen היא מערכת שלטענת ה-FAA תאפשר למטוסים לטוס נתיבים קצרים יותר ולחסוך מיליוני גלונים של דלק בכל שנה ולצמצם את פליטת הפחמן.,"science/technology
"
נתונים נוירוביולוגיים מספקים ראיות פיזיות לגישה תאורטית לחקר ההכרה. לכן זה מצמצם את תחום המחקר ועושה אותו למדויק יותר.,"science/technology
"
"""במהלך נאומו בן השעתיים הוא הצהיר כי היום אפל הולכת להמציא מחדש את הטלפון, אנחנו הולכים לעשות היסטוריה היום.""","science/technology
"
החיסרון של עדשות זום הוא שהמורכבות והמספר של מרכיבי עדשה הדרושים כדי להשיג טווח של אורכי מוקד גדולים בהרבה מאשר עדשות עם מוקד קבוע.,"science/technology
"
"בקר המשחק דומה לשלט טלוויזיה ומשתמש בשני חיישנים, הממוקמים קרוב לטלוויזיה של המשתמש, כדי לחשב את מיקומו במרחב תלת-ממדי.","science/technology
"
מדענים אומרים שצבע נוצות בעל החיים היה חום-ערמוני למעלה עם גוון קרטנואידי חיוור בחלק התחתון.,"science/technology
"
חוקרים באוניברסיטה אמרו כי שתי התרכובות מגיבות זו לזו זו ויוצרות גבישים שעלולים לחסום את תפקוד הכליות.,"health
"
"""זה נותן רזולוציה גבוהה כמעט פי 4 מאשר תשליל 35 ממ  (3136 ממ רבוע לעומת 864).""","science/technology
"
"הודות לחיבורי הכבל האופטי התת-ימי בין אירופה ולוויין פס רחב, גרינלנד מחוברת היטב עם 93% מהאוכלוסייה בעלי גישה לאינטרנט.","science/technology
"
"אחת האפליקציות הבולטות בקטגוריה זו היא גוגל תרגום, המאפשרת תרגום ללא חיבור אינטרנט לאחר הורדה הנתונים של השפה המבוקשת.","science/technology
"
"יש לו מבנה מולקולרי זהה בין אם הוא גז, נוזל או מוצק.","science/technology
"
"השימוש בצילום וידאו הוביל לתגליות חשובות בפרשנות של מיקרו-הבעות, שהן תנועות פנים שנמשכות כמה אלפיות השנייה.","science/technology
"
בני אדם ייצרו והשתמשו בעדשות להגדלה במשך עשרות ואלפי שנים.,"science/technology
"
"אך היא אינה היחידה - התנסות, וניסוי הוא מבחן שבו משתמשים על מנת לפסול אחת מההשערות האפשריות או יותר, שאילת שאלות, וביצוע תצפיות גם מנחים מחקר מדעי.","science/technology
"
"בסופו של דבר הוחלפו גלגלי עץ בגלגלי ברזל. בשנת 1767, הוצגו המסילות הראשונות העשויות במלואן מברזל.","science/technology
"
"בעוד שרוב הכרטיסים טובים כדי להתקשר לכל מקום, חלקם מתמחים במתן תעריפי שיחות מועדפים לקבוצות מסוימות של מדינות.","technology
"
רוב הטלסקופים המחקריים המודרניים הם מתקנים ענקיים שנמצאים באזורים נידחים עם תנאים אטמוספריים חיוביים.,"science/technology
"
מחט הפלדה צפה על גבי המים בשל מתח הפנים.,"science/technology
"
"""מידותיו של פורמט ה-35 ממ הן למעשה, באופן מבלבל במידת מה, 36 ממ לרוחב ו-24 ממ לגובה.""","science/technology
"
"""תאים הם כל כך בסיסיים וקריטיים לחקר החיים, למעשה, לעתים קרובות הם מכונים אבני הבניין של החיים.""","science/technology
"
ספקי VPN (רשת פרטית וירטואלית) אישיים הם דרך מצוינת לעקוף גם צנזורה פוליטית וגם מסנני IP גאוגרפי מסחריים.,"science/technology
"
"התחנה שמרה על יציבותה, למרות אובדן גירוסקופ קודם לכן במשימה של תחנת החלל, עד סוף הליכת החלל.","science/technology
"
"לאנשים עם סוג כזה של חשיבה יש חשיבה לוגית, והם יכולים לשנן תבניות, לפתור בעיות ולעבוד על מבחנים מדעיים.","science/technology
"
"אוצלוטים אוהבים לאכול בעלי חיים קטנים. אם יוכלו, הם יתפסו קופים, נחשים, מכרסמים וציפורים. כמעט כל בעלי החיים שהאוצלוטים צדים קטנים מהם בהרבה.","geography
"
"""חלק מהמצלמות התומכות בפורמט הבינוני משתמשות בפורמט 6 על 6 סמ, ליתר דיוק תשליל 56 על 56 ממ.""","science/technology
"
מומלץ בחום למטיילים לשים לב לסכנה של מזג אוויר קשה שפוקד את האזור מכיוון שהוא עלול לפגוע בתכניות הטיול.,"travel
"
"אוטובוסים עוזבים את תחנת האוטובוסים הבין-מחוזית (מעבר לנהר) במשך היום, למרות שרובם, בעיקר אלו שפניהם למזרח ולג'אקר/בומטאנג עוזבים בין 6:30 ו-7:30.","travel
"
הם מספקים יציבות רבה יותר לרוכב אבל עשויים להעלות חששות בטיחותיים עקב האפשרות להיתקעות רגלו של הרוכב בתוכם.,"sports
"
"מרבית הקרוזים המיוחדים בים הבלטי כוללים שהייה ממושכת בסנט פטרסבורג, רוסיה.","travel
"
"העצה מניחה כי מטיילים אינם גונבים, מסיגים גבול, מעורבים בסחר בלתי חוקי, מקבצים נדבות או מנצלים אנשים אחרים לטובתם האישית.","travel
"
יש דברים רבים שצריך להביא בחשבון לפני וכשנוסעים למקום כלשהו.,"travel
"
בחום היום המטיילים יכולים לחוות חזיונות תעתועים הנותנים אשליה של מים (או דברים אחרים).,"travel
"
"משפחות עם ילדים הם מראה נדיר, אבל מספר הוסטלים מקבלים אותן בחדרים פרטיים.","travel
"
"למשל, ביקור בטירות בעמק הלואר, בעמק הריין או שיט לאתרים מעניינים על הדנובה או שיט לאורך תעלת אירי.","travel
"
אולי עדיף להיעזר בסוכן שמרבה להזמין טיולים הדומים לשלכם.,"travel
"
Couchsurfing הוקמה בינואר 2004 לאחר שמתכנת המחשבים קייסי פנטון מצא טיסה זולה לאיסלנד אך לא היה לו מקום ללון בו.,"travel
"
לוויזת סטודנט יש בדרך כלל דרישות ונהלי בקשה שונים מאשר לוויזה רגילה לתייר או לעסקים.,"travel
"
לכל מדינה יש גם חוקים ייחודיים המחייבים אילו פריטי חירום חייבים להיות ברכב.,"travel
"
"על אף שרוב הסוכנויות מוכנות לבצע את רוב ההזמנות הרגילות, סוכנים רבים מתמחים בסוגים מסוימים של נסיעות, טווחי תקציב או יעדים.","travel
"
מטיילים עלולים להיתקל במזיקים שאינם מוכרים להם מאזורי המוצא שלהם.,"travel
"
"בנוסף מצפון תוכלו לבקר במשכן הגדול של גבירתנו מפטימה (מקדש), מקום בו התרחשו התגלויות של מריה המפורסמות ברחבי העולם.","travel
"
תוכלו להשתמש בבודה-בודה (מונית אופנוע) כדי להסתובב בגומה. המחיר הרגיל (המקומי) הוא כ-500 פרנק קונגלזי לנסיעה קצרה.,"travel
"
"לאלה אשר נהנים מפעילויות חוץ, הליכה במעלה סי טו סקיי קורידור היא הכרחית.","travel
"
"""ספארי בהליכה (הנקרא גם הליכה בשיחים, ספארי תרמילאות, או לצאת לריצה) מורכב מהליכה רגלית של כמה שעות או מספר ימים.""","travel
"
"הדרך היחידה לעבור את זה מהר יותר הייתה לשלוח את זה כמטען רשום. תקנות התעופה לא יאפשרו להם לשלוח מטען ללא נוסע, וכאן אתם נכנסים לתמונה.","travel
"
תוספת של עוד 300 מביאה את הסך הכולל ל-1300 עגלות שצפויות להירכש כדי להקל על הצפיפות.,"health
"
"משפחות עם ילדים קטנים אולי יצטרכו יותר הכנות, אך יום בחוץ הוא אפשרי בקלות אפילו עם תינוקות ופעוטות.","travel
"
"כל מי שמתכנן לנהוג בקווי רוחב גבוהים או מעל מעברים הרריים צריך להביא בחשבון אפשרות של שלג, קרח או טמפרטורות מקפיאות.","travel
"
"כיום, טימבוקטו היא עיר מרוששת, אם כי בזכות המוניטין היא אותה אטרקציה תיירותית, ויש לה שדה תעופה.","geography
"
"בעת סופת שלגים, כמות שלג מספקת כדי לתקוע אותך עלולה לרדת תוך זמן קצר מאוד.","geography
"
"אם ברצונכם לטוס מסביב לעולם בחצי הכדור הדרומי בלבד, מבחר הטיסות והיעדים מוגבל בשל היעדר מסלולים טרנס-אוקייניים.","travel
"
"חברות תעופה כמו אמירטס, איתיחאד איירווייז, קטאר איירווייז וטורקיש איירליינז הרחיבו מאוד את שירותיהן לאפריקה, והן מציעות טיסות ביניים לערים אפריקאיות גדולות רבות במחירים תחרותיים יותר מאשר חברות תעופה אירופאיות אחרות.","travel
"
"לא נוספו אמצעי תחבורה ורכבות לא יעצרו בוומבלי, ומתקני חנייה וחנה וסע אינם זמינים בשטח.","travel
"
"בדרך כלל, שהות בכל מדינה זרה פרק זמן ארוך תדרוש מכם להשיג ויזה מראש.","travel
"
בכל רכבת יש גם קרונות MetroPlus וגם קרונות Metro; קרונות MetroPlus נמצאים תמיד בסוף הרכבת הקרוב לקייפטאון.,"travel
"
כולם לוקחים חלק בחברה ומשתמשים במערכות תחבורה. כמעט כל אחד מתלונן על מערכות תחבורה.,"travel
"
"מכיוון שהאזורים מאוכלסים בדלילות, ולכן זיהום אור לרוב אינו בעיה, תוכלו גם ליהנות מהכוכבים.","travel
"
העלויות והדרישות של אשרות כניסה משתנות ממדינה למדינה ומושפעות מהמדינה שממנה אתם מגיעים.,"travel
"
"באופן כללי, אין טעם אפילו בלחפש הנחות עבור מושבים במחלקת עסקים או במחלקה ראשונה בטיסות ישירות מנקודה א' לב'.","travel
"
הטלת בומרנג היא מיומנות פופולרית שתיירים רבים מעוניינים לרכוש.,"travel
"
טיסה זו איננה האופציה היחידה אם רוצים לדלג על דרום האוקיינוס השקט ועל החוף המערבי של דרום אמריקה. (ראו למטה),"travel
"
"סן-פרנסיסקו פיתחה תשתית תיירותית גדולה עם מספר רב של מלונות, מסעדות ומתקני כנסים מהשורה הראשונה.","travel
"
"להתנדב בזמן שאתם מטיילים זו דרך נהדרת לחולל שינוי, אך זה לא קשור רק לנתינה.","travel
"
אנשים עשויים שלא לצפות לכך שיידרשו גם סבלנות והבנה  למטיילים שחוזרים הביתה.,"travel
"
"אל תשכחו להוסיף את העלויות הנוספות של ויזות נוספות, מסי נסיעות, תחבורה יבשתית וכו', לכל המקומות שמחוץ לאפריקה.","travel
"
מספר תושבים מבישקק האשימו את המפגינים מהדרום בהפרת החוק.,"politics
"
חלקים עכשוויים של בלגיה היו חלק מלוקסמבורג בעבר אך הפכו לבלגים לאחר המהפכה הבלגית של שנות ה-30 של המאה התשע עשרה.,"geography
"
"מאז 1988, קלפיות חייבות להיות שקופות כדי שהמצביעים והמשקיפים יהיו עדים לכך שלא היו מעטפות בקלפי לפני התחלת ההצבעה ושלא נוספות עוד מעטפות חוץ מאלה של המצביעים החוקיים והמורשים.","politics
"
"ראש הממשלה המטפלת, ג'וליה גילארד, טענה במהלך קמפיין הבחירות הפדרליות בשנת 2010 כי היא מאמינה שאוסטרליה צריכה להפוך לרפובליקה בסוף שלטונה של המלכה אליזבת השנייה.","politics
"
ממשלת אירלנד מדגישה את דחיפות החקיקה הפרלמנטרית כדי לתקן את המצב.,"politics
"
הוויכוחים הדיפלומטיים על האזור ממשיכים לפגוע ביחסים בין ארמניה לאזרבייג'ן.,"politics
"
"""ראש הממשלה סטיבן הרפר הסכים לשלוח את חוק האוויר הנקי של הממשלה לוועדה כלל מפלגתית לבחינה, לפני הקריאה השנייה שלו, לאחר פגישה בת 25 דקות שנערכה ביום שלישי עם מנהיג ה-NDP ג'ק לייטון במשרד ראש הממשלה.""","politics
"
"בחודש שעבר, התקיימו מחאות רחבות היקף בפולין כאשר המדינה חתמה על הסכם הסחר נגד זיופים (ACTA), דבר שהוביל את ממשלת פולין להחליט שלא לאשר את ההסכם לעת עתה.","politics
"
אזהרות מסע הן בסך הכל סיכום קצר של המצב הפוליטי במדינה ספציפית.,"politics
"
"במהלך בחירות 1976 הוא ייעץ לקרטר במדיניות חוץ, לאחר מכן החליף את הנרי קיסינג'ר בשירותו כיועץ ביטחון לאומי (NSA) מ1977 עד 1981.","politics
"
"טורקיה תקבל לידיה גם את השמירה על לוחמי דאעש השבויים שעל פי ההצהרה, מדינות אירופה סירבו להחזיר למולדתם.","politics
"
"עם זאת, תוכניות אלה הפכו ללא רלוונטיות כמעט בן לילה, כאשר יותר מ-800,000 חיילים מהצבא האדום הסובייטי נכנסו ויצרו את החזיתות הבלארוסית והאוקראינית לאחר שפלשו לאזורים המזרחיים של פולין תוך הפרת הסכם ריגה, הסכם אי התוקפנות הסובייטי-פולני ואמנות בינלאומיות אחרות, דו-צדדיות ורב-צדדיות.","politics
"
"בעקבות התהליך, HJR-3 ייבחן שוב על ידי המחוקק הנבחר הבא ב-2015 או 2016, כדי שהתהליך יימשך.","politics
"
"לאחר אימוצה בידי הקונגרס ב-4 ביולי, טיוטה בכתב יד בחתימת נשיא הקונגרס ג'ון הנקוק והמזכיר צ'רלס תומסון נשלחה לבית הדפוס של ג'ון דנלאפ, מרחק כמה רחובות.","politics
"
"מעט לאחר השעה 11:00, המפגינים חסמו את התנועה צפונה ברחוב וייטהול.","politics
"
"עם זאת, ביוני 1956 עמדו הבטחותיו של חרושצ'וב בפני מבחן כאשר מהומות בפולין, בה מחו עובדים על מחסור במזון וקיצוצי שכר, הפכו למחאה כללית כנגד הקומוניזם.","politics
"
"""היא התרחשה במשך 40 השנים הבאות והלחימה בפועל התבצעה בידי צבאות באמצעות שליח, בשדות קרב מאפריקה לאסיה, באפגניסטן, קובה ומקומות רבים אחרים.""","politics
"
בחודש שעבר המליצה ועדת נשיאות על פרישתה של מועצת הבחירות הזמנית (CEP) הקודמת כחלק מחבילת צעדים כדי להניע את המדינה לעבר בחירות חדשות.,"politics
"
"על פי הדיווחים, נושאים אחרים שנדונו הם מעמדה העתידי של ירושלים, הקדושה לשני העמים, ושאלת בקעת הירדן.","politics
"
ולא הייתה לה סמכות לעקוף את חוקי המס והתעריפים בין מדינות.,"politics
"
חוקי הבחירות בצרפת מסדירים באופן נוקשה למדי את ההליכים.,"politics
"
"אחרי שבוע של הפסדים בבחירות אמצע הקדנציה, בוש סיפר לקהל על הרחבת הסחר באסיה.","politics
"
"האסטרטגיה התבררה כיעילה, וחסמה אספקה צבאית ואזרחית חיונית, אם כי מצור זה הפר את חוקים בינלאומיים מקובלים שנחתמו במספר הסכמים בינלאומיים לאורך שתי המאות האחרונות.","politics
"
קשרים כלכליים כוננו מחדש בין שני החלקים הללו של מולדובה חרף כישלון המשא ומתן הפוליטי.,"politics
"
"מלווה בגורמים בכירים אלו, הוא הבטיח לתושבי טקסס שיינקטו צעדים לשמירה על ביטחון הציבור.","politics
"
ביקורת ליברלית על מאמץ השיקום התמקדה בהענקת חוזי שיקום לגורמים הנחשבים מקורבים לוושינגטון.,"politics
"
"מתוך 1,400 איש שהשיבו לסקר לפינ הבחירות הפדרליות ב-2010, מספר המתנגדים לכך שאוסטרליה תהפוך לרפובליקה עלה ב-8 אחוזים מאז 2008.","politics
"
דיפלומטים אמרו כי הם מצאו מספיק עמימות בחוקה האפגנית כדי לקבוע כי הסיבוב השני מיותר.,"politics
"
"לאחר שהגיעו התוצאות, גינגריץ' שיבח את סנטורום, אך אמר מילים קשות על רומני, שמטעמו שודרו באיווה פרסומי קמפיין שליליים נגד גינגריץ'.","politics
"
זוהי מועצת הבחירות הזמנית (CEP)  החמישית של מרטלי בארבע שנים.,"politics
"
"מדליסט הזהב האולימפי היה אמור לשחות במשחים ל-100 מ' ו-200 מ' חופשי ובשלושה משחי שליחים במשחקי חבר העמים הבריטי, אך בגלל תלונותיו הכושר שלו הוטל בספק.","sports
"
"בנוסף להיותו אלוף אולימפי ואלוף העולם, סאיטו כיהן כיושב ראש ועדת האימונים של התאחדות הג'ודו היפנית בעת מותו.","sports
"
"הוועד האולימפי הבינלאומי הצביע בישיבת מועצת המנהלים שלו שהתקיימה היום בברלין על הכללת ענפי ספורט. גולף ורוגבי, ובפרט רוגבי יוניון נבחרו על פני חמישה ענפי ספורט אחרים שהיו מועמדים להשתתפות באולימפיאדה.","sports
"
הטורניר הגדול בשנה נערך בדצמבר במגרשי הפולו של לאס קניטאס.,"sports
"
"מאז שעבר לבירה הקטלונית, וידל שיחק 49 משחקים עבור המועדון.","sports
"
"שמירה על איזון אנרגטי בריא, תרגול הרגלי שתייה נכונים והבנת ההיבטים השונים של הרגלי נטילת תוספים יכולים לסייע לספורטאים לשפר את ביצועיהם ולהגדיל את ההנאה שלהם מהספורט.","sports
"
"במקום השלישי, המלין מפגר בעשרים נקודות, אך מוביל בחמש על באוייר. חהן וטרוקס ג'וניור במקום החמישי והשישי בהתאמה עם 2,220 ו-2,207 נקודות.","sports
"
השיא של נדאל בראש בראש מול הקנדי הוא 7-2.,"sports
"
"חארקה התאמן במהלך אימונים שלפני העונה בקוברסיאנו, איטליה, מוקדם יותר באותו יום. הוא שהה במלון של הקבוצה לקראת משחק שתוכנן ליום ראשון מול בולוניה.","sports
"
חשש מהיעדר תחבורה העלה את האפשרות שהמשחק ייאלץ להתקיים בדלתיים סגורות ללא אוהדי הקבוצה.,"sports
"
"""טומי דרימר אמר לונה הייתה המלכה הראשונה של האקטסרים. המנהלת הראשונה שלי. לונה נפטרה בלילה של שני ירחים. ייחודי בדיוק כמוה. אשה חזקה.""","entertainment
"
"הגולש הפולני לקוי הראייה, מאצ'יי קרז'ל, והמדריכה אנה אוגארזינסקה סיימו במקום ה-13 ב-Super-G. ג'ונג סורק פארק מדרום קוריאה סיים במקום ה-24 ב-Super-G בישיבה לגברים.","sports
"
"לחדשות על טורנירים ומקומות לרכישת כרטיסים למשחקי פולו, חפש באגודת הפולו של ארגנטינה.","sports
"
"המשחקים יצאו לדרך בשעה 10:00 בבוקר במזג אוויר נהדר ומלבד טפטוף קל באמצע הבוקר שהתבהר במהירות, זה היה יום מושלם לרוגבי שביעיות.","sports
"
ארלי ולסקז ממקסיקו סיים במקום החמישה עשר בסופר G (סופר סלאלום ענק) בישיבה לגברים. אדם הול מניו זילנד סיים במקום התשיעי בסופר G בעמידה לגברים.,"sports
"
"המשחק האחרון בסדרה ייערך באליס פארק ביוהנסבורג בשבוע הבא, כשהספרינגבוקס ישחקו נגד אוסטרליה.","sports
"
בתנאים טובים תוכלו לעבור מרחקים גדולים יותר מאשר בהליכה - אך רק לעתים רחוקות מאוד תקבלו את המהירות של סקי קרוס קאנטרי ללא תרמיל כבד במסלולים שהוכשרו לכך.,"sports
"
"שבע נקודות מאחוריו, ג'ונסון במקום השני עם 2,243 נקודות.","sports
"
"המארה של קניונינג (או: קניונירינג) היא להגיע לתחתית קניון, שהוא לפעמים יבש ולפעמים מלא במים.","travel
"
"רובין אות'אפה השיג את התוצאה הגבוהה ביותר בסבבים, 70 ריצות ב-41 כדורים בלבד על ידי פגיעה ב-11 רביעיות ו-2 שישיות.","sports
"
"ענפי ספורט חורפיים פופולריים יותר באזורים הצפוניים, שם האיטלקים מתחרים באירועים בינלאומיים ובאולימפיאדות.","sports
"
"מרוצ'ידורה סיימה בראש, בפער של שש נקודות מנוזה במקום השני.","sports
"
"מיכאל שומאכר סיים את המרוץ שלו זמן לא רב אחרי אלונסו, בשל הנזק למתלים במאבקים המרובים בזמן המרוץ.","sports
"
"הרגלי תזונה נכונים לבדם אינם יכולים להפיק תוצאות מעולות, אבל הם יכולים להשפיע באופן משמעותי על הרווחה הכוללת של אתלטים צעירים.","health
"
הוא לא היה יכול לקחת את התרופות להן הזדקק כדי להתגבר על כאביו מכיוון שהן אסורות במשחקים.,"sports
"
מחקרים הראו כי נשים נמצאות בסבירות גבוהה פי שניים מגברים ללקות בטרשת נפוצה.,"health
"
"משקאות חריפים לא חוקיים עלולים להכיל חומרים מזהמים מסוכנים, ובהם מתנול, שעלול לגרום לעיוורון או למוות אפילו במינונים נמוכים.","health
"
"רק השפעות הקטסטרופיזציה, ולא של הדיכאון והפחד, היו מותנות בקיומם של מפגשי פעילות גופנית שבועיים.","health
"
"ריבוי מכוניות פרטיות גם מעלה את שכיחות תאונות הדרכים, מה שמוביל להמצאת טכניקות חדשות בתחום הבריאות לתיקון נזקי גוף.","health
"
"חוקרים מובילים אומרים כי הדבר עשוי להביא לגילוי מוקדם של סרטן, שחפת, HIV ומלריה לחולים במדינות מתפתחות, היכן ששיעורי ההישרדות ממחלות כמו סרטן השד יכולים להיות חצי מבמדינות עשירות יותר.","health
"
"""דר אהוד אור, פרופסור לרפואה באוניברסיטת דלהאוזי בהליפקס, נובה סקוטיה וראש המחלקה הקלינית והמדעית של ארגון חקר הסוכרת הקנדי הזהיר שהמחקר עדיין בימיו הראשונים.""","health
"
"""ילדים אלה נוטים להסתבך לעתים קרובות, משום שהם נוקטים התנהגויות מסוכנות, נקלעים לקטטות ומערערים על הסמכות כדי לגרות את מוחם, שכן לא ניתן לגרות את מוחם בשיטות רגילות.""","health
"
בני אדם יכולים להיפגע מנשימת של מים נגועים שמועלים לאוויר על ידי רוח וגלים.,"health
"
"יש אנשים המאמינים שהתנסות בחלומות צלולים רבים שנגרמו באופן מלאכותי, יכולה להיות מתישה מאוד במקרים רבים.","health
"
פוטרו טופל בכתפו בשלב זה אך הצליח לחזור למשחק.,"sports
"
"יתר על כן, לכישלון לעשות זאת יש השלכות חמורות: עיכוב בגדילה, תת-תזונה ובסופו של דבר מוות.","health
"
"בכירים בעיריית אמסטרדם ומוזיאון אנה פרנק טוענים כי העץ נגוע בפטרייה ומסכן את בריאות הציבור, שכן לטענתם הוא היה בסכנת נפילה מיידית.","geography
"
"בית החולים פעל על פי פרוטוקול למניעת זיהומים, כולל הפרדת המטופל מאחרים כדי למנוע הדבקה אפשרית.","health
"
"""המכון  לצדק ולדמוקרטיה של האיטי אזכר מחקרים עצמאיים שמראים כי גדוד שמירת השלום הנפאלי של האום הביא ללא ידיעתו את המחלה להאיטי.""","health
"
"המחלות המידבקות עצמן, או חיות מסוכנות שיכולות לפצוע או להרוג אנשים בכוח, לרוב אינן מוגדרות כמזיקים.","health
"
"ילדים עם הפרעת קשב וריכוז מתקשים להתמקד בדברים כמו שיעורי בית, אך הם יכולים להתרכז בדברים שהם נהנים לעשות כמו לשחק משחקים, לצפות בסדרות המצוירות האהובות עליהם, או לכתוב בלי סימני פיסוק.","health
"
"במהלך שנה אחת, אדם נגוע עלול להדביק 10 עד 15 אנשים קרובים.","health
"
"כאשר הלחימה פסקה לאחר שהפצועים הועברו אל בית החולים, כ-40 מן האסירים האחרים שנותרו נשארו בחצר וסרבו לחזור אל תאיהם.","politics
"
"הוחל גיוס רופאים על ידי הקיסר אוגוסטוס ואלו אף היוו את חיל הרפואה הרומי הראשון, שנעשה בו שימוש באחרית קרבות.","health
"
"עם זאת, הנהג סבל מפציעות חמורות בראשו.","health
"
"""יש לנו כעת עכברים בני 4 חודשים שאינם סוכרתיים ואשר היו סוכרתיים בעבר, הוא הוסיף.""","health
"
הרעלה פנימית עשויה שלא להיות ניכרת באופן מיידי. תסמינים כגון הקאה הם כלליים באופן שלא מאפשר אבחון מיידי.,"health
"
"כתוצאה מכך, השחקנים מעשנים ג'וינטים של קנאביס על הבמה, והתיאטרון עצמו מעודד את הקהל להצטרף.","entertainment
"
אירוסמית' ביטלו את ההופעות הנותרות בסיבוב ההופעות שלהם.,"entertainment
"
אם אתם רוצים להיות קרובים לאקשן תצטרכו להיכנס מוקדם כדי למצוא אתר קמפינג בקרבה למוזיקה.,"entertainment
"
"""ישנם הרבה פורמטי סרטי צילום שונים אשר שימשו במהלך השנים. סרט צילום של 35 ממ (תשליל 36 על 24 ממ) הוא הנפוץ ביותר.""","entertainment
"
"למרות שזו פעילות נפוצה מאוד, בדיסני אוסרים עליה: הכרטיסים אינם ניתנים להעברה.","entertainment
"
"כל פרק של הסדרה היה מתמקד בנושא מספר מסוים, ואת אותו נושא הוא היה חוקר באמצעות מספר סיפורים.","entertainment
"
"במקומות שונים ברומא הותקנו מספר מסכי טלוויזיה גדולים, כדי לאפשר לאנשים לצפות בטקס.","travel
"
סופוקלס ואריסטופנס הם עדיין מחזאים פופולריים והמחזות שלהם נמנים עם היצירות הגדולות של ספרות העולם.,"entertainment
"
בכל תכנית הוצגו גם המלצות לספרים שכדאי לילדים לחפש כאשר הם ילכו לספריה.,"entertainment
"
"באקורדיון, כדי לקבל עוצמת קול נוספת, יש ללחוץ על המפוח בכוח או מהירות רבים יותר.","entertainment
"
אפשר לראות את הפירמידות בחושך ואפשר לראות אותן בדממה לפני תחילת המופע.,"geography
"
"דוגמאות לפעילויות באתר הן ציד, דיג, צילום, צפייה בציפורים, ביקור בפארקים ולימוד על המערכת האקולוגית.","travel
"
הספינקס משמש כרקע וכמספר של סיפור ארוך.,"geography
"
"לרוב יש להם הצעות מיוחדות של מזון, שתייה ובידור, כדי לשמור מצב רוחם של האורחים ולדאוג שלא יצאו מהמתחם.","entertainment
"
"הארגון הבינלאומי, שכבר מדווח באנגלית וביפנית, משיק תוכניות בספרדית, איטלקית וקוריאנית לטלוויזיה, לאינטרנט ולמכשירים ניידים.","entertainment
"
לפני משפחת סימפסון סיימון עבד במספר תכניות בתפקידים שונים.,"entertainment
"
דבר זה יאפשר לשחקנים לשלוט בפעולות ובתנועות במשחקי וידאו באמצעות הנעת המכשיר באוויר.,"science/technology
"
"לפחות 100 אנשים נכחו במסיבה, על מנת לחגוג את יום השנה הראשון של זוג אשר חתונתם התרחשה בשנה שעברה.","entertainment
"
"שני שירים מהסרט, אודישן (השוטים שחולמים) ועיר הכוכבים, היו מועמדים לתואר השיר המקורי הטוב ביותר. סטודיו ליונסגייט קיבל 26 מועמדויות - יותר מכל סטודיו אחר.","entertainment
"
"""עובי הקרום הוא כ-70 קמ בצד הקרוב וכ-100 קמ בצד הרחוק.""","geography
"
דרומית משם נמצאים מפלי הניאגרה והצפון הוא ביתו של היופי הטבעי הבתולי של מחוז מוסקוקה ומעבר לו.,"geography
"
"ארץ אלסוורת' היא האזור הדרומי של חצי האי, הגובל בים בלינגהאוזן.","geography
"
"""הכביש (או הכביש המהיר) חוצה הקוטב הדרומי הינו מסלול של 1600 קמ מתחנת מקמורדו (McMurdo) שעל ים רוס לקוטב.""","geography
"
"ההר התלול הזה מתנשא מעל החלק הצפוני של מאצ'ו פיצ'ו, ומשמש כרקע להרבה תמונות של ההריסות.","geography
"
"אנקלדוס הוא העצם בעל ההחזריות הגבוהה ביותר במערכת השמש, ומחזיר כ-90 אחוז מאור השמש שפוגע בו.","science/technology
"
לא ניתן לראות דבר מלבד השמיים הצלולים והיפים מעל וההרים הרבים מסביב. אפשר לראות או לשמוע מעט מאוד מהעולם הזה מתוך המערה.,"geography
"
"כעת נעבור ליפן. יפן הייתה מדינת אי, ממש כמו בריטניה.","geography
"
"בשיאו, הציקלון הטרופי גונו, שנקרא על שם שק עלי עץ דקל בשפה המלדיבית, הגיע לרוחות מתמשכות במהירות של 240 קילומטר בשעה (149 מייל בשעה).","geography
"
"""שטחה של טורקיה, כולל אגמים, הוא 783,562 קמר (300,948 מיילים רבועים), מתוכם 755,688 קמר (291,773 מיילים רבועים) בדרום מערב אסיה ו-23,764 קמר (9,174 מיילים רבועים) באירופה.""","geography
"
"על איי דרום שטלנד, שהתגלו בשנת 1819, נתבעת בעלות על ידי מספר מדינות ויש בהם את מספר הבסיסים הגבוה ביותר, עם שישה עשר פעילים בשנת 2020.","geography
"
"אפיה היא הבירה של סמואה. העיר נמצאת על האי אופולו ואוכלוסייתה מונה מעט פחות מ- 40,000.","geography
"
"מכיוון שהסופה רחוקה מלהגיע ליבשה, עדיין קשה להעריך את הפגיעה הפוטנציאלית שלה בארצות הברית או בקריביים.","geography
"
הוא דק יותר מתחת לימות ועבה יותר מתחת לרמות.,"geography
"
אבל היערות אינם רק ביצות מנגרובים - הם מכילים כמה מהשרידים האחרונים של הג'ונגלים האדירים שכיסו בעבר את המישור האינדו-גנגטי.,"geography
"
מפת רעידות האדמה העולמית של הסקר הגאולוגי של ארצות הברית לא הראתה שום רעידות אדמה באיסלנד בשבוע הקודם.,"geography
"
המערה שוכנת בפסגת אחד ההרים מצפון למכה והיא מבודדת לחלוטין מכל שאר העולם.,"geography
"
