question,gemini_answer
"Dapre pasaj la, kisa ki pa ta konsidere kòm yon konsèy ki egzat pou jwe akòdeyon avèk siksè?",1
"Lè w ap jwe akòdeyon an, kilès nan sa ki annapre la yo k ap ede w ogmante volim lan?",1
Poukisa imaj yo sou televizyon an gen rebò ki koupe?,2
"Dapre pasaj la, kilès nan pwoblèm ki annapre la yo yon moun ta ka rankontre lè konvèti yon fim mete l nan fòma DVD?",2
Kikote ki te gen yon ganizon Britanik sitiye?,2
Siyati kimoun ki parèt sou bouyon ki ekri alamen an?,1
"Nan kote ki annapre la yo, kikote yon atak Denlap te rive dènye?",1
Kikote twoup Kolonèl Stark yo te sitiye?,1
"Dapre pasaj la, kilè gason Stark yo te pwolonje kloti yo a?",3
"Dapre pasaj la, kilès nan sa ki annapre la yo ki te youn nan epòk ki pi vyolan nan Chin?",4
"Dapre pasaj la, kisa ki vre konsènan yon koloni lame foumi k ap antre nan yon faz nomad?",1
"Dapre pasaj la, ki deklarasyon ki reflete avèk presizyon abitid koloni lame foumi yo pou fè nich pandan faz nomad la?",3
Kilès nan sa ki annapre la yo k ap kontinye malgre prezans siyal ekstèn yo?,3
Ki tèm ki dekri moun ki montre divèjans nan yon sèten karakteristik fenotip?,4
Kilès nan tèm ki annapre la yo ki kòrèk pou òganis ki okipe yon zòn espesyalman?,2
Kilès nan sa ki annapre la yo ki pa ta yon egzanp aktivite touris ki baze sou lanati?,3
"Dapre pasaj la, kilès nan sa ki annapre la yo ki se baz sistèm transpò a?",2
Ki tip chaj patikil yo ki òbite nwayo a genyen?,3
Ki patikil ki konpoze nwayo a?,1
"Dapre pasaj la, kilès nan sa ki annapre la yo ki se yon egzanp nonb binè senk bit yo?",3
Kijan yo rele chif binè yo tou?,1
Kilès nan sa ki annapre la yo ki pa mansyone nan pasaj la kòm yon avantaj prensipal nan blòg elèv yo?,1
Kilès nan aspè ki annapre la yo nan blòg yo ki site kòm yon motivasyon pou elèv yo amelyore konpetans yo nan ekriti?,2
Kilès nan sa ki annapre la yo ki pa yon avantaj kominikasyon asenkwòn pou elèv yo? ,2
"Dapre pasaj la, kilès nan aspè annapre la yo nan kominikasyon asenkwòn ki pa fleksib pou elèv yo?",3
Kisa ki pa mansyone nan pasaj la kòm yon bagay yon moun ta ka asosye ak chato medyeval yo?,4
Kilès nan sa ki annapre la yo ki pa mansyone nan pasaj la kòm yon odè oswa yon son ki ka evoke nan pami mazi chato yo?,3
Kilès nan sa ki annapre la yo ki se yon deskripsyon egzat Chato Kirby Muxloe?,2
Kilès nan karakteristik konstriksyon ki annapre la yo ki ta konsidere kòm yon bagay ki pa òdinè pou Chato Kirby Muxloe a pandan peryòd tan ki dekri nan pasaj la?,1
"Dapre pasaj la, kilès nan sa ki annapre la yo ki ta pi benefik pou yon kourè k ap prepare pou sezon k ap vini an?",1
"Dapre pasaj la, kilès nan sa ki annapre la yo ki pi enpòtan pou yon kourè premye klas sou yon demi-mil?",1
"Pou yon atlèt, kilès nan bagay ki annapre la yo pa ka reyalize sèlman pa mwayen pratik nitrisyonèl?",3
"Dapre pasaj la, kilès nan sa ki annapre la yo ki pa sijere kòm yon fason pou jèn atlèt jwenn plis plezi nan espò yo a?",2
"Dapre pasaj la, poukisa yon kourè distans mwayen ta ka achte yon pyès ekipman ki pi chè?",1
"Dapre pasaj la, kisa kous distans mwayen mande?",3
Kimoun ki te dekouvri rezonans mayetik nikleyè? ,3
Nan ki ane yo te akòde premye patant pou rezonans imajri medikal la? ,2
"Dapre pasaj la, apwopo kisa moun ta dwe gen yon konpreyansyon solid pou yo entèprete aksyon fizik lòt moun?",2
"Dapre pasaj la, kisa konpreyansyon entansyon ede moun fè?",1
"Dapre pasaj la, kilès nan sa ki annapre la yo ki se yon rezime egzat sou objektif prensipal AI an?",4
"Dapre pasaj la, ak kilès nan sa ki annapre la yo AI souvan asosye?",3
"Dapre pasaj la, kilès nan sa ki annapre la yo ki se yon fòs yon moun modèl panse konvèjan genyen?",4
"Dapre pasaj la, kilès nan sa ki annapre la yo ki pa konsidere kòm yon objektif nan mantalite panse konvèjan?",2
"Dapre pasaj la, kilès nan sa ki annapre la yo ki pa ta konsidere kòm yon mikwo-ekspresyon?",1
Kilès nan deklarasyon ki annapre la yo konsènan entèpretasyon mikwo-ekspresyon ki pa vre?,1
Kilès nan sa ki annapre la yo ki te vin pi enpòtan kòm rezilta Renesans lan? ,3
"Kòm rezilta Renesans lan, kilès nan sa ki annapre la yo ke yo te mete mwens aksan sou li?",1
Kilès nan sa ki annapre la yo ki pa reflete yon motivasyon pou itilize Entènèt pou kontinye ak relasyon?,3
Kilès nan sa ki annapre la yo ki pa reflete yon motivasyon pou itilize Entènèt pou enplike w pèsonèlman?,2
Kilè Ewòp delwès te sispann konte anpil sou enfliyans epi yo te kòmanse devlope pwòp estil pa yo?,1
Rezilta kisa itilizasyon bouton pou tache rad te ye? ,3
"Dapre pasaj la, kilès nan sa ki annapre la yo ke yo konsidere kòm yon solisyon solid alontèm pou pwoblèm anviwònman an?",3
"Dapre pasaj la, kilès nan solisyon ki annapre la yo ki pa ta konsidere kòm yon tretman pou sentòm pwoblèm anviwònmantal yo?",2
Nan ki peyi ki premye lagè ann Ewòp la te dewoule kote yo di pwoblèm santral la te gen rapò ak ekilib pouvwa olye li te gen yon kontèks relijye?,4
Ki lagè yo dekri pafwa kòm dènye ‘gè relijye’ a?,1
Kilès nan aspè ki annapre la yo nan Legliz Katolik yo pa te egzamine?,2
"Dapre pasaj la, ki moun yo te asasinen nan Versailles?",4
Kilès nan sa ki annapre la yo popilas la pa te fòse Wa ak Rèn lan fè?,3
Kilès nan sa ki annapre la yo ki pa te yon rezilta gè naval Grann Bretay ki pa konvansyonèl la?,3
Ki deklarasyon ki pa dekri avèk presizyon blokaj naval Grann Bretay la kont Almay?,4
"Dapre pasaj la, kiyès ki ta trè pwobableman gen yon dyagnostik Esklewoz Miltip?",1
"Dapre pasaj la, pou ki bagay patisipan nan aktivite regilye yo te bezwen plis sipò?",1
"Dapre pasaj la, kijan yo konn jwe eskrim òdinèman?",4
"Dapre pasaj la, kilès nan sa ki annapre la yo ki ta endikatè pi solid pou anpwazonnman entèn?",4
"Dapre pasaj la, ki premye etap ki apwopriye lè w ap evalye yon viktim?",1
Kilès nan deklarasyon ki annapre la yo ki pa reflete avèk presizyon pwosesis pou verifye yon viktim?,1
Kilès nan chanjman Revolisyon Fransè a te pwovoke ki te gen yon gwo enpak sou sitwayen klas travayè yo?,2
"Apre Revolisyon Fransè a, sou kisa siksè nan lame ak nan lòt metye yo te gen mwens tandans baze?",2
Ki sèvis piblik yo di ki lakòz plis mekontantman nan peyi devlope yo?,3
"Dapre pasaj la, kisa yo ka di sou sistèm transpò piblik yo?",3
"Dapre pasaj la, kilès nan sa ki annapre la yo ki kapab difisil pou evalye akòz chofè enprevizib yo?",4
Kilès nan sa ki annapre la yo ke yo itilize lè y ap reprezante yon sikilasyon trafik nan fason matematik?,4
Kisa Hershey ak Chase te itilize pou enplante ADN yo a? ,4
De kisa kapasite pou yon transmèt mitasyon bay desandan yo depann?,1
"Dapre enfòmasyon yo bay nan pasaj la, sou kisa divès efè mitasyon yo pa konte?",1
Kilès nan sa ki annapre la yo ki pa te yon rezon ki fè ansyen kilti yo te elve kabrit?,2
Objektif gòlf la se pran mwens kantite nan kisa?,2
"Sou yon teren gòlf, kikote zèb la koupe pi kout?",2
Ki objektif yon eksperyans òdinèman?,1
"Dapre pasaj la, kisa ki pa ede gide rechèch syantifik la?",1
"Dapre pasaj la, ki deklarasyon sou tònad yo ki pa vre?",3
"Dapre pasaj la, kilès nan deklarasyon ki annapre la yo ki dekri avèk presizyon pifò nan tònad yo?",4
Kilès nan sa ki annapre la yo lèzòm te kòmanse fè nan 16yèm syèk la?,4
Depi konbyen tan lèzòm ap agrandi objè avèk èd lantiy yo?,3
"Baze sou pasaj la, kisa gwòt Muhammad la di sou pratik espirityèl li oswa valè li yo?",1
"Dapre pasaj la, pou kisa yo te itilize Fè anpremye?",1
"Dapre pasaj la, poukisa yo te ranplase wou an bwa yo ak wou an fè?",4
"Dapre pasaj la, kisa ki te fasone moun yo pandan peryòd Womantis la?",2
Kilès nan deklarasyon ki annapre la yo ki pa reflete yon lide jeneral sou detèminism teknolojik? ,1
"Dapre pasaj la, kilès nan sa ki annapre la yo ki pa asosye ak rale bow a?",1
"Dapre pasaj la, kilès nan sa ki annapre la yo ki asosye ak son ki pi dou?",1
Fosil yo montre ke men yo te fini pa adapte pou yo itilize prensipalman pou kilès nan sa ki annapre la yo?,1
Kilès nan sa ki annapre la yo ki dekri falanj yon chenpanze avèk presizyon? ,3
Nan ki rezèvwa seleksyon retire nouvo varyasyon jenetik?,4
Ki pwosesis ki responsab ajoutman varyasyon jenetik?,3
"Dapre enfòmasyon ki nan pasaj la, kilès nan sa ki annapre la yo yon primat ta dwe manje pou rezoud yon “pwoblèm pwoteyin”?",3
"Dapre pasaj la, kilès nan pwoblèm ki annapre la yo ki pa akòz yon mank asid amine esansyèl?",1
Kijan manm yon sou-kilti espesyalman siyale asosyasyon yo souvan ak gwoup la?,4
"Dapre teyori ki prezante nan pasaj la, kisa ki ka rive yon timoun ki idantifye tèt li ak yon minorite rasyal yo deja fè lide sou li kòm minorite ki angaje l nan konpòtman menasan?",2
"Dapre pasaj la, konesans yon timoun sou lide ki deja fèt sou ras ka gen yon enpak sou kilès nan sa ki annapre la yo?",2
"Dapre pasaj la, kilès nan sa ki annapre la yo ki pa gen anpil chans annakò avèk edikasyon yon timoun sovaj?",2
"Dapre pasaj la, kilès nan sa ki annapre la yo ki dekri avèk presizyon konpòtman sovaj kay timoun yo?",2
"Dapre pasaj la, kilès nan pratik ki annapre la yo ki pa annakò avèk agrikilti ki oryante sibzistans?",2
Kilès nan sa ki annapre la yo ki dekri avèk presizyon pratik agrikilti pou sibzistans?,4
Nan ki kategori touris vizit nan yon mize ta tonbe?,3
"Dapre pasaj la, kisa ki ta ka yon priyorite pou vwayajè lwazi yo?",2
Kisa ki mansyone nan pasaj la kòm yon bagay ki te ede diminye laperèz chanjman nan legliz lokal la?,1
"Dapre pasaj la, ak kisa sa kapab ede lè yon moun konprann pwòp istwa pa l?",1
Kilès nan deklarasyon ki annapre la yo ki dekri avèk presizyon apwòch pòsmodèn aprantisaj la?,4
Kilès nan deklarasyon ki annapre la yo ki pa reflete avèk presizyon yon apwòch aprantisaj pòsmodèn?,2
"Apre ou fin reveye delibereman pandan peryòd somèy nòmal la, kilès nan sa ki annapre la yo ta jennen pwosesis entèripsyon somèy la?",3
Kilès nan sa ki annapre la yo ki pa yon deskripsyon egzat pou entèripsyon somèy?,1
"Amezi sèvo a eseye fè rèv je klè pi souvan, kisa ki ogmante?",4
Kilès nan efè negatif ki annapre la yo rèv je klè souvan ta ka gen sou kò a?,2
"Dapre pasaj la, kijan ekip konvansyonèl yo ak ekip vityèl yo sanble?",1
"Dapre pasaj la, ki deklarasyon konsènan ekip fizik yo ak vityèl yo ki pa vre?",1
Kilès nan sa ki annapre la yo ki pa yon bagay ki teyori kontni yo santre sou li?,1
Kilès nan sa ki annapre la yo ki pa yon objè nan règ twazyèm yo?,1
Kilès nan sa ki annapre la yo ki pa dekri fòma fotografi 35mm la?,3
"Dapre pasaj la, amezi fabrikan yo ogmante kalite a nan pwodiksyon lantiy yo, kijan objektif zoum yo te amelyore?",3
"Dapre enfòmasyon ki nan pasaj la, kilè yon objektif zoum ta ka pi bon pase yon objektif prensipal?",1
Kilès nan sa ki annapre la yo ki pa ta konsidere kòm yon deskripsyon egzat sou Mit?,4
"Dapre pasaj la, kilès nan sa ki annapre la yo ki pa yon konsantrasyon sou Mit?",1
"Dapre pasaj la, ki moun ki te petèt kòmanse yon sosyete agrikilti?",4
"Dapre pasaj la, gwoup ki te lachas moas yo, se premye abitan kikote yo te ye?",2
Nan ki senaryo itilizasyon metòd origami Pureland lan benefisye pliyè a?,4
Kilès nan sa ki annapre la yo ki pa dekri avèk presizyon origami Pureland?,1
"Dapre pasaj la, kikote ki pa asosye ak Sivilizasyon Valley Indus la?",3
Kilès nan sa ki annapre la yo ki pa mansyone kòm yon non posib pou Sivilizasyon Laj Bwonz ki diskite nan pasaj la?,3
"Dapre pasaj la, kilès nan sa ki annapre la yo ki pwodui yon benefis sou long peryòd?",1
"Dapre pasaj la, kilès nan sa ki annapre la yo yon moun ta ka bay priyorite si li konsantre l sou avantaj imedya?",4
"Dapre pasaj la, ki moun ki te kouvri yon pòsyon enpòtan nan depans pou lagè yo?",4
Ki peryòd tan ki te vini anvan laj Tanpliye yo?,3
Ki peryòd tan ki te vini apre laj Tanpliye yo?,1
Ki tretman oswa pwosedi medikal ki pa mansyone kòm sa doktè ak chirijyen yo te itilize pandan Anpi Women an?,1
"Dapre pasaj la, kilès nan sa ki annapre la yo ke yo pa atribiye a pwogrè ki te fèt nan domèn medikal pandan Anpi Women an?",3
De kisa kapasite pou wè depann?,1
Sou kisa varyasyon estrikti zye ant òganis yo depann?,2
"Dapre pasaj la, ki deklarasyon sou Sikis ki pa dekri relijyon an avèk presizyon?",2
"Dapre pasaj la, kilès nan sa ki annapre la yo ki konsidere kòm yon aspè debaz nan sistèm kwayans Sikh la?",1
"Dapre pasaj la, sou kisa timoun ki gen Twoub Defisitè Atansyon ta ka gen difikilte pou konsantre?",1
"Dapre pasaj la, poukisa timoun ki gen Twoub Defisitè Atansyon yo gen tandans angaje yo nan konpòtman ki riske?",4
"Dapre enfòmasyon ki nan pasaj la, kilès nan sa ki annapre la yo ki pa yon egzanp echafodaj?",1
Kilès nan sa ki annapre la yo ki pa dekri avèk presizyon konsèp echafodaj la?,3
"Dapre pasaj la, ki karakteristik MySpace ki ta ka benefisye elèv ki gen pwoblèm avèk lekti?",1
"Dapre pasaj la, kilès nan sa ki annapre la yo ki pa te fè pati repons Krushchev pou emèt travayè yo?",3
Kilès nan sa ki annapre la yo ki pa te yon kòz emèt nan Polòy yo?,4
"Dapre pasaj la, kilès nan sa ki annapre la yo ki pa te afekte relasyon ant URSS ak USA?",2
Kilès nan sa ki annapre la yo ki pa dekri avèk presizyon objektif pou voye enpilsyon nè nan tout kò a?,1
Kisa ou ka jwenn nan Plato Gizeh?,4
Ki objektif Gwo Piramid lan?,2
Kilès ki responsab konesans nou sou metè dife ki te detwi tanp lan?,3
Kisa ki yon deklarasyon egzat konsènan rekonstriksyon tanp Atemis la?,4
"Dapre pasaj la, kilè ki pi bonè yon espès te kapab mache sou de janm?",1
Kilès nan espès ki annapre la yo ki te mache regilyèman sou de pye?,2
Kisa marin Alman an te eseye akonpli pandan WWII?,2
"Dapre enfòmasyon yo bay nan pasaj la, kilès ki te gen plis siksè nan gè naval la pandan Kanpay Atlantik Nò a?",1
Kisa ki pa te egziste lè Asiryen yo te itilize kavalri?,1
Kijan batay ki itilize kavalri dewoule?,3
"Dapre pasaj la, kikote ou pa t ap jwenn yon sitwayen Babilòn mwayen?",4
Kilès nan sa ki annapre la yo ki te fèt pou prèt yo presizeman?,2
Kilè wa Tutankhamun te vin popilè?,3
Kisa ki te fè wa Tutankhamun yon wa Ejipsyen byen koni?,1
Kisa powèt grèk Homère pa te kapab fè?,2
Ki grèk selèb yo konnen pou yon lòt bagay ki pa literati?,3
Kikote fanmi ebre a te pase yon gran pati nan tan yo?,1
Kisa ki pa te trè enpòtan pou fanmi ebre a?,3
Kilès nan sa ki annapre la yo ki pa dekri kòm yon diferans ant peyi Eskandinav yo?,2
Ki moun ki te rete nan Groenland an premye?,1
Ki gwoup ki ta prefere dine san chèz?,3
Kilès nan sa ki annapre la yo ki pa t ap fè pati yon fèt ansyen Women?,4
"Dapre pasaj la, kilès nan sa ki annapre la yo ki pa gen anpil chans pou gen yon enpak dirab?",2
"Dapre pasaj la, kisa ki anvan yon nasyon?",3
Ki deklarasyon sou Drukgyal Dzong ki pa vre?,1
Ki deklarasyon ki dekri avèk presizyon rezilta dife a nan Drukgyal Dzong lan?,3
Kilès nan deklarasyon ki annapre la yo sou Kanmbòdj ki vre?,4
Kilès nan deklarasyon ki annapre la yo ki dekri avèk presizyon envazyon Kanmbòdj yo?,4
Kilès nan sa ki annapre la yo Dutch East India Company pa te fè pandan tan yo nan Taywann?,4
Kisa Trete Shimonoseki an te etabli?,4
Kijan yo mezire nivo pH yon pwodui chimik?,3
Kisa yo te retire nan yon idwojèn lan?,4
Kilès nan deklarasyon ki annapre la yo ki pa dekri avèk presizyon yon fyète lyon?,3
Kilès nan deklarasyon ki annapre la yo ki pa dekri avèk presizyon konpòtman lyon yo?,4
Ki tip predatè ki chase lapen yo kouraman?,3
Kilès nan sa ki annapre la yo pi piti chat souvan chase?,1
Kilès nan sa ki annapre la yo ki pa fè pati metòd lachas yon oselo?,2
Kilès nan sa ki annapre la yo ki pa dekri yon oselo avèk presizyon? ,3
Kilès nan sa ki annapre la yo ki pa ta konsidere kòm pi gwo fòs yon tig?,2
"Dapre pasaj la, kilès nan sa ki annapre la yo ki yon diferans ant tig ak lyon?",2
"Dapre pasaj la, kisa Robert Hooke te fè anvan lòt byolojis yo?",1
Kisa orijin mo “selil” vle di?,2
"Dapre pasaj la, pifò bèt yo gen kapasite pou yo fè kisa?",2
"Dapre pasaj la, kisa kèk bèt pa genyen?",3
Kisa ki ede plant yo nan pwosesis fotosentèz la?,4
Kisa moun ekspire ke plant yo enspire?,4
"Dapre pasaj la, kilès nan egzanp ki annapre la yo ki ta anpeche pwosesis evolisyon an?",1
Kilès nan deklarasyon ki annapre la yo ki pa dekri avèk presizyon pwosesis spesyasyon an? ,1
Ki pati nan sistèm sikilasyon an ki pote san nan direksyon kè a?,4
Ki tib ki pi piti nan sistèm sikilasyon an?,1
Kilès nan sa ki annapre la yo kapasite yon ensèk pou repliye zèl li ogmante?,2
Kilès nan sa ki annapre la yo ki pa mansyone nan pasaj la kòm yon bagay ki afekte kapasite yon ensèk pou l vole?,2
Kilès nan karakteristik ki annapre la yo ki pa souvan asosye ak dinozò yo?,2
Kilès nan sa ki annapre la yo ki pa konsidere òdinèman kòm yon karakteristik komen kay zwazo ak dinozò?,3
"Dapre pasaj la, ki pati nan yon plant sikad yon Triceratops ta gen anpil chans manje?",1
"Dapre pasaj la, kilès nan sa ki annapre la yo yon Triceratops ta gen plis chans pou manje? ",2
"Dapre pasaj la, kilès nan espò ki annapre la yo ki gen anpil chans pou li trè popilè nan rejyon ki pi nan nò Itali?",3
"Dapre enfòmasyon yo bay nan pasaj la, kilès nan espò ki annapre la yo ki te ranpòte yon chanpyona mondyal pou Itali?",1
Apre ki evènman sèten pati nan Liksanbou te vin Bèlj?,2
Kilès nan sa ki annapre la yo ki te afekte netralite Liksanbou?,1
Konbyen kilomèt kare sipèfisi total Tiki ye an Ewòp?,4
"Dapre pasaj la, apeprè konbyen mil longè Tiki genyen?",1
Pou kisa yo itilize lang Laten an nan vil Vatikan?,1
"Nan vil Vatikan, pou kisa yo pa itilize Italyen?",3
"Dapre pasaj la, kilès nan sa ki annapre la yo ki benefisye nan melanj son sou òdinatè sofistike?",1
"Dapre pasaj la, nan ki kote ki te gen majorite kay ak twalèt ki ka flòch ak chas dlo?",1
Nan kilès nan kote ki annapre la yo ou te jwenn sistèm dlo egou avanse?,1
Kilès nan sa ki annapre la yo ki lakòz yon patinè vire?,1
"Dapre pasaj la, kilès nan sa ki annapre la yo ki dekri avèk presizyon kre ki sou lam yon paten glas modèn?",3
"Dapre pasaj la, ki pwosesis ki pèmèt atòm yo elimine enèji ki depase nan limyè a?",1
Kisa ki lakòz yon atòm emèt yon foton?,2
"Dapre pasaj la, kisa ki pral alafen lakòz yon anpoul limyè sispann travay?",3
Kilès nan sa ki annapre la yo ki ta ka danjere si w manyen l pandan w ap ranplase yon anpoul limyè?,3
"Dapre pasaj la, kisa ki rive lè yon nwayo divize?",2
Kilès nan sa ki annapre la yo ki reflete apèl long distans yo tounen desann sou Latè,2
Kilès nan ki annapre la yo ke yo itilize pou mete yon teleskòp nan lespas?,2
Kisa ki ta dwe note apwopo yon evènman siklik pou swiv pasaj tan an?,1
"Dapre pasaj la, ki aspè nan yon evènman yo itilize tan pou konpare l?",1
"Dapre pasaj la, kilès nan sa ki annapre la yo ki konsidere kòm òdinè pou yon eritye twòn?",2
"Dapre enfòmasyon yo bay nan pasaj la, kisa Charles te premye ki fè l?",3
Nan ki peyi flòt Trygvasson an te soti?,4
Nan ki epòk nan listwa Almay te egzèse yon gwo enfliyans kiltirèl sou Estoni?,3
Kisa ki te enfliyanse lang Estonyen an?,2
"Dapre pasaj la, kantite moun ki pale Endi natifnatal varye selon ki faktè?",1
Kilès nan sa ki annapre la yo ki se yon deklarasyon vre sou lang Endi ak Oudou?,2
Kilès nan sa ki annapre la yo ki pa yon reyalite egzat sou alfabè Hangeul la?,1
Alfabè Hunmin Jeongeum te finalman chanje vin kisa?,2
"Dapre pasaj la, ki lang ki te enfliyanse ak Sanskrit?",4
"Dapre pasaj la, akòz kisa itilizasyon Sanskrit te diminye?",4
"Dapre pasaj la, kilès nan sa ki annapre la yo ki se yon deklarasyon egzat konsènan gravite sou Io?",4
"Dapre pasaj la, kilès nan deklarasyon ki annapre la yo ki dekri avèk presizyon kouch ekstèn Lalin nan?",4
"Dapre pasaj la, kikote kwout Lalin lan pi epè?",3
"Dapre pasaj la, kilès nan sa ki annapre la yo kèk moun kwè?",3
Kisa ki vin pi fen amezi w ap deplase pi lwen sant Solèy la?,3
"Dapre pasaj la, ki pati nan solèy la ki vizib apati Latè?",3
Kilès nan obsèvasyon ki annapre la yo ki te ede afime teyori Copernicus la?,1
Kilès nan sa ki annapre la yo Galileo Galilei te obsève an 1610?,2
"Dapre pasaj la, apati kikote Flèv Amazon lan kolekte dlo?",1
Ki distenksyon yo pa atribye ba Flèv Amazon lan?,3
Ki branch travay ki mansyone nan pasaj la ki anplwaye mwens kantite Venezyelyen?,3
"Dapre pasaj la, kilès nan sektè ki annapre la yo ki anplwaye pi gwo kantite Venezyelyen?",1
"Dapre pasaj la, kisa fizyon pèmèt zetwal yo fè?",3
Kilès nan sa ki annapre la yo yon retaktè fizyon itil ta ka kreye?,4
Kisa konpozisyon chimik dlo ye?,4
"Lè dlo chanje fòm, kisa ki pral rete menm jan?",1
"Dapre pasaj la, kilès nan sa ki annapre la yo ki pa te yon pwoblèm pou trèz Eta yo lè yo t ap eseye enpoze sèten lwa?",1
"Dapre pasaj la, ki deklarasyon ki reflete avèk presizyon eta gouvènman santral la pandan Gè Revolisyonè a?",3
Kijan yo ekri mo ki sou do Deklarasyon Endepandans lan?,3
Pou kilès nan sa ki annapre la yo Sengapou selèb?,1
Kisa ki Vanda Miss Joaquim lan?,2
"Dapre pasaj la, ki kalite nan piramid Gizeh yo ki pa te gen chans pou fè Ejipsyen Nouvo Wayòm lan sezi?",1
"Dapre pasaj la, kikote bèt ki manje manje fèy yo vwayaje soti nan pouswit lapli yo?",2
"Dapre pasaj la, apati ki zòn bèt ki manje fèy yo pati kèk moman ozalantou avril?",2
Envazyon ki peyi Operasyon Lyon Lanmè a te ye?,2
Kòman Almay te rele atak sou Grann Bretay lan?,2
Kisa ki pa mansyone kòm yon etap nesesè nan plan Itali pou pran peyi Afriken yo?,2
"Dapre pasaj la, kisa ki te konsidere kòm objektif prensipal Itali nan lagè a?",1
Ki moun ki te tabli relasyon amikal avèk anvayisè yo?,2
"""Kiyès alye yo ki te enplike nan """"Operation Dragoon"""" lan te ye?""",1
Devlopman ki teknoloji ki te lakòz soumaren yo kòmanse vwayaje anba dlo?,4
"Pandan premye itilizasyon yo, nan ki domèn soumaren yo te gen yon pòte trè limite?",3
"Dapre pasaj la, kiyès ki te vyole yon akò? ",4
Kilès nan sa ki annapre la yo Lame Wouj la pa te fè?,1
Kisa ki te pase enjenyè an chèf dizyèm lame Italyen an?,3
Kikote yo te touye Italo Balbo?,4
"Dapre pasaj la, kilès nan teknik ki annapre la yo ki se yon pati enpòtan nan meditasyon Tibeten?",1
"Dapre pasaj la, kijan chakra yo aktive pandan “sant” meditasyon tibeten an?",2
Kilès ki te prezante dezyèm chante devosyonèl la pandan pwogram nan?,4
"Dapre pasaj la, kimoun ki te prezante yon chante devosyonèl pandan ofrann manje a?",1
Kisa ki te avan dènye pèfòmans lan nan aswè a?,1
Ki nasyonalite Alessandro Safina?,4
"Dapre pasaj la, kilès nan deklarasyon ki annapre la yo ki pa vre?",1
"Dapre pasaj la, kimoun ki te fè yon kòmantè konsènan nivo chalè enkonfòtab la?",2
Kikote ki te gen yon pàn kouran akòz aktivite tsunami an?,1
"Dapre pasaj la, kijan pàn kouran an te afekte Tonga?",4
Kilè lapolis te kapab sèvi ak zam rada li yo pou kontwole vitès Jonny Reid ap kondi?,1
"Dapre pasaj la, poukisa li te difisil pou lapolis Nouvèl Zelann te kontwole vitès Jonny Reid?",2
Kikote tranbleman a te santre parapò ak Butte?,1
Kisa ki te pase pandan emèt la nan Abu Ghraib?,4
Poukisa prizon Irak la te vin genyen notoryete? ,4
Ki tip evènman ki ta dwe òganize nan War Memorial Stadium Maui an?,3
Kiyès finalman ki te bay yon eksplikasyon konsènan anilasyon evènman an?,2
Kimoun plizyè nan rezidan Bichkek yo panse ki te responsab piyaj la?,3
Kimoun ki te blame manifestan ki soti nan sid yo pou piyaj la?,1
Kilè Ring te gen ogmante lavant?,1
Kilè Jamie Siminoff te deside kòmanse Ring?,1
Pou ki bagay chak epizòd Reading Rainbow te ofri rekòmandasyon pou timoun yo?,4
Kisa ki te petèt kontribye nan anilasyon seri Reading Rainbow a?,1
Kilès nan sa ki annapre la yo ki pa te yon agiman responsab yo bay pou Amstèdam ak mize a konsènan pyebwa a?,1
"Dapre yon enspektè anchèf pou RSPCA a, pou kilès nan sa ki annapre la yo enspeksyon yo ta dwe estanda?",4
"Dapre pasaj la, kisa ki ta ka ede ranfòse enpòtans byennèt bèt yo pou travayè abatwa Ostralyen yo?",1
"Dapre pasaj la, ki metye moun yo te arete a?",1
"Dapre pasaj la, pandan y ap gaye nouvèl sou yon lòt arestasyon, yo t ap fè antèman pou konbyen viktim?",4
"Kòm reyaksyon ak manifestasyon yo, ki peyi ki pa te avanse avèk akò ACTA li te siyen an?",2
"Dapre pasaj la, kilès nan peyi ki annapre la yo ki te deside ranvwaye pwosesis pou antre nan ACTA?",4
Konbyen moun ki te blese akòz ensidan iPod ki chofe twòp yo?,1
Kimoun ki te di ke ensidan sichofaj yo pa te trè grav?,4
"Pandan diskou li a, kisa Steve Jobs te di Apple te pral reyenvante?",2
Kisa objektif diskou dezèdtan Steve Jobs la te ye?,3
Kisa Cristina Fernandez de Kirchner te anonse nan Teyat Ajantin lan?,1
Kikote Cristina Fernandez de Kirchner te anonse entansyon l pou l kandida?,3
Ki rezilta ACMA te genyen anrapò ak Big Brother?,1
Ki paramèt medya yo dwe respekte pou yo konsidere kòm kontni Entènèt?,2
Kimoun ki lidè nan Pati Liberal Ostrali a?,2
Poukisa Ostrali pa deja gen yon endistri nikleyè?,1
Ki skiyè ki te fè konpetisyon avèk èd yon gid?,3
Ki peyi ki te fini dizyèm nan Super-G pou kategori fanm kanpe yo?,1
"Dapre pasaj la, ki deklarasyon sou Blake ki pa egzat?",2
"Dapre pasaj la, kilès nan sa ki annapre la yo ki pa te rive Blake?",3
Pou ki bagay yo p ap sèvi avèk fon ONI an pou rechofman klimatik la?,2
"Dapre pasaj la, kisa ONI espere sove?",3
Kilès nan sa ki annapre la yo Albert Muchanga pa te site kòm yon bagay yo te bezwen dakò sou li toujou?,1
"Dapre pasaj la, poukisa echanj yo ka kòmanse an Jiyè?",2
"Dapre pasaj la, de kisa The Atlanta Journal-Constitution te akize responsab edikasyon yo?",3
"Dapre enfòmasyon yo bay nan pasaj la, kisa ki pa te mansyone nan rapò Atlanta Journal-Constitution an?",4
"Dapre pasaj la, ki enfòmasyon yo konnen apre bonbadman an?",2
"Depi li te antre nan Manchester City an 2017, nan konbyen match Jesus te jwe?",4
Ki klib Jesus te resevwa yon frè £27 milyon pou li antre ladan?,2
Ki deklarasyon apwopo envite otèl yo ki pa vre?,4
"Dapre pasaj la, kilès nan deklarasyon ki annapre la yo ki vre?",3
"Dapre pasaj la, ki enfòmasyon sou kolizyon an ki pa sèten?",1
"Dapre pasaj la, kisa ki dwe detèmine toujou konsènan kolizyon an?",4
"Dapre pasaj la, ki plas Batten te genyen yon fwa sou lis Ameriken ki pi rich yo?",3
Bay kilès annapre la yo Batten te fè yon don?,2
Kisa ki pa yon pati nan pwojè lwa Gouvènè Arnold Schwarzenegger siyen an?,3
"Dapre pasaj la, kimoun ki te rate bagay yo t ap di yo?",3
"Dapre pasaj la, kilès nan sa ki annapre la yo ki vrè konsènan eksperyans Miller nan odyans lan?",2
Kimoun ki sijere ke revizyon dwe fèt nan ‘Lwa lè pwòp la’?,3
Kimoun ki te demanti ke yo te itilize “Lwa lè pwòp” la kòm stunt avan eleksyon an?,1
Ki konpoze asid syanirik ak melamin te fòme lè yo reyaji youn ak lòt nan pipi chat?,3
Kisa chèchè yo te itilize espektroskopi enfrawouj pou obsève?,2
Kimoun ki rele Luna “Rèn Estrèm lan”?,4
Kilès ki rele Luna “biza”?,2
Kisa ki pa te rive chofè ki te enplike nan aksidan an?,3
Kisa ki pa te yon bagay ki te make gameplay Afrik Sid pandan tounwa rigbi a?,3
"Dapre pasaj la, kilè jwèt Afrik Sid la te kòmanse amelyore?",4
"Dapre pasaj la, kilès nan deklarasyon ki annapre la yo ki pa reflete avèk presizyon ekonomi Chin?",4
"Dapre pasaj la, kilè GDP Lachin ta ka depase Etazini?",2
Kisa Hu te sijere pou peyi an devlopman yo fè?,4
Kisa Hu pa te mansyone?,4
Pou kilès nan bagay ki annapre la yo Veerman te di sitiyasyon an pa bon?,2
"Akòz akizasyon an, kimoun ki pral okipe pòs kabinè Huhne lan?",1
Kilès ki pral pran wòl Minis Afè apre akizasyon an?,1
Kisa pèfòmè yo ankouraje odyans lan fè pandan opera Camille Saint-Saens lan?,1
Kimoun ki prensipalman fimen jwen pandan opera a?,1
Ki lòt non pou “mache nan lespas” Leonov te fè a?,3
Leonov te dirije pati Sovyetik nan ki misyon?,2
Kimoun ki te blese nan aksidan an?,1
Kisa ki te rive moun ki te enplike nan aksidan an?,2
Syantis k ap travay sou pwogram nan te espere obsève efè kilès nan bagay ki annapre la yo te lakòz?,2
Matyè kilès nan bagay ki annapre la yo syantis yo te ap obsève?,4
"Dapre pasaj la, kisa konsèvatè pa kritike?",2
Kimoun ki kritike kontra rekonstriksyon yo pou efò sekou Siklòn Katrina yo?,2
"Dapre pasaj la, kikote limyè ki soti nan veso espasyal Stardust la pral vizib anpremye?",2
"Dapre pasaj la, veso espasyal la pral etabli yon rekò pou kilès nan bagay ki annapre la yo?",3
Kijan Doktè Malar Balasubramanian te fanmi ak Saroja Balasubramanian?,2
Kikote yo te jwenn kò Sara Balasubramanian?,3
Kisa akizisyon eBay te fè ?,3
Kisa eBay ap chèche reyalize ak akizisyon an?,1
"Dapre pasaj la, kimoun ki pa te kominike avèk prizonye yo ki te rete nan lakou a apre batay la?",4
Kilès nan sa ki annapre la yo ki te lakòz prizonye yo renonse finalman ak emèt la?,2
"Dapre Ayatollah Ali Khamenei, de kisa peyi Iran ta dwe libere tèt li?",1
"Dapre pasaj la, kimoun ki te admèt efè sanksyon an sou ekonomi Iranyen an?",1
Kilès nan sa ki annapre la yo ki pa fè pati pwosesis vòt Lafrans?,4
Kikote votè yo endike kandida yo chwazi a?,2
Kisa ki te mennen Allen kòmanse yon rechèch uit ane pou Musashi a?,4
"Dapre pasaj la, sou kisa Allen te depanse yon montan enpòtan nan lajan li?",2
"Dapre pasaj la, kilès nan sa ki annapre la yo ki gen anpil chans mennen nan kondisyon danjere andedan izin lan ak toutotou li?",2
Kilès nan sa ki annapre la yo ki pa youn nan konsèy sekirite yo sijere rezidan lokal yo apre ensidan an nan izin lan?,1
"Dapre Doktè Moll, kisa ki pi enkyetan konsènan XDR-TB?",4
Konbyen pasyan ki te trape nouvo varyant lan te ki konfime kòm travayè swen sante?,2
Ki kalite teknoloji sistèm NextGen lan itilize?,1
Kijan NextGen benefisye dirèkteman kontwolè trafik ayeryen yo?,2
"Dapre pasaj la, sou kisa istoryen yo pa kritike FBI paske li te konsantre l sou li?",1
Kisa inisyativ obsenite a fòse FBI fè?,4
Kisa ki te pase machin ponpye ki te reponn pou aksidan JAS 39C Gripen lan? ,2
"Apre aksidan JAS 39C Gripen lan, pou kisa ayewopò a te fèmen?",1
Kilès Brzezinski te ofri konsèy pandan Revolisyon Iranyen an?,3
Kilès ki te okipe pòs Konseye Sekirite Nasyonal la jiska 1977?,2
Kilès nan sa ki annapre la yo ki pa reflete avèk presizyon karyè Bobek nan Partizan Bèlgrad?,1
Ki deklarasyon sou istwa Bobek ak Partizan Bèlgrad ki vre?,1
"Dapre pasaj la, ki karakteristik ki diferansye Hesperonychus ak Velociraptor?",2
Nan ki karakteristik fizik espès la siyifikasyon “Hesperonychus” soti?,1
Kilès nan deklarasyon ki annapre la yo konsènan tir la ki vre?,4
Ki deklarasyon konsènan evènman kote tir la te fèt la ki egzat?,1
"Dapre pasaj la, kisa ki te premye enkyetid pami responsab yo konsènan Luno a?",3
"Dapre pasaj la, kilès nan deklarasyon ki annapre la yo sou pàn Luno a ki pa vre?",2
Nan ki deseni Aljeri te pran endepandans li?,3
Kikote yo pa te enstale ekran televizyon pou seremoni antèman an?,4
Kikote seremoni antèman an te òganize?,1
"Apre eksplozyon an, kimoun yo te trete pou blesi grav?",2
Kimoun ki te rapòte flit gaz la?,1
"Dapre pasaj la, konbyen moun ki te mouri nan atak la?",2
Kimoun zam pa te rive tire nan yon sèten moman pandan atak la?,3
Kilès nan espò annapre la yo ke yo te retire nan pwogram olenpik la?,3
Kilès nan espò annapre la yo Komite Olenpik Entènasyonal la te vote pou mete nan jwèt yo?,3
"Odepa, Arthur Guinness te lwe Brasri St James’ Gate pou konbyen ane?",4
Apeprè konbyen milya dola Guinness rapòte chak ane?,3
Nan konbyen peyi nan Inyon Ewopeyèn an yo te idantifye viris H5N1 an?,3
Kikote yo te idantifye ka viris H5N1 pi resan an?,1
Kilè Ayiti te fè dènye rankont ak maladi a anvan pwopagasyon sòlda mentyen lapè yo te lakòz?,1
Apati ki kote fatra te kontribye nan pwopagasyon maladi a?,1
Kisa gouvènman Ilandè a planifye pou fè?,1
Kisa ki te legal tanporèman nan Iland?,4
Pou kisa y ap envestige delenkan yo sispèk la?,1
"Lè w modifye siy lan, kisa sispèk la pa te fè?",3
"Dapre pasaj la, pou kilès nan sa ki annapre la yo ke yo pa te akize titè anglè Karno a?",1
"Dapre pasaj la, kimoun Rolando Mendoza pa te pran an otaj?",2
"Dapre pasaj la, ki otaj yo pa te konfime ke yo te libere bonè?",1
"Daprè pasaj la, kilès k ap rasanble siyati pou soutni legalizasyon maryaj moun menm sèks nan peyi Brezil?",1
Bay kimoun manifestan yo pral remèt petisyon yo a?,3
"Dapre istwa Armand Versace a, kisa ki te rive dirèkteman anvan foul moun yo te kòmanse reyaji ak tan an?",3
"Dapre Versace, kilè van ki pi fò yo te kòmanse?",1
"Anvan Fred, konbyen gwo tanpèt yo te anrejistre nan lès 35°W?",3
"Lè Fred te sitiye toupre zile Kap Vè, nan ki direksyon li t ap deplase?",4
Kilès nan sa ki annapre la yo ki gen vitès pi rapid pase sa anvan li yo?,1
Kisa ki nesesè pou 802.11n konpatib annaryè avèk 802.11b?,4
Konbyen evènman medaye dò olenpik la te dwe naje nan jwèt Commonwealth yo?,2
Poukisa medaye dò olenpik la pa te pran medikaman pou doulè li?,4
"Dapre pasaj la, kisa ki te kapab mennen nan konfizyon sou aktivite tranbleman a?",1
"Dapre pasaj la, kilè yon chanjman faz te rive?",3
Kilès nan deklarasyon ki annapre la yo konsènan sonn linè Chandrayaan-1 an ki pa vre?,1
Kilès nan deklarasyon ki annapre la yo ki dekri avèk presizyon sonn linè a?,2
"Dapre pasaj la, ki mezi pwoteksyon kont maladi a ki pral aplike an dènye?",3
Kijan maladi a transfere bay moun?,1
Echèk dezyèm fraz la ka mennen nan ki rezilta?,2
"Dapre pasaj la, kilè yo te efase dezyèm fraz la?",1
Ba kiyès yo divilge “Papye Panama” yo?,2
"Dapre pasaj la, kilès laprès Britanik la te deklare ki t ap jere anpil nan konpayi yo te itilize pou kache richès yo?",3
Kilès nan aksidan avyon annapre la yo ki te gen plis lanmò?,1
Kilès nan sa ki annapre la yo ki pa yon rezon pou anpil aksidan ayeryen ki rive an Iran yo?,2
Kilès nan sa ki annapre la yo ki pa te enkli nan rapò Gwoup Etid Irak la?,2
Kilès nan sa ki annapre la yo Gwoup Etid Irak la pa te mande avèk ensistans nan rapò li a?,1
"Dapre lapolis, kimoun ki te konsidere kòm yon bra dwat Provenzano?",2
"Dapre enfòmasyon yo bay nan pasaj la, kisa ki te kòz lanmò Falcone?",1
Kilès nan sa ki annapre la yo ki pa youn nan distenksyon Hitoshi Saito yo?,1
Kikote Iwasaki te reyisi evite pwononse ve?,2
Kimoun ki te atake Iwasaki?,3
Kilè Alonso te fini kous li a?,3
Kisa ki te lakòz Schumacher fini kous li byen bonè?,4
"Dapre pasaj la, kilès ki gen responsablite fikse kosyon pou moun yo arete?",4
"Dapre lòd restriksyon tanporè ki mansyone nan pasaj la, kisa moun yo arete yo dwe gen dwa pou yo genyen pou yo kenbe yo pandan pi lontan pase 24 èdtan?",4
"Dapre pasaj la, ki rezon yo pa t itilize pou esplike anilasyon kous la?",2
Poukisa diplomat yo finalman jije dezyèm tou a pa itil?,3
Kiyès ki bay FATA yo sèvis jiridik?,2
"""Kiyès nan deklarasyon sa yo ki konsène """"Ajan Politik"""" FATA yo ki pa verite?""",1
Pou ki pri yo te nomine Emma Stone?,3
Pou ki pri fim nan pa t nomine?,1
"Pami eleman sa yo, kiyès ki te rete an sèvis apre tranbleman te a?",4
"Dapre pasaj la, kiyès nan eleman annapre yo tranbleman te a te domaje?",3
"Dapre pasaj la, kiyès nan pwoblèm sa yo ki pa enkli nan dokiman an?",2
Kiyès nan pwen sa yo ki pa yonn nan revandikasyon Palestine yo?,2
Nan ki peyi Ma te etidye dwa?,1
"Dapre pasaj la, ki peyi ki te kontribye nan viktwa Ma nan eleksyon yo?",4
"Jan yo di nan pasaj la, pou kiyès Carolyn Wilson t ap travay anvan li te kite vil la?",3
"Avèk kat kous ki rete nan sezon sa a, kiyès ki okipe katriyèm plas nan Chanpyona Pilòt yo?",4
"Apre kous yo mansyone nan pasaj la, konbyen pwen Kahne genyen nan Chanpyona Pilòt yo?",1
"Dapre pasaj la, konbyen fwa moun te wè meteyorit k ap tonbe ke yo vin pwouve aprè ke se sou mas yo soti?",2
"Jan sa mansyone nan pasaj la, kisa ki vrè sou wòch yo dekouvri ki gen orijin yo sou mas yo?",4
Kilè Schumacher te pran retrèt?,2
Kilè Massa te blese a?,3
"Dapre pasaj la, ki enpak aranjman yo ap gen sou AOL?",3
Kiyès nan sa ki annapre yo ki ka disparèt apre nouvo akò a?,3
Konbyen moun ki te mouri nan atak la ki pa te polisye?,3
Kiyès ki te rapòte moun yo te sispèk ki fè atak la?,2
"Florida kòm etan yon eta kote moun ki genyen an ranpòte tout eleksyon an, kisa yo te bay Mitt Romney?",3
"Dapre pasaj la, ki pousantaj vòt Gingrich te fè nan eleksyon primè yo?",2
"Dapre pasaj la, kiyès ki pa t kontinye prezante apre rezilta konsèy la?",2
"Dapre pasaj la, kiyès ki t ap fè lwanj pou yon lòt kandida apre rezilta konsèy la?",2
Ki sèl kote emisyon an te prezante anvan 2015?,1
Ki nivo estasyon an te di emisyon an genyen?,1
Kisa David Headley te jwenn ki finalman te kontribye nan atak gwoup militan yo?,1
Ki mwayen transpò gwoup militan yo te itilize pou yo ale Mumbai?,3
Ki deklarasyon ki reflete ekzakteman rezilta match ki opoze Nadal ak Raonic nan Open Brisbane yo mansyone nan pasaj la?,1
"Dapre pasaj la, kijan klasman match ant Nadal ak Raonic lan te ye aprè premye sèvis la?",2
Ki emisyon lang yo pa enkli nan twa dènye emisyon Naked News yo?,3
"Dapre pasaj la, ki kote nouvo emisyon Naked News yo p ap disponib?",3
Konbyen konpetitè ki pa t fini Slalom Giant lan?,4
Kiyès nan deklarasyon annapre yo ki reflete ekzakteman rezilta kous Chanpyona yo?,1
"Kilès nan tout sa yo, NBA a te deside sispann?",1
"Dapre pasaj la, kisa ki te fè NBA enkyete pou viris la?",4
Kiyès ki te fè gòl ki te pèmèt Washington Capitals genyen nan match li t ap jwe kont Atlanta Thrashers la?,1
Kiyès ki te fè 60yèm gòl li nan sezon an nan match Capitals ak Thrashers la?,3
Kilè Bank Northern Rock te bezwen sipò gouvènman an?,4
"Dapre pasaj la, kiyès nan deklarasyon sa yo ki pi byen dekri relasyon ki genyen ant Virgin Group ak bank Northern Rock?",1
"Jan yo presize nan pasaj la, ki peyi ki afekte ak siyati akò Kyoto sou klima a?",1
A kisa ansyen gouvènman Ostraliyen an te panse ratifikasyon pwotokòl Kyoto a t ap nwi?,1
Pou ki pwogram yo te angaje tirè yo?,1
Ki deklarasyon ki pa koresponn ekzakteman a tès pou lit kont parazit la?,1
"Dapre pasaj la, ki kote yo te jwenn fant lan?",1
"Dapre pasaj la, kisa ki pase pi vit ke yo te prevwa?",2
Kisa yon jwè dwe fè pou l ka manipile mouvman yo nan yon jwèt videyo?,3
Kisa ki te fèt pou l sanble ak yon rimòt televizyon?,2
Kisa ki pa t mansyone nan dènye rapò ajans près Xinhua a?,2
Kisa ki pa t mansyone nan premye rapò ajans près Xinhua a?,4
Kisa Sara Danius te anonse pandan emisyon radyo a?,4
Kiyès yo pa t ka jwenn?,4
"""Kiyès ki te kòmante ki di ke angajman an se yon """"etap enpòtan""""?""",3
Konbyen tenb Słania te pwodui pou divès peyi?,4
"Dapre pasaj la, ki koz posib ki fè gen devèsman nan tou ki nan rezèvwa a?",3
Poukisa soupap sekirite yo ouvri?,2
Ki wotè dlo a ye kounye a nan Ninth Ward ?,3
"Pandan siklòn Katrina a, kisa ki te pase Ninth Ward?",3
Kiyès nan sa yo Hamilton pa t konfime?,1
Ki bagay syantifik yo vle dekouvri?,4
"Dapre pasaj la, ki wòl lapolis nan zòn nan te jwe nan fèmti a?",3
Sa k te pase antre tib la pandan fèmti a?,1
"Dapre pasaj la, kisa ki pa te pase anvan machin nan te frape fotograf la?",4
Kisa fotograf la t ap eseye fè anvan machin te frape l la?,2
Ki deklarasyon ki pa dekri kòrèkteman eta sante prezidan an apre li teste pozitif a viris la?,1
"Dapre pasaj la, kiyès nan deklarasyon sa yo ki konsène prezidan an ki verite?",3
"Dapre pasaj la, kilè siklòn twopikal Gonu ta dwe kontinye pèdi fòs?",2
A ki vitès van yo te soufle lè siklòn Gonu te rive nan limit maksimòm li?,2
Kiyès nan sa yo ke yo pa konsidere kòm yon karakteristik Karenia brevis?,3
"Nan tout sa yo, kisa Karena brevis pa ka fè?",2
"Dapre pasaj la, kiyès nan sa yo ki pa t fèt akoz siklòn Felicia?",4
Kiyès nan deklarasyon sa yo ki fo konsènan siklòn Felicia?,2
Ki deklarasyon ki pi byen reflete rezilta Grand Prix a nan Ongri an 2009 ?,3
Kilè aksidan an te fèt?,1
"Dapre pasaj la, kiyès nan sa yo ki te pran mwens tan ke sa espesyalis yo panse yo t ap pran odepa?",1
Kiyès nan sa yo chèchè yo pa t rapòte?,3
Ki kote CowParade la te fèt?,2
Kiyès nan deklarasyon sa yo ki pi byen dekri CowParade la?,4
Kisa ki te pouse Larisi kanpe sou itilizasyon II-76 yo?,2
Kisa II-76 la ye?,3
Kiyès ki te angaje ekip senaris la pou The Simpsons?,2
"Dapre Fluke, kiyès ki te voye kòmantè pozitif ak ankourajman pou li?",4
"Dapre pasaj la, de kisa anpil moun pa te renmen pou medam yo pale?",3
"Dapre pasaj la, ki kò planetè ki pi dinamik?",1
Sou ki kò planèt yo te rive idantifye rivyè ak lak ki fòme ak yon likid transparan?,2
Kiyès nan rezilta sa yo ki pa rezilta dekouvèt yon plim?,4
Kisa plim dinozò yo pa t genyen?,2
Kiyès nan deklarasyon sa yo ki konsène ZMapp ki pa verite?,2
Kiyès nan deklarasyon sa yo ki pi byen dekri esè PALM nan?,3
Kikote chèchè yo panse nouvo tchip la t ap pi enpòtan?,1
Ki metòd y ap itilize pou elabore zouti dyagnostik la?,2
"Dapre pasaj la, ki deklarasyon konsènan sikatris lobe yo ki pa yon verite?",4
"Dapre pasaj la, ki teyori ki konsène relyèf yo ki montre ke gen yon aktivite jewolojik sou lalin?",4
"Dapre pasaj la, kisa ki p ap janm genyen ankò jiska ak akizasyon an?",1
"Dapre pasaj la, kisa ki pa yon pwoblèm pou chasè fòk yo?",4
"Anplis de glas la, ki lòt bagay ki ka afekte operasyon sovtaj yo?",2
Ki kwayans Roberts te refize valide?,3
Ki sijè Roberts te wè ki twò pa kadre ak etik la pou yo te abòde li?,4
Ki kote de feso limyè yo ap klere?,1
"Dapre pasaj la, kilè y ap konstwi nouvo gratsyèl sou sit la?",4
Ki enfòmasyon ki te sijere pou Sèt Sè yo se gwòt?,1
Kòman yo te obsève konpòtman tèmik sèt sè yo?,1
"Dapre pasaj la, ki deklarasyon konsènan sispè la ki pa yon verite?",4
Ki enfòmasyon konsènan atak la otorite yo te konfime?,2
Ki ekip k ap jwe match nan Ellis Park la?,3
Ki kote Springboks yo ap jwe pwochen match yo?,3
"Pami sa yo, kiyès ki bay estasyon espasyal la pwoblèm pandan misyon an?",1
"Dapre pasaj la, nan ki bi yo te reyalize misyon nan estasyon espasyal la?",3
Kiyès nan deklarasyon sa yo ki konsène dosye a ki pa verite?,4
Kiyès nan deklarasyon sa yo ki pi byen dekri dosye a?,4
"Dapre pasaj la, pou ki klèb Vidal te kòmanse jwe sa gen twa lane de sa?",3
Konbyen match Vidal te jwe pou Barça?,1
A ki ekip li te jwe match la?,2
Poukisa Jarque te rete nan otèl la?,3
Poukisa ajans jewofizik Jakata a pa t bay avètisman?,4
"Dapre pasaj la, kisa tranbleman te a te lakoz?",1
Kiyès nan sa yo ki motive aktivite solèy la ak tout lòt etwal yo?,3
Kijan yo ka fè konnen nonm Rossby yon etwal?,1
Ki pousantaj moun yo entèwoje ki aksepte pou Ostrali vin yon repiblik san pèdi tan?,2
"Dapre Julie Gillard, kilè Ostrali ta dwe devni yon repiblik?",2
Ki òganizasyon ki gen ankèt jidisyè k ap fèt sou li?,3
Nan tèt ki komisyon Cliff Stearns ye?,4
"Dapre pasaj la, kisa ki pa t rive sitwayèn Swis la?",2
Ki konpayi ki te pran Pri Devlopman Dirab Taywann nan an 2007?,3
Kisa ASUS Eee PC ye?,2
Kiyès ki te responsab dokiman postal ki manke yo?,3
"Dapre pasaj la, kiyès ki te prezante eskiz pou dokiman ki manke yo?",4
Kilè Del Potro te oblije pran swen pwoblèm zepòl li a?,3
Kisa rezilta premye egalite a te ye?,1
"Jan yo mansyone nan pasaj la, kiyès espesyalman ki te ekspoze a yon pasyan?",2
"Dapre pasaj la, ki asirans gouvènè a pa t bay lè li t ap adrese li a sitwayen Tekzas yo?",4
Ki sous enfomasyon pou blag de ansyen elèv UW yo te kreye?,4
"Dapre pasaj la, kiyès nan sa yo ki pa fè pati kategori jounal blag Zonyon an?",1
"Dapre pasaj la, kisa lapolis t ap siveye?",3
A kilè lapolis te mande manifestan yo pou deplase pou evite agrave sikilasyon an?,4
Kisa ki vrè osijè rechèch Doktè Ehud Ur te fè a?,2
"Dapre pasaj la, sou ki pwen Doktè Ur te ensèten?",1
Kiyès nan deklarasyon sa yo ki pa dekri kòrèkteman aksidan vòl CG4684 la?,3
Kisa k te lakoz entèripsyon nan aterisaj vòl CG4684 la?,4
"Dapre pasaj la, pami deklarasyon sa yo konsènan eksperyans Franciszek Kowal la, kiyès ki verite?",2
Poukisa li difisil pou evalye posib enpak tanpèt twopikal Danielle?,3
"Dapre pasaj la, kiyès nan deklarasyon sa yo ke yo fè sou tanpèt twopikal Danielle la ki pa verite?",4
"Dapre pasaj la, kisa k ta dwe pase a maladi a anvan li pwovoke yon epidemi nan mond lan?",1
"Dapre pasaj la, a ki ditans tifon an ye de Fujian?",1
Kiyès ki te akeyi George W. Bush lè l te rive an Azi a?,4
Kilè prezidan an te pale sou devlopman komèsyal ak Azi a?,3
"Dapre pasaj la, kiyès nan objektif annapre yo ki se objektif jeneral gouvènman an?",4
Kisa gouvènman an te anonse?,1
"Dapre pasaj la, ki enfòmasyon moun yo genyen?",1
Ki deklarasyon konsènan manifestasyon yo ki pa yon verite?,3
Kiyès ki te sijere pou dènye CEP a demisyone?,3
"Dapre deklarasyon an, kisa USA Gymnastics pa t sipòte aprè abi Nassar te fè atlèt yo?",1
"Dapre deklarasyon an, ki objektif prensipal USA Gymnastics ak Komite Olenmpik Ameriken an pou pwochen ane yo?",4
Ki kote bato a ta prale lè ensidan an te rive a? ,3
Kiyès nan fè sa yo sou bato yo mansyone nan pasaj la ki pa yon verite?,2
Kiyès ki te fè deklarasyon konsènan twoup Ameriken yo?,1
"Dapre deklarasyon an, ki peyi ki te pran responsabilite gad konbatan yo arete yo?",4
Kisa yo sipoze ki te lakoz aksidan an?,1
Sou ki tip de teren aksidan an fèt?,4
Kisa otorite yo te espere apre inondasyon an?,1
"Pami eleman sa yo, kiyès konstriksyon baraj la te afekte de fason pèmanan?",4
"Dapre pasaj la, kiyès ki te bay Etazini enfòmasyon pou posib atak yo?",3
Kiyès nan deklarasyon sa yo ki dekri plan atak ekstremis yo te anonse a ak presizyon?,3
Kiyès nan moun sa yo ki pa yon avoka?,4
Ki gwoup moun yo pa mansyone ki fè pati eskandal ki genyen nan kominote jiridik Grèk la?,1
Konbyen tikè End te pèdi?,2
"Dapre pasaj la, ki pi gwo pwen ki te fèt nan pati a?",3
Kiyès nan sa yo ki pa yonn nan koz fristrasyon Adam Cuerden?,1
"Dapre pasaj la, kisa yo te elimine sou sit la?",2
"Dapre pasaj la, kisa Amir Khan pa t sipòte nan tout sa yo?",1
"Dapre pasaj la, kiyès nan sa yo Amir Khan ap sipòte malgre opinyon pèsonèl li?",1
Kilè Peter Lenz mouri?,3
Kiyès Xavier Zayat ye?,2
Nan ki sitiyasyon yon vwayajè ki enpasyan ap gen enterè pou konprann fonksyònman entèn yon avyon?,2
"Dapre pasaj la, kiyès nan sa yo yon vwayajè ki sansib a pri dwe fè an dènye?",2
"Dapre pasaj la, kisa vwayajè yo dwe fè an premye pou yo ka jwenn pi bon pri posib pou vòl yo?",2
Kilè yon konpanyon dwe akonpaye yon livrezon?,3
"Dapre pasaj la, lè w ap chwazi yon konpayi ayeryen pou fè yon alyans, kiyès nan sa yo ou dwe konsidere kòm yon priyorite?",1
"Dapre pasaj la, kiyès ki ka ofri plis pwen fidelite?",4
"Dapre pasaj la, pami tout sans annapre yo kiyès ki ka chanje si w konsome twòp alkòl?",2
"Jan yo mansyone nan pasaj la, kisa ki gen posibilite pou diminye efè nwizib alkòl la?",3
Ki kote valè imobilye yo pami valè ki pi elve nan Amsterdam?,1
Poukisa yo te klase Distri Kanal kòm Patrimwàn Mondyal UNESCO?,1
"Dapre pasaj la, pami eleman sa yo, kisa k fè li enpòtan pou fè yon vizit nan Phnom Krom?",1
"Dapre pasaj la, kisa vizitè yo bezwen pou yo antre Phnom Krom?",3
"Dapre pasaj la, kisa nan tout sa yo ki kapab anpeche yon touris vizite antatik la?",1
Ki pati nan Antatik la yon touris ki renmen alpinis ka vizite?,2
Ki kote yon obsèvatwa pre modèn gen mwens posibilite pou l plase?,3
Ki kote li posib pou enstale yon teleskòp rechèch modèn?,1
"Dapre pasaj la, ki pi bon kote pou pase yon jounen trankil nan plaj?",3
"Dapre pasaj la, ki kote kondisyon pou benyen yo pi favorab?",1
"Pandan vizit nan kote yo dekri nan pasaj la, kiyès nan sa yo ke yo ka konsidere ki pa apwopriye?",2
Kiyès nan tèm sa yo ki dekri lang lingua francas yo?,4
Ki deklarasyon ki pa dekri kòrèkteman lang oksilyè yo?,1
"Dapre pasaj la, kisa yon pasaje ta dwe verifye si kwazyè li a ap fèt nan sezon livè?",1
"Dapre pasaj la, si kwazyè yon pasaje ap pati nan sezon ete, kisa li ka evite?",2
Poukisa yo souvan itilize Katalan pou ansèy yo ak pou anons yo nan Baselòn?,2
"Pami lang sa yo, kiyès sistèm Metro Baselòn nan regilyèman itilize pou pase anons yo?",1
"Dapre pasaj la, pami ekipman sa yo, kiyès li posib pou yo pa konsidere kòm yon priyorite nan yon chanm otèl wo nivo ki enkli dejne?",1
"Dapre pasaj la, kiyès nan sa yo ki pa yonn nan pwen prensipal konkirans ant chanm de liks yo?",1
"Dapre pasaj la, kiyès nan aktivite sa yo ki pa t fèt Peken an 2022?",2
"Dapre pasaj la, pami evènman sa yo, kiyès ladan yo k ap fèt Peken an 2022?",2
Kiyès ki plis riske pou pran grip avyè?,3
"Dapre pasaj la, kiyès nan deklarasyon sa yo ki pi byen dekri grip avyè a ak presizyon?",3
Ki lyen ki genyen ant lanmè blanch lan ak kanal Baltik?,3
"Dapre pasaj la, nan ki tip de veyikil yo ka kenbe paspò yo pou yo pa deranje pasaje a?",2
"Dapre pasaj la, kilè yo ka kontwole pyès idantite w nan kèk tren ki travèse fwontyè?",4
"Pami pwoblèm sa yo, kiyès ki plis pwobab pou prezante pandan yon vwayaj nan zòn twopikal Singapour la?",1
Kiyès ki ka vle evite manje patisri alman yo?,1
Ki engredyan yo konsidere kòm yon eleman sezonye nan patisri alman an?,1
"Dapre pasaj la, kiyès nan konsèy sa yo ke yo pa rekòmande pou vwayaje ak kòb jis sou ou, yon bidjè limite?",3
"Dapre pasaj la, kiyès ki ka gen difikilte pou vwayaje ak yon ti kantite kòb limite?",1
Kiyès nan deklarasyon sa yo ki pa dekri kòrèkteman trajè ant Point Marion ak Fairmont?,1
"Dapre pasaj la, kiyès nan sa yo ki ta dwe reprezante yon preyokipasyon majè pou chofè k ap sikile sou otowout Buffalo-Pittsburg la?",1
Kiyès nan eleman sa yo ki pa nesesè pou w ka òmanse fè canyoning?,4
Kiyès nan eleman sa yo ki ka nesesè pou ka reyisi yon eskisyon nan canyoning?,4
"Dapre pasaj la, kisa ki t ap itil yon moun ki anvizaje fè kanmping nan machin li?",2
"Dapre pasaj la, kisa moun k ap fè kanping nan machin yo ta dwe evite si yo vle rete sou kontwòl?",3
"Dapre pasaj la, kiyès ki te rekonstwi Casablanca dezyèm fwa a?",4
Kiyès ki te dezète vil modèn Casablanca apre katastwòf natirèl la?,2
"Dapre pasaj la, kijan etranje yo te fè rekonèt Sintra etranje yo?",3
Kisa Ameni pa rekonèt?,4
Kisa ki kontinye afekte relasyon ki genyen ans Azerbaïdjan ak Ameni an?,4
"Lè w ap pran taksi Charlotte, kisa ki ka fè w peye kòb anplis?",2
"Dapre pasaj la, ki enkonvenyan ki genyen pou yon moun viv Charlotte ak timoun?",2
"Anvan Panyòl yo te rive, kiyès ki te kontwole pati nò peyi Chili?",4
"Dapre pasaj la, kiyès nan evènman sa yo ki pa t fèt an 1810?",2
Kijan pou yon moun ale nan vilaj izole ki nan rejyon Ligurie yo?,3
Kisa tèm italyen ‘Cinque Terre’ a vle di?,1
"Dapre pasaj la, ki tip de bòt ki adapte a kondisyon tan livè lè li posib pou glise anpil yo?",2
Kiyès nan eleman sa yo ki pa kontribye pou amelyore traksyon sou wout ki gen glas nan sezon livè yo?,4
Kiyès nan pwen sa yo ki se menm bagay ant Hawaï ak Cook Island yo?,3
Kiyès nan enonse sa yo ki pa dekri Cook Island yo kòrèkteman?,3
Kiyès nan estasyon gad forè sa yo ki pwopoze de tip lojman?,1
"Dapre pasaj la, ki kote yon moun ka rezève yon pèmi aksè nan yon pak si nou vle itilize lajan kach olye de kat kredi?",1
"Dapre pasaj la, ki tip de ski yo pratike sou teren ki pi rèd yo?",1
"Dapre pasaj la, kisa ki ka ede moun k ap fè eski randone ki vle pran plis vitès yo?",1
Kisa vwayajè ki sibi chòk yo an retou yo gen difikilte pou yo fè?,4
"Dapre pasaj la, chòk rantre a ta ka espesyalman difisil pou ki tip vwayajè?",2
Kiyès nan sa yo moun yo ta dwe evite fè ak elan an?,1
"Dapre pasaj la, kiyès nan deklarasyon sa yo konsènan elan an ki pa laverite?",1
"Dapre pasaj la, kilès nan sa yo ki t ap mwens danjre pou yon vwayajè nan dezè?",1
Kilès nan sa yo ki pa mansyone kòm yon menas potansyèl pou vwayajè nan dezè a?,4
"Dapre pasaj la, ki popilasyon gwoup ki te afekte anpil aprè eksploratè yo te rive?",3
"Dapre pasaj la, ki lang Karibeyen yo te plis pale?",4
Kilès nou dwe di ki te popilarize ski antanke aktivite rekreyatif?,2
"Dapre pasaj la, nan apeprè kilè yo te rekonèt ski kòm yon espò pandan premye fwa?",4
Kilès nan sa yo ki jeneralman asosye ak pi gran zile nan kot lès Afriken la?,3
Kisa ki pa yon atribi nan zile Lès Afriken ki pi piti yo? ,3
"Dapre pasaj la, Kijan kèk legliz tradisyonèl presi selebre Pak?",2
"Pou kapab evite sèten kondisyon lè yon sitwayen Kiben ap antre an Ekwatè, kisa li dwe genyen an premye?",2
Pou kilès rezon yo pa konsevwa kondisyon vwayaj Ekwatè yo?,2
Kilès nan sa yo ki ka koute plis lajan nan yon peyi etranje pase nan peyi w?,2
Kisa ki ta ka yon risk potansyèl nan acha monti wo nivo nan yon peyi etranje?,3
"Pou sa ki konsène itilizasyon deviz nan Falklands, kilès nan deklarasyon sa yo ki se laverite?",4
"Dapre pasaj la, lè w ap vwayaje nan Falklands yo soti Etazini, kikote yon fòm peman ki diferan de yon kat kredi kapab espesyalman itil?",3
Ki evènman ki pa asosye ak selebrasyon festival tanp yo?,1
Kilè yo ka wè elefan ki dekore yo?,3
"Dapre pasaj la, kilès nan sa yo ki se fason ki plis posib pou ekonomize lajan sou biyè avyon nan klas biznis oswa premye klas?",1
"Dapre pasaj la, kisa ki t ap yon gaspiyaj tan pou chèche lè w ap rezève sèten klas tarif?",3
Kisa ki pa dwe ajoute pandan konparezon yon devi tarif total pou ale an Afrik ak yon tarif pou vwayaje nan tout monn lan?,3
"Dapre pasaj la, ki sipèmache ki kòmanse ofri yon seleksyon ki plis divèsifye nan?",1
Ki resous sipèmache yo bay ki ta ka atire yon kliyan pou achte manje ki prepare?,4
Kilès nan sa yo ke Bèlj ak Swis ki pale Fransè yo kapab pa konprann?,1
Kilès nan sa yo ki pa menm bagay an Frans ke an Bèljik oswa Laswis?,2
Nan ki senaryo ou pa gen anpil chans pou yo pwopoze w yon tarif pou dèy?,3
Kisa ki se laverite sou tarif pou dèy la?,4
Lè itilizasyon yon aparèy GPS otonòm t ap plis pratik pase yon aplikasyon navigasyon GPS?,3
Kisa ki pa yon bon rezon pou itilize yon aplikasyon navigasyon GPS parapò ak yon aparèy otonòm?,1
"Dapre pasaj la, kijan ou ka garanti ke ou koresponn ak yon navi ki apwopriye?",3
"Dapre pasaj la, kilès nan sa yo ki pa itilize kòm yon taktik pou fè ensite kliyan yo pou kontinye jwe?",1
"Dapre pasaj la, kisa yon jwè ki entelijan ta dwe evite?",1
"Dapre pasaj la, ki pati nan diskou an ki an majiskil nan mitan yon fraz?",2
"Dapre pasaj la, kisa lè yo mete yo an majiskil ki te ka rann li pi difisil?",3
"Nan pati riral yo nan Malezi, ki jès ki vle di “vini”?",1
"Dapre pasaj la, ki jès ki ta ka vle di “tounen”?",1
"Dapre pasaj la, kisa ki lakoz krevas yo?",2
"Dapre pasaj la, kilès nan sa yo ke pon nèj yo kapab kache?",1
"Selon pasaj la, vwayajè yo ta dwe pran lòt preksyon anvan yo vizite ki lye?",2
Kilès nan sa yo ki pa t ap yon bon konsèy pou yon touris nan Goma?,1
Kilè yon pèmi backcountry pou yon jounen depa t ap vin disponib?,1
Ki regleman ki an plas pou pwoteje kanyon an?,4
Kilès nan sa yo ki mwens posib pou yo jwenn nan tip otèl ki dekri nan pasaj la?,4
"Dapre enfòmasyon ki prezante nan pasaj la, kilès nan òf sa yo ke envite yo nan otèl la t ap mwens priyorize?",4
"Dapre pasaj la, kisa vwayajè yo ta dwe evite lè y ap vizite Greenland?",4
"Dapre pasaj la, kilès nan sa yo ki plis posib pou kreye pwoblèm pou wvayajè ki pa prepare yo epi k ap vizite Greenland?",3
Kilès nan sa yo ke yo itilize kounya kòm yon plas santral?,1
"Dapre pasaj la, kilès nan sa yo ki pa disponib nan Jardín de la Unión?",2
"Dapre pasaj la, kilès nan deklarasyon sa yo konsènan yon jounen randone ke yo t ap konsidere kòm inegzat?",4
"Dapre pasaj la, kilè yon randone lajounen pa mande anpil preparasyon?",2
Ki diferans ki gen ant plato yo nan Rogaland oswa Agder parapò ak rès Nòvèj la?,4
"Dapre pasaj la, kiyès nan aktivite sa yo ki pa t ap jeneral pou Nòvèj?",3
Kilès touris ki enterese nan ski yo ta dwe vizite pòs montay yo?,1
"Dapre pasaj la, kilè an jeneralman ki gen plis touris nan pòs montay yo?",3
Kisa ou ta dwe evite fè si ou espere jwenn yon bato k ap chèche èd?,1
Kisa ou ta dwe fè bò marina yo lè w ap chèche yon bato ki bezwen èd?,1
Ki lye ki t ap fè plezi a yon touris ki enterese nan istwa kolonyal zile a?,1
Ki lye ki t ap atire yon touris ki priyorize vi ki bèl anpil yo?,1
Kisa kèk sèl genyen ki ede limite risk pou pye yon kavalye kole nan yon etriye?,2
Ki fonksyon nan yon bòt ekitasyon ki ede ogmante sekirite moun nan lè l ap itilize yon etriye?,3
Kisa yo ofri vwayajè yo atravè rezo echanj ospitalite yo?,1
"Dapre pasaj la, kilès nan deklarasyon sa yo konsènan rezo echanj ospitalite a ki pa laverite?",1
"Dapre pasaj la, ki tip envite yo gen mwens chans pou jwenn nan yon chanm otèl pataje?",3
"Selon pasaj la, kilès ki gen plis chans pou pase sejou nan yon obèj?",2
"Dapre pasaj la, kiyès nan deklarasyon sa yo ki pi byen dekri lansman boomerang?",4
Kilès nan sa yo ki itilize plis nan kizin Javanè?,3
"Dapre pasaj la, kijan yon maladi kontajye pwopaje?",1
"Dapre pasaj la, kisa yo konnen ki se koz yon maladi kontajye?",2
Nan ki senaryo chwa yon pwoksi wèb t ap plis sifizan pou itilizatè a pase chwa yon founisè VPN pèsonèl?,3
"Dapre pasaj la, kiyès nan deklarasyon sa yo konsènan VPN ak pwoksi wèb ki pa laverite?",4
Kisa ki pèmèt yon moun itilize yon konpayi telefòn andeyò zòn imedya yo a?,1
"Dapre pasaj la, kisa ki ta ka bezwen fèt pou kapab resevwa sèten apèl?",1
Kiyès nan enonse sa yo ki pa byen dekri pwononsiyasyon mo Italyen yo byen?,4
Kilès nan karakteristik Izmir sa yo ki gen orijin yo anvan tan modèn nan?,4
Kilès nan sa yo ki pa yon karakteristik egzat pou Izmir?,2
Mo anami fè referans ak pwendvi ki?,1
Kilès ki te òganize premye fèt ki te dedye ak obsèvasyon flè serizye yo?,3
"Dapre pasaj la, kilès nan aspè sa yo nan Jerizalèm ki gen mwens chans pou atire touris?",2
Kilès ki nan sa yo ki pa mansyone nan pasaj la kòm yon bagay yo konnen Jerizalèm pou li?,2
"Dapre pasaj la, ki tip vwayajè ki pa t ap benefisye de acha yon Kat Wild?",2
Ki deklarasyon ki pa byen dekri Kruger National Park?,3
Kilès nan sa yo ki gen plis chans pou lakoz danje pou alpinis yo pandan tout pati ki pi rèd yo nan montay la?,1
Kilès nan deklarasyon sa yo ki pa byen reflete monte nan montay Machu Picchu ki dekri nan pasaj la?,2
"Dapre pasaj la, kilès nan sa yo ki pa yon aliman debaz nan kizin Majòkèn nan?",3
"Dapre enfòmasyon ki nan pasaj la, ki deklare sou repa hangi yo ki pa laverite?",1
Kilès nan sa yo ki pa mansyone kòm yon fason jeneral pou chofe fòs hangi a?,1
Kisa ki ta ka lakoz rekonesans espesyal yon mwàn oswa yon relijyez?,1
Kilès nan rad sa yo ki pa twò posib pou disponib pou prete nan yon monastè? ,2
Kilè yon vizitè ta dwe gen plis opòtinite pou gade zetwal yo pandan y ap vizite zòn Antaktik yo?,3
Kilè yon telefòn satelit pa t ap yon ranplasman ki fezab pou yon telefòn pòtab?,1
Kilè yon telefòn satelit t ap pi bon pase yon telefòn pòtab?,2
Konfli nan kilès nan sa yo ki te mennen kreyasyon repiblik Transnistriya a?,2
Kilès nan sa yo ke Repiblik Transnistriya genyen ki diferan de rès Mòldova a?  ,4
"Dapre pasaj la, kilè yon vwayajè ta dwe vizite Montevideo si li espere evite kondisyon van yo?",3
"Dapre pasaj la, kilè yon vwayajè ta dwe vizite Montevideo si li plis renmen yon klima ki pi fre?",2
"Dapre pasaj la, kilès nan sa yo ki t ap asosye ak yon atis grafiti ki etabli, kontrèman ak vandalis?",1
Ki aspè nan festival mizik la ke kèk patisipan panse ki se yon pati esansyèl nan eksperyans lan?,2
"Dapre pasaj la, kisa yon patisipan nan festival la ta dwe priyorize si li vle fè kan tou pre mizik la?",4
"Dapre pasaj la, ki kote vizitè yo ta dwe evite lè y ap chèche lavi lannwit nan nò Nouvo Meksik?",2
"Dapre pasaj la, ki kote li plis posib pou yon vizitè jwenn divètisman tout moun byen konnen nan nò Nouvo Meksik?",3
Kip tip bwason ke vwayajè ki sousye de bidjè yo ta dwe evite?,4
"Selon zòn ki dekri nan pasaj la, kilès nan kòmann bwason sa yo yon sèvè kapab plis nan konfizyon sou li?",4
Se ki gwoup ki te kòmanse peryòd kolonizasyon ki te dire twa syèk yo?,4
"Dapre pasaj la, kisa ki pi bon fason ki genyen pou fè yon Parizyen renmen w?",3
"Dapre pasaj la, kilès nan sa yo ke yo pa konsidere kòm yon kalite estereyotip pou Parizyen yo?",3
Ki avantaj Premye Klas genyen sou MetroRail nan Cape Town?,2
"Dapre pasaj la, kisa chak tren vwayajè nan Cape Town genyen?",4
Kilès nan sa yo yon bèt domestik gen mwens chans pou fè?,4
Kilè yo ka achte kat telefòn prepeye yo?,3
Kijan pou jwenn aksè nan pi bon tarif pou apèl ke kèk kat ofri?,2
"Dapre pasaj la, kilès nan pyebwa sa yo ki mwens kouran nan Pak nasyonal lak yo Plitvice?",1
Kilès nan espès ra sa yo ki genyen nan Pak nasyonal lak yo Plitvice?,4
"Dapre pasaj la, ak kisa kòd rejyon yo vrèman ede?",2
"Dapre pasaj la, kilès nan sa yo ki se yon manti sou kòd rejyon ke antrepriz medya yo konsève yo?",2
"Lè ou rive nan peyi orijin ou, ki pwosesis ki jeneralman enfòmèl?",1
Kilès nan sa yo ou ta dwe konnen anvan ou rive nan peyi orijin ou?,2
"Dapre pasaj la, yon abondans de sa ki pèmèt alpinis yo toujou ap dekouvri nouvo wout nan Cochamó Valley?",4
"Selon enfòmasyon yo bay nan pasaj la, kilès ki plis travèse Emisfè Sid la?",2
Ki alyans ayeryèn ki kouvri mwens kantite travèse oseyan nan Emisfè Sid la?,4
Ki òganizasyon vwayaj ki te siksede Global Running Tours?,2
"Dapre pasaj la, Go Running Tours ede konekte ki kantite diferan òganizasyon kous a pye?",3
Kisa yon touris ta dwe fè si li espere fè yon chitas nan fason ki pi klè posib?,3
"Dapre pasaj la, ki tip bèt yon vizitè gen plis chans pou rankontre pandan yon sòti safari nan yon veyikil?",2
"Dapre pasaj la, kisa ki ta ka bese pri yon toune?",2
"Dapre pasaj la, kilès ki t ap gen plis chans pou jwenn pi bon tarif pou yon toune?",4
"Dapre pasaj la, kisa ki te kontribye nan rekonèt San Francisco nan tout monn lan?",1
"Dapre pasaj la, kiyès nan deklarasyon sa yo konsènan San Francisco ki pa laverite?",4
"Dapre pasaj la, ki tip vwayajè ki gen mwens chans pou benefisye de sèvis yon ajan vwayaj?",2
Kilès nan sa yo ki pa mansyone nan pasaj la kòm yon avantaj ki genyen lè yon moun fè rezèvasyon atravè yon ajan vwayaj?,1
"Dapre pasaj la, kisa aplikasyon tradiksyon tèks nan tan reyèl yo pa ka fè?",4
Kisa ki pèmèt tradiksyon yo fèt san entènèt?,3
Kilès nan sa yo ki pa yon deklanchè pou avalanch?,1
"Dapre pasaj la, kiyès nan sa yo ki tonbe kòm avalanch?",3
"Dapre pasaj la, ak ki engredyan yo fè yon curry?",2
"Nan sèten rejyon, yo pafwa itilize lèt kokoye nan plas ki engredyan nan yon curry?",3
Poukisa yo dwe kontounen Mòn Transantaktik yo pou rive sou plato a?,3
"Toutolon Travèse Pòl Sid la, kisa ki make avèk drapo?",3
Kisa ki pa mansyone nan pasaj la kòm yon bagay touris yo ta dwe konnen lè y ap eksplore Sid Afrik la?,3
"Dapre pasaj la, kisa ki t ap konsidere kòm yon move konsèy pou touris k ap chèche eksplore Sid Afrik la nan machin?",4
Kilès nan sa yo ki pa mansyone nan pasaj la kòm yon danje potansyèl lè ou kite valiz ou yo san siveyans?,3
Kisa ki pa mansyone nan pasaj la konsènan transpò dwòg?,4
Ki kalite bwason ki pa mansyone kòm yon bagay pou eseye fè lakay ou pandan yon vakans lakay?,3
Kilès nan lye sa yo ou ta dwe vizite pandan yon vakans lakay ou si yo rekonèt vil ou an pou kilti bwason li?,3
Kikote eskilti kolonb yo sitiye?,2
Ki tip viza ki kapab mande yon moun pou bay sipò prèv ase lajan?,4
Pou kilès li plis posib pou li bezwen yon viza pwolonje?,3
Kilè ou ta dwe plis fè atansyon ak moustik yo?,3
"Dapre pasaj la, kisa ou ta dwe evite fè pou evite moustik yo lè w ap kondwi nan forè twopikal la?",1
"Dapre pasaj la, kiyès nan deklarasyon sa yo konsènan Sundarbans yo ki pa laverite?",2
Ki pati nan forè a ki twouve l nan teritwa Endyen an?,1
"Dapre pasaj la, kilès ki gen plis posiblite pou genyen yon konpreyansyon limite nan lang Anglè a?",2
"Dapre pasaj la, kisa ki ka difisil pou pwononse?",2
"Dapre pasaj la, ki senaryo ki pi bon pou yon vwayajè k ap planifye pou pran yon otobis apati estasyon entè-distri a?",1
Kisa ki t ap yon bon konsèy pou yon touris k ap vwayaje nan zòn lès soti nan estasyon otobis entè-distri a?,4
Kilès nan sa yo ki pa yon deskripsyon egzat pou Timbuktu?,3
Kilès nan fè sa yo sou Timbuktu ki laverite?,1
Kilè yo te pwograme Jwèt Olenpik ete yo oparavan? ,4
"Dapre pasaj la, nan ki pwen yon antonwa vin yon tònad?",4
Kilès nan sa yo se yon karakteristik egzat pou yon tònad?,2
"Dapre pasaj la, apati ki kote yon vwayajè ta dwe chèche konsèy konsènan sitiyasyon politik la nan vil destinasyon yo a?",4
"Nan ka yon avi pou vwayajè, ak kisa yon sitwayen etranje gen plis posiblite pou fè fas?",1
"Dapre pasaj la, ki tip vwayaj ki gen mwens posiblite pou bezwen asistans pou rezèvasyon nan men yon ajan vwayaj?",1
"Dapre pasaj la, nan ki senaryo yon vwayajè t ap plis benefisye de èd yon ajan vwayaj?",1
"Dapre pasaj la, kisa ki te ka ede yon vwayaje pou evite desepsyon pandan l ap vizite nouvo lye yo?",2
"Dapre enfòmasyon ki nan pasaj la, ki kalite moun ki ta ka desi lè y ap vwayaje nan yon lye etranje?",3
Kilès nan sa yo ki se konsèy yo pa rekòmande pou vwayajè k ap vizite yon peyi an devlopman pou premye fwa?,2
Kilès sa yo ke yo pa mansyone kòm yon bagay pou fè foli pou li lè w ap aklimate ak yon peyi an devlopman?,3
"Kilès nan opsyon sa yo ki t ap pi bon pou yon detantè polis asirans ki vle yon kopi vityèl polis asirans li a, men ki kapab pa gen aksè ak entènèt?",1
"Dapre pasaj la, kilès nan sa yo ki pa bezwen afiche sou yon polis asirans?",4
"Dapre pasaj la, ki tay negatif ki reflete fòma fim yo itilize plis souvan yo?",4
Kilès nan fòma fim sa yo ki ofri rezolisyon ki sanble ak yon DSLR?,1
"Dapre pasaj la, kilès nan sa yo ki t ap dènye etap lè w ap kòmanse yon antrepriz pou ekri istwa vwayaj?",3
"Lè w ap kòmanse yon antrepriz pou ekri istwa vwayaj, kilès nan kapasite sa yo ou ta dwe rafine an premye?",2
Nan ki tip klima yo plis jwenn pwoblèm entesten yo?,3
"Dapre pasaj la, ekspozisyon regilye ka lakoz iminite nan kisa?",2
Kilès nan sa yo ki se yon avantaj pandan vwayaj nan zòn Schengen nan?,1
Kisa ki pa disponib ankò nan tonbo Tutankhamun?,4
"Dapre pasaj la, ki destinasyon nan Vancouver ki t ap mwens atiran pou vwayajè ki gen bidjè sere yo? ",4
"Dapre pasaj la, ki destinasyon ki gen plis posiblite pou ofri vwayajè yo yon eksperyans otantik pou Vancouver?",1
"Dapre pasaj la, kilè vwayajè yo ta dwe vizite Falls yo si y ap chèche vi ki san obstak?",4
"Dapre pasaj la, ki avantaj ki genyen nan vizite Chit Victoria yo ant Novanm ak Mas?",3
"Dapre pasaj la, kilès nan sa yo ke yo pa rekòmande pandan itilizasyon yon dwòn pou filme?",4
"Dapre pasaj la, ki pi bon kote pou filme ak yon dwòn?",4
"Selon pasaj la, ki deklarasyon konsènan kondisyon enskripsyon pou pwosesis viza a ki pa laverite?",1
Kilès nan sa yo ki pa yon lye yon touris kapab ale pou jere anrejistreman li a?,1
Kilès ki pa t ap gen enterè pou fè travay volontè lè l ap vwayaje?,2
"Dapre pasaj la, kijan travay volontè aletranje nan avantaj yon vwayajè ki sou yon bidjè?",3
"Dapre pasaj la, kisa ki ta ka konsidere kòm abityèl nan vwayaj mwayen nan Walt Disney World?",3
Kilès nan deklarasyon sa yo ki konsène Walt Disney World ki pa verite?,1
"Dapre pasaj la, kilès nan pwoblèm sa yo ke yo gen plis chans pou pa pale sou yo nan yon klas fòmasyon pwofesyonèl oswa nan piblikasyon yo?",1
"Dapre pasaj la, kilès nan sijè sa yo ke yo gen plis chans pou pale sou yo nan yon klas fòmasyon pwofesyonèl?",1
"Dapre pasaj la, ki pi bon opsyon ki gen pou evite dlo ki potansyèlman kontamine?",1
"Dapre pasaj la, kisa ki ka prèske enposib menm pou najè ki konpetan yo?",3
Kisa ou ta dwe fè si ou vin kwense nan yon kouran?,1
"Dapre pasaj la, nan ki lye vizit nan yon chato ka yon ekskisyon vakans ki enteresan?",3
"Dapre pasaj la, kilès nan konsèy sa yo ke yo pa rekòmande pou vwayajè fanm yo vwayaje nan zòn nan?",1
"Selon zòn ki dekri nan pasaj la, kisa ki t ap yon konsèy ki itil pou vwayajè fanm yo?",4
"Dapre pasaj la, ki senaryo ki ta ka mande yon fotografi lavi sovaj pou itilize yon lantiy espesyalize?",1
Kilès nan sa yo ki pa mansyone nan pasaj la kòm yon defi potansyèl pou fotografi lavi sovaj yo?,3
Kilès nan sa yo ki t ap gen plis posiblite pou lakoz mwens pwoblèm pou yon chofè k ap vwayaje nan kwen mòn yo?,1
Kisa ki gen plis posiblite pou rete regilye nan kesyon taks sou revni nan divès peyi?,3
"Dapre pasaj la, si w ap travay aletranje men ou rete yon lòt kote, kikote ou gen plis posiblite pou deklare taks sou revni ou yo?",3
Kiyès nan deklarasyon sa yo ki pa dekri kòrèkteman yon Fwar Mondyal?,1
Kilès nan sa yo ki se yon règ nan yon Fwa Mondyal oswa nan yon Ekspozisyon Entènasyonal?,2
"Nan aksyon sa yo, kilès ki t ap diminye pwobablite pou atak animal fèt?",2
Kilès nan sa yo ki pa mansyone nan pasaj la kòm yon koz pou atak bèt lavi sovaj yo?,1
