text,gemini_label
"메트로플러스는 더 편안하고 덜 붐비지만, 값이 조금 더 비쌉니다. 하지만 유럽의 일반적인 지하철 푯값에 비하면 여전히 저렴한 수준입니다.",travel
지역 경찰서에서 서식을 작성하거나 출입국 관리소를 방문해야 합니다.,crime
"매일 아침, 사람들은 직장으로 가기 위해 자동차로 작은 시골 마을을 떠나고, 그들이 방금 떠난 곳인 직장인 다른 사람들 출근하는 옆을 지나간다.",geography
"시골길 운전에 익숙하지 않은 경우 가파른 경사, 좁은 차선 및 급격한 커브길을 조심해야 합니다.",travel
"인류에게 알려진 최초의 교통수단은 걷기였고, 2백만 년 전에 호모 에렉투스가 등장하면서 인류는 똑바로 직립 보행을 하기 시작했습니다.",science
해외에서의 성전환 수술을 계획하고 있는 여행자는 귀국할 때 유효한 서류를 가지고 있는지 반드시 확인해야 합니다.,travel
다른 경우에는 관광 숙박 시설에 체류하지 않는 사람만 등록하면 됩니다. 그러나 이로 인해 법이 훨씬 모호해지므로 염두해두십시오.,travel
"개발 도상국이나 가보지 않은 새로운 곳을 여행할 경우, 경험할 수 있는 문화 충격을 너무 과소평가하지 마십시오.",travel
여성: 모든 여성 여행자는 실제 결혼 여부에 관계없이 기혼이라고 대답하기를 권해 드립니다.,travel
"관광객이 방문하려면 비용이 많이 들고 체력적으로 힘이 들기도 합니다. 여름인 11월부터 2월 중에만 가능하며 반도, 섬 및 로스 해(Ross Sea)로 대부분 관광을 제한합니다.",travel
해당 현장 방문은 호수로의 보트 여행과 간편하게 합쳐질 수 있습니다.,travel
이곳이 기본적으로 거대한 묘지이자 세계 인구의 중요한 부분에 거의 계산할 수 없을 정도로 큰 의미가 있는 곳임을 기억해 주십시오.,religion
"일단 바다에 도착하면 모든 게 분명해질 것이니 걱정하지 마세요. 다른 보트 히치하이커들을 만날 것이고, 그들이 갖고 있는 정보도 당신과 공유할 거에요.",travel
"마찬가지로, 솅겐 비자를 소지하면 각 솅겐 회원국에 개별적으로 비자를 신청할 필요가 없으므로 시간, 비용 및 서류 작업이 줄어듭니다.",travel
신중히 계획하면 일반 차량으로도 가능하지만 사륜구동을 적극적으로 추천하며 험한 지형은 하이힐 기반의 사륜구동으로만 접근 가능하다.,travel
얼음이 덮히고 눈이 쌓인 도로에서는 마찰력이 줄어들어서 당신은 마치 맨 아스팔트 위에 있는 것처럼 운전을 제대로 할 수가 없다.,nature
"공유 택시는 파로(Nu 150), 푸나카(Nu 200) 등으로 인근 지역을 빠르고 편안하게 여행할 수 있는 수단이다.",travel
트윈오터(Twin Otter)는 어제 항공사 PNG 항공 CG4684편으로 코코다에 착륙을 시도했으나 이미 한차례 실패했었다.,disasters
야간 침대 열차에서는 여러분이 잠을 자는 동안 방해받지 않도록 승무원이 여권을 미리 걷어 갈 수도 있습니다.,travel
이 다리는 브라질 세관 검문소의 시공이 완료되는 2017년 9월에 전면 가동될 예정이다.,geography
그 어떤 항공 동맹도 남반구의 3대양을 횡단하지 않습니다(스카이팀(SkyTeam)은 횡단을 전혀 하지 않습니다.).,travel
"이 구역에 머무르는 한, 여권 검사대를 다시 거치지 않고도 일반적으로 국경을 넘을 수 있다.",travel
"여러분이 가장 자주 이용하는 항공사에 가입하는 것이 가장 직관적인 선택이라 생각하실 수 있지만, 항공사마다 제공되는 혜택이 종종 다르고 동일한 제휴 항공사의 다른 항공사에서는 상용 고객 포인트가 더 후하게 제공될 수 있다는 점을 알아두시길 바랍니다.",travel
"소수의 항공사만이 여전히 장례 유족 운임을 제공한다. 이는 장례를 치르기 위해 긴급히 여행해야 할 경우, 약간의 운임을 할인해 주는 제도이다.",travel
관광객들은 특정 국가의 여러 명소를 방문할 수 있습니다. 아니면 단순히 단 한 지역에만 초점을 맞추도록 선택할 수도 있습니다.,travel
"보엔 아일랜드는 카약, 하이킹, 쇼핑, 레스토랑과 더 많은 즐길 거리를 제공하는 인기 있는 당일치기나 주말여행지입니다.",travel
비행기를 타는 것은 남녀노소 불문하고 모두에게 무서운 경험이 될 수 있다. 특히나 한 번도 비행기를 타보지 않았거나 비행기를 무서워한다면 충격적인 경험이 될 수 있다.,travel
간단히 말해 자동차를 쓰는 것은 로드 트립을 가는 좋은 방법이지만 그것 자체가 야영지가 되는 법은 거의 없다.,travel
등록은 비자 발급 절차에서 추가적으로 요구되는 사항입니다. 일부 국가에서는 지역 관청에 거주 여부와 거주지를 꼭 등록해야 합니다.,travel
내륙 수로는 휴일을 보내기용으로 좋은 주제가 될 수 있습니다.,travel
대리운반 - 특히 국경을 넘을 때에는 가방이 절대로 시야에서 벗어나지 않도록 하십시오.,crime
바이킹은 러시아 수로를 사용하여 흑해와 카스피해에 도착했습니다. 이 경로의 일부는 여전히 사용할 수 있습니다. 취득하기 어려운 특별 허가가 필요한지 확인하십시오.,geography
"특히 처음에 여행할 때는 여행에 쉽게 적응할 수 있도록 서양식 스타일과 품질의 호텔, 음식, 서비스를 이용하실 것을 고려해 보세요.",travel
미합중국 영주권을 보유한 쿠바 국민은 이 요건을 면제받으려면 에콰도르 영사관에 방문해야 합니다.,politics
"대부분의 이벤트 티켓 가격은 2,500엔에서 130,000엔 사이이며, 일반적인 티켓 가격은 7,000엔 선이다.",entertainment
무거운 세금을 물리는 국가의 여행객들은 때때로 상당한 금액을 아낄 수 있다. 특히 주류나 담배를 살 때 그렇다.,travel
또한 여행 동행인과 고국의 가족 또는 친구로부터 기꺼이 도움을 받을 수 있도록 보험 증서/연락처 사본을 전달하십시오.,travel
유럽은 상대적으로 작지만 많은 독립 국가들이 있는 대륙입니다. 보통 여러 국가를 여행하는 것은 비자 신청과 여권 심사를 여러 번 거쳐야 한다는 것을 의미합니다.,geography
"캠핑에 더해 다인 숙박과 따뜻한 식사까지 제공하는 산림관리소는 시레나(Sirena) 관리소가 유일하다. 라 레오나(La Leona), 산 페드릴로(San Pedrillo), 로스 파토스(Los Patos) 관리소는 모두 식사 없는 캠핑 서비스만 제공한다.",travel
단체 여행인 경우 투어 비용이 저렴하기 때문에 혼자 여행하거나 친구 단 한 명과 여행하는 경우라면 다른 사람들을 만나 4명에서 6명으로 모임을 구성해서 1인당 비용을 더 저렴하게 만들어 보세요.,travel
항공 동맹에서 마일리지 서비스 항공사를 신중하게 선택해야 합니다.,travel
만약 방문할 나라가 여행 경고 지역이 되는 경우 여행 건강 보험이나 여행 취소 보험이 영향받을 수 있습니다.,travel
자가용을 타고 장거리 여행을 떠나는 것은 그 단순함에 본질적인 매력이 있다.,travel
"흥미롭게도, 휴대 전화 서비스는 펜실베니아 와이즈와 같은 이 경로의 다른 많은 지점보다 여기에서 훨씬 강력합니다.",technology
"이 도시는 전통적인 터키의 모습보다 지중해 유럽의 분위기를 더 많이 가지고 있지만 넓은 대로, 정면이 유리로 장식된 건물, 현대적인 쇼핑센터들 사이에 띄엄띄엄 전통적인 붉은 기와 지붕과 18세기 시장 그리고 오래된 모스크와 교회들이 있습니다.",geography
"예루살렘에는 많은 역사적, 고고학적 문화적 장소도 있고, 활기차고 붐비는 쇼핑 센터들, 카페들과 식당들도 있다.",geography
"매년 수십 명의 방문객들이 적절한 거리를 유지하지 못해 상처를 입고 있습니다. 이 동물들은 크고, 야생적이고, 위험할 수 있으니, 충분한 거리를 유지하십시오.",nature
어떤 물품들이 반입이 가능한지 아닌지 반드시 알고 있어야 하며 법률상의 한도를 넘는 것은 무엇이든 신고해야 한다.,travel
터키 항공은 2014년 기준으로 아프리카 30개국의 39개 목적지로 운항합니다.,travel
"한 어벤저급 소해함, 그 함선은 팔라완의 푸에르토 프린세사로 이동 중이었다.",politics
환대 교환 네트워크는 여행자와 그들이 방문할 도시의 지역민을 연결해주는 조직입니다.,travel
구간 버스는 만원인 경우가 많음으로 며칠 전에 미리 승차권을 사는 것이 좋다.,travel
"그들도 인기 있는 하이킹, 사이클링 코스를 정하고 있습니다.",travel
"모든 남아프리카 국립공원과 마찬가지로, 공원에는 매일 보존료와 입장료가 있습니다.",travel
"이 정통 커뮤니티는 밴쿠버에서 조금 떨어진 하우 사운드에 있고, 밴쿠버 시내에서 그랜빌 아일랜드로 출발하는 정기 수상 택시를 타고 쉽게 접근할 수 있다.",travel
"왜 교통 시스템은 그러한 불만을 야기시키고, 왜 매일 기대를 저버리는 걸까? 교통 엔지니어들은 죄다 무능력한 사람들인지? 아니면 좀 더 근본적인 뭔가가 작용하고 있는 걸까?",invalid
"이 마을은 폭포 바로 옆에 위치해 있고, 그 폭포들이 마을의 주요 명소이며, 또한 이 유명한 관광지는 모험가들과 관광객들 모두에게 더 오래 머물 수 있는 많은 기회를 제공한다.",travel
상트페테르부르크 크루즈는 시내에서의 시간이 포함됩니다. 크루즈 승객은 비자 요건에서 제외됩니다(약관을 확인하세요).,travel
하지만 모든 수정이나 요청 사항이 있으면 호텔로 직접 연락하지 말고 우선 여행사를 통해 이를 진행해야 합니다.,travel
8명에서 100명에 이르는 승객을 수용할 수 있는 60척 이상의 유람선이 갈라파고스 해역을 왕복 운항합니다.,travel
특정 장소를 방문하는 목적이 역사와 문화에 대해 알기 위해서인 경우 이러한 유형의 관광을 문화 관광이라고 합니다.,travel
"옛 메디나에선 타진, 도자기, 가죽제품, 물담배 및 다양한 종류의 물건과 같은 전통적인 모로코 제품을 파는 장소들을 쉽게 찾을 수 있지만, 모두 관광객들을 위한 것입니다.",travel
새로운 문화에 적응하면서 어려움이 없었던 여행자는 종종 그들의 토착 문화에 다시 적응할 때 특히 힘든 시간을 보냅니다.,travel
두 번째 접근으로부터 착륙하기 10분 전쯤에 사라졌습니다.,disasters
에콰도르는 쿠바 시민들이 공항이나 국경지역 입국을 통해 에콰도르에 입국하기 전에 초청장을 받을 것을 요구하고 있다.,travel
아열대 우림 지역을 뚫고 운전을 하고 있더라도 차에 타기 위해 문을 연 몇 초 동안은 모기가 당신과 함께 차에 타기에 충분한 시간입니다.,nature
화씨 90도가 넘는 열기 속에서 기다린 승객들에게는 물이 제공됐습니다.,disasters
하지만 걱정 안 하셔도 되는 게 보통 투어 차량을 채우려고 여행객들을 여기저기 섞어서 태우기 때문입니다.,travel
"외국에서 살면서 자원봉사를 하는 것은 다른 문화를 알게 되고, 새로운 사람들을 만나고, 자신에 대해 배우고, 견해를 넓이고, 새로운 기술을 습득하는 좋은 방법이다.",travel
"여행사는 종종 특정 호텔의 특가 상품을 갖고 있지만, 이들을 통해 캠핑 장소와 같이 다른 종류의 숙박을 예약하는 것도 가능합니다.",travel
"일부 유람선들은 안내 책자에 독일 베를린을 담고 있지만, 베를린은 위 지도에서 볼 수 있듯이 바다와 가까운 곳이 아니며, 도시를 방문하는 것은 유람선 가격에 포함되지 않다.",geography
미리 예약하면 여행자가 목적지에 도착했을 때 어딘가에 묵을 곳이 있다는 마음의 안정을 준다.,travel
"해변과 테마파크, 그리고 캠핑장은 흔히 휴양 관광객들이 가장 많이 찾는 곳들이다.",travel
"편안함, 시간 및 예측 가능성을 기꺼이 희생하고 비용을 0에 가깝게 축소하려는 사람들은 최소 예산 여행을 살펴보시기 바랍니다.",travel
만일 추가적으로 여행을 할 수 있는 시간이 있다면 아프리카 여행경비와 세계 경 주비용을 비교해보십시오.,travel
"여행사 직원들은 보통 아침 식사, 공항 픽업/교통편, 심지허 항공편과 호텔를 포함한 패키지를 제공합니다.",travel
내륙 부대가 운영하는 항공기는 이루크츠크로 향하고 있었다.,disasters
"해외에 거주하다 귀국할 경우, 타국의 문화에 적응한 동시에 자국의 문화의 일부 습관을 잃는 모습을 보이기도 한다.",travel
이는 이틀 정도 하루 종일 역사적인 도시를 방문하고 밤에는 크루즈 선으로 돌아와 잠을 잘 수 있다는 뜻입니다.,travel
건축 양식은 건물의 설계 및 건축과 관련되어 있습니다. 어떠한 장소의 건축 양식은 그 자체만로 관광객을 끌어들이기도 합니다.,travel
"미국이나 캐나다에서 출발하는 항공편에 이것을 제공하는 항공사는 에어 캐나다, 델타 항공, 루프트한자와 웨스트 제트가 포함된다.",travel
"입국 심사대는 비행기나 배, 혹은 기타 차량에서 내려서 마주하게 되는 첫 번째 장소입니다.",travel
"몇몇 호텔은 2차 세계대전 이전, 19세기 혹은 20세기 초 증기 철도 황금기의 유산을 간직하고 있습니다.",travel
고마는 르완다 근처에 콩고 민주 공화국의 동쪽에 위치한 관광 도시이다.,geography
이러한 요구 사항들은 두 국가 간 체계적인 이주민 흐름을 질서 있게 조직화할 수 있도록 설계되었습니다.,politics
"비록 작지만, 그것은 몇몇 나이 드신 방문객들에게 대규모의 관광호텔과 다른 유관 시설들이 없는 상태의 옛 하와이의 모습을 떠올리게 합니다.",travel
자연을 소재로 한 관광은 식물과 동물 야생동물을 포함한 풍경을 감상하기 위한 목적으로 자연 탐방에 관심이 있는 사람들을 끌어모으고 있습니다.,nature
"이에 반해 빙판길이나 눈이 쌓인 길이 일상인 많은 나라가 있으며, 일 년 내내 길이 대부분 막히지 않습니다.",travel
사파리는 아마도 아프리카에서 가장 멋진 관광명소이며 많은 방문객에게 하이라이트가 될 것이다.,travel
앙코르 패스는 사원에 들어갈 때 필요하기 때문에 톤레삽으로 향할 때 여권과 꼭 함께 지참해야 한다.,travel
시간이 별로 없는 방문객은 다른 곳에서 시간을 보내는 편이 나을 것입니다.,travel
"""핀란드는 보트를 즐기기 위한 좋은 여행지이다. """"천 개의 호수의 땅(Land of a thousand lakes)""""은 호수와 해안 군도에도 수천 개의 섬을 가지고 있다.""",travel
또한 결정하기 위해 시간이 필요하거나 목적지에 대한 다른 서류(e.g. 비자)를 조달할 시간이 필요할 경우 고객을 위해 예약을 보류해 준다.,travel
이 요건들은 흔히 여행자가 방문한 적이 있거나 방문할 예정인 국가가 어디인지에 따라 다양할 수 있습니다.,travel
여행자가 귀중한 에너지와 남은 물을 쓰면서까지 신기루를 쫒아간다면 위험할 수가 있다.,travel
"캠핑하실 생각이시라면, 뱀이나 전갈 같은 것들을 피할 수 있는 간이침대나 해먹을 챙기세요.",travel
이 트레일은 압축된 눈으로 크레바스(crevasse)는 채워져서 깃발로 표시된다. 이 길은 연료와 보급품을 싣고 썰매를 끄는 특수 트랙터로만 이동할 수 있다.,nature
카페넷 엘 솔은 US$30의 비용으로 예약 서비스를 제공하거나 $10로 하루 이용권을 제공합니다. 자세한 사항은 코르코바도 페이지에서 확인하세요.,travel
"기본적으로, 두 범주로 나뉩니다. 여행하는 동안 일을 하거나 경비에 제한을 두려고 노력하는 것입니다. 이 글은 후자에 중점을 두었습니다.",travel
이 역동적인 수송 셔틀은 어떤 식으로든 모든 사람들이 자가용을 기반으로 하는 수송 시스템과 연결되고 이를 지원하도록 한다.,technology
교통의 흐름(traffic flow)이란 두 지점 사이에서 개별 운전자와 차량의 움직임과 그들이 서로에게 작용하는 상호작용에 관한 연구입니다.,technology
"특정 국가를 짧은 기간 여행객으로 또는 비즈니스로 방문하는 경우에는 비자가 필요 없겠지만, 국제 학생인 경우는 일반적인 여행객으로 가는 것보다 보통 더 장기 체류하는 것이 필요하다.",travel
많은 안정적이고 유능한 여행가들이 갖가지 사소한 문화 적응이 빠르게 늘어날 수 있는 개발도상국 여행의 신선함으로 이겨냈다.,travel
"또한 성경의 가부장 아브라함, 이삭, 야곱, 및 그들의 아내들을 전통적으로 매장하던 곳인 헤브론으로 가는 버스도 몇 대 있습니다.",religion
"말을 타고 있는 사람이 말에서 떨어져 등자에 발이 걸리면, 말이 도망가 버리는 경우 거기에 끌려갈 수 있습니다. 이 위험을 최소화하기 위해 여러 안전 예방 조치를 취할 수 있습니다.",disasters
"그런 다음 이용 가능한 호스트 목록이 인쇄물 및/또는 온라인으로 제공되며, 때로는 다른 여행자의 추천 및 리뷰가 제공됩니다.",travel
"많은 자원봉사자들이 숙식을 제공하고 적은 급여를 지불하기 때문에, 더 오래 머물 수 있도록 예산을 늘리는 좋은 방법이 될 수 있다.",travel
"또한 떨어지고 흩날리는 눈이나 물방울, 또는 차량 윈도우에 서린 성에 때문에 시야가 제한받을 수도 있다.",nature
"접이식 좌석이 있는 대형 미니밴, SUV, 세단 또는 스테이션 왜건이 있는 경우 차량 캠핑이 가능하다.",travel
대부분의 구역에서는 편안하고 튼튼한 소형 일제 코스터 버스가 운행된다.,travel
밴드를 태운 버스는 만원 관객이 모인 미주리의 세인트 루이스 식스 플래그를 향하고 있었습니다.,entertainment
하지만 스타얼라이언스는 산티아고에서 타이티에 이르는 남태평양 동부를 제외하고 모든 지역에 적용됩니다. LATAM Oneworld 항공편이 이 지역에 해당합니다.,travel
국제적으로 200개에 가까운 여행 조직이 있으며 이들 대부분은 독립적으로 운영된다.,travel
홍콩 섬은 홍콩 영토에 홍콩이라는 이름을 부여한 곳이자 많은 관광객들이 주안점으로 여기는 곳이다.,geography
"당신이 처음 외국에 갔을 때에는, 여행자들에게 새로운 나라에 적응해야 한다는 것을 알고 있기 때문에 대부분 사람들이 인내심과 이해심을 갖고 대해줬을 것이다.",travel
널리 알려진 사파리라는 표현은 특히 사바나의 멋진 아프리카의 야생동물들을 보기위한 육로 여행을 칭한다.,nature
선상 여행으로 해안가에 간다면 별도의 비자는 필요 없다(2009년부터).,travel
"호스텔은 주로 20대의 일반적인 손님인 젊은 층을 대상으로 하지만, 나이 든 여행객들도 종종 그곳에서 찾을 수 있습니다.",travel
집에서 휴가를 보낼 때는 자신을 보다 잘 대접하기 위한 시간을 갖으면서 조금 더 시간을 내어 특별한 차를 끓입니다.,travel
대부분의 사람들은 성수기에는 배 예약이 다 찰 수 있기 때문에 미리 장소를 예약합니다.,travel
"덤프트럭을 이용해 지하철 입구를 막고, 80명의 경찰병력의 지원으로 운전자들을 우회로 쪽으로 안내하도록 했다.",crime
힐스테이션의 휴가철은 일반적으로 인디언 서머 기간 동안 최절정에 이릅니다.,travel
여행 글쓰기 사업을 시작하는 가장 쉬운 방법은 기존의 여행 블로그 웹사이트에서 기술을 연마하는 것입니다.,travel
"특정한 때에만 있는 전문 항공 여행은 산행을 위한 내륙 투어 이거나, 북극점을 보기 위한 투어로 큰 베이스가 있는 내륙으로 간다.",travel
전투 지역으로 간주되는 국가를 방문할 계획이 있는 사람은 꼭 전문적인 훈련을 받아야 한다.,travel
하늘이 하루 종일 어두우므로 오로라를 볼 수 있는 좋은 기회를 제공합니다.,nature
입국 심사는 보통 고국에 도착했을 때는 없거나 형식적인 절차로 수행하지만 세관 검색은 번거로울 수 있습니다.,travel
도시의 대체 도로인 순환도로에는 교통 체증이 없었다.,geography
"추운 계절에 그린란드를 방문한다면(북쪽으로 갈수록 더 춥다는 것을 고려할 것), 충분히 따뜻한 옷을 가져가는 것이 중요하다.",travel
웹사이트 또는 점포 게시물에서 여행 대행사가 어떤 여행을 홍보하고 있는지 살펴보세요.,travel
"하지만, 솅겐 존(국경 자유 통행 지역: Schengen zone)은 이런 측면에서 다소 한 나라같이 작용한다.",geography
이곳은 남아프리카의 명소 중 하나로 남아프리카 국립 공원(SANParks)의 플래그십입니다.,travel
"""물론 이외에 다양한 방법으로 다녀올 수 있겠지만, 이는 여전히 대부분의 사람들이 """"디즈니 월드에 갈 거야""""라고 했을 때의 전형적인 여행 방법입니다.""",travel
메트로레일에는 케이프타운 내와 그 주변을 선회하는 두 가지 등급의 통근 열차가 있습니다. 1등급이라고도 불리는 메트로플러스와 3등급이라고도 불리는 메트로입니다.,travel
여행자들은 여행 계획에 차질이 생기지 않도록 현지 날씨에 대해 미리 찾아보고 가야 한다.,travel
"버스들은 (강 건너) 지역 간선 버스 정류장에서 하루종일 운행하지만, 특별히 동부와 자카르/ 붐탕으로 향하는 버스들은 06:30에서 07:30 사이에만 출발한다.",travel
"이 장치는 기수에게 훨씬 더 안정감을 주지만, 발이 끼일 수 있기 때문에 안전 문제가 있을 수 있습니다.",technology
확실히 하는 발트해 크루즈의 대부분은 러시아의 상트페테르부르크에서의 장기 체류를 제공한다.,travel
"해당 조언은 여행자가 절도, 불법 침입, 불법 시장 참여, 구걸 혹은 자신의 이익을 위해 다른 사람을 착취하지 않는다고 가정합니다.",travel
어딘가로 여행을 떠날 때나 떠나기 전에 고려해야 할 많은 것들이 있습니다.,travel
여행객들은 무더위 속에서 물(또는 그 밖의 무언가)이라고 착각하게 되는 신기루를 경험할 수 있습니다.,travel
"아이가 있는 가족은 거의 보기 힘들지만, 일부 호스텔은 프라이빗 룸에 지낼 수 있게 해주기도 합니다.",travel
"예를 들어, 루아르 계곡, 라인강 계곡의 성을 방문하거나 다뉴브강의 흥미로운 장소로 가는 크루즈를 타거나 이리 운하를 따라 보트를 타보세요.",travel
당신과 비슷한 여행지를 자주 예약하는 에이전트를 쓰는 게 좋을 것 같네요.,travel
Couchsurfing은 컴퓨터 프로그래머 케이시 펜톤이 저렴한 아이슬랜드행 비행 편을 찾았으나 숙소를 구하지 못한 상황을 겪은 뒤 2004년 1월에 개설한 웹사이트입니다.,travel
학생 비자는 보통 일반 관광 비자나 사업 비자와 다른 요구 조건과 신청 절차를 따른다.,education
각국은 또한 저마다 차량에 소지할 응급 용품에 대한 고유의 법을 가지고 있다.,health
"대부분 여행사가 일반 예약을 기꺼이 취급하지만, 많은 여행사는 여행 유형, 예산 범위 또는 목적지에 따라 여행 상품을 특화하여 취급합니다.",travel
여행자는 자신이 살고 있는 지역에서는 흔하지 않은 동물 해충을 만날 수 있습니다.,travel
또한 북쪽으로는 세계적으로 유명한 성모 발현 장소인 파티마 대성당(성지)이 있으니 방문해 보세요.,religion
보다보다(오토바이 택시)를 이용하여 고마를 돌아다닐 수 있다. 일반(현지) 가격은 단거리 탑승 시 500 콩고 프랑이다.,travel
야외 활동을 즐긴다면 Sea to Sky 회랑에는 꼭 올라가 볼만합니다.,travel
"""하이킹 사파리(""""부시 산책"""", """"하이킹 사파리"""" 또는 """"발디딤""""이라고도 함)는 몇 시간 또는 며칠 동안 할 수 있는 하이킹으로 구성된다.""",travel
더 빨리 처리할 수 있는 유일한 방법은 위탁 수화물로 보내는 것이었습니다. 항공사 규정상 기내에 탑승한 승객이 없이는 수화물을 보낼 수 없습니다.,travel
"혼잡 완화를 위하여 300대의 객차를 추가 도입할 것이며, 이에 따라 총 객차 수는 1,300대가 됩니다.",business
"어린 자녀를 둔 가족은 조금 더 번거롭겠지만, 아기나 미취학 아동을 둔 가정도 쉽게 바깥에서 하루를 보낼 수 있습니다.",travel
"높은 고도나 산길을 넘어 운전하려고 하면 눈, 빙판 또는 영하의 기온 등이 생길 가능성에 대해 고려해야 한다.",travel
오늘날 팀북투(Timbuktu)는 가난한 마을이지만 그 명성 때문에 관광 명소가 되었고 공항도 보유하고 있습니다.,geography
눈보라가 불면 순식간에 많은 눈이 내려 발이 묶일 수 있다.,disasters
"만약 온전히 남반구에서만 비행하는 세계 여행을 원한다면, 대양횡단 루트가 적어 비행 편과 목적지를 선택하는데 제한이 있다.",travel
"에미레이트 항공, 에티하드 항공, 카타르 항공과 터키 항공을 비롯한 여러 항공사들은 아프리카로 서비스 제공을 확대했습니다. 또한 타 유럽 항공사에 비해 싼 가격에 아프리카 주요 도시로의 항공 연결 편도 제공합니다.",travel
"웸블리에서는 추가적으로 교통 편이 제공되거나 지상 열차가 정차하지 않을 예정이며, 지상에서 주차장과 대중교통 환승 주차장을 사용할 수 없습니다.",travel
보통 외국에서 오랜 기간 머물기 위해서는 사전에 비자를 받아야 합니다.,travel
모든 열차에는 MetroPlus와 Metro 객차가 모두 있습니다. MetroPlus 객차는 항상 케이프타운과 가까운 쪽의 열차 끝부분에 있습니다.,travel
"누구나 사회에 참여하고 교통 시스템을 이용하며, 거의 모든 사람들이 교통 시스템에 대해 불평하고 있습니다.",politics
"해당 지역은 인구 밀도가 낮아서, 광공해는 문제가 되지 않는 경우가 많기 때문에, 밤하늘의 별 즐기기도 가능합니다.",nature
비자 요구 사항 및 비용은 국가마다 다르며 출신 국가의 영향을 받습니다.,travel
"일반적으로 A 지역에서 B 지역으로 가는 직항 편은, 비즈니스석이든 일등석이든 좌석 할인을 구하는 것조차 의미가 없다.",travel
"부메랑 던지기는 인기 있는 기술로, 많은 관광객이 배우고 싶어 합니다.",travel
남태평양과 남아메리카 서해안을 건너뛰고 싶다면 이 항공편만이 유일한 선택 사항은 아닙니다.(아래를 참조하세요),travel
"샌프란시스코는 많은 호텔, 레스토랑, 그리고 최고급 컨벤션 시설을 갖춘 거대한 관광 인프라를 개발해왔다.",travel
여행 중 자원봉사는 변화를 만들어 내는 좋은 방법입니다. 이는 단지 타인에게 도움을 주는 것 그 이상입니다.,travel
사람들은 귀국길에 오르는 여행객들에게도 인내심과 이해심이 필요하다고 생각하지 않을 수 있다.,travel
"아프리카 바깥의 모든 장소에 대한 추가 비자, 출국세, 지상에서의 이동 등 추가 비용을 포함시키는 것을 잊지 마세요.",travel
"2,400명으로 이루어진 주 공격 부대는 트렌턴에서 북쪽으로 9마일 떨어진 강을 건너 두 그룹으로 나뉩니다. 동트기 전 공격을 개시하기 위해 두 그룹은 각각 그린과 설리번의 지휘 아래 놓입니다.",politics
"검찰 총장, 키어 스타머 칙선 변호사는 오늘 아침 Huhne와 Pryce를 둘 다 기소한다는 성명을 발표했습니다.",crime
영국은 어떤 선박도 여러 해양 구역에 전체적으로 진입하지 못하도록 공해상을 채굴해 중립적인 선박에까지 위험을 초래했다.,politics
시위대는 11월 국회에 제출하기 위해 120만 명의 탄원서 서명을 받길 희망한다.,politics
우선 78개 권고안 중 하나는 이라크의 적대적 개입에 대비하여 국경을 확보하고 이웃 국가들과의 외교 관계를 재정립하기 위해 올해 말이 되기 전에 새로운 외교 정책을 취해야 한다는 것입니다.,politics
"시위는 파리, 불가리아의 소피아, 리투아니아의 빌니우스, 몰타의 발레타, 에스토니아의 탈린, 스코틀랜드의 에딘버러와 글래스고에서도 일어났다.",politics
"""페리는 """"오늘 밤 간부 회의의 결과를 평가하기 위해 텍사스로 돌아가 이번 선거전에 나 자신에게 득이 되는 길이 있는지를 결정할 것""""이라고 말했지만, 나중에 그는 선거전에 남아 1월 21일 사우스캐롤라이나 예비선거에서 경쟁할 것이라고 말했습니다.""",politics
"이 시점에서 이라크의 행동이 종파적인 전쟁이나 폭력이 증가하는 것, 혹은 혼돈의 상태를 막을 수 있다는 데에 보장은 없다.",politics
마르텔리는 어제 9명으로 이뤄진 임시 선거위원회(CEP) 취임을 위한 선서를 했습니다.,politics
독립 전쟁 기간 동안 13개 주는 우선 연합 규약에 따라 의회가 유일한 구성 요소인 권력이 강하지 않은 중앙 정부를 구성했다.,politics
"브라질 국회는 합법화를 10년간 논의해왔으며, 현재는 이러한 민법상 결혼이 리오그란데 도 술에서만 합법입니다.",politics
"전 세계적으로 시위가 있었고, 여러 건의 형사 고발이 있었으며, 파키스탄 정부와 아이슬란드 정부의 지도자들은 모두 사임했다.",politics
스턴스는 주택 에너지 상거래위원회의 산하에 있는 감독 및 조사 소위원회 의장으로서 가족 계획 연맹(Planned Parenthood)을 통해 낙태에 자금을 제공하는 데 세금이 사용되는지 여부를 조사하고 있습니다.,politics
이 전술에 대한 대응이 제한적이었기 때문에 독일은 무제한 잠수함전에서 비슷한 대응을 예상했습니다.,politics
"2차 세계 대전에서 독일은 공통의 적이었고 이는 소련과 미국의 협력으로 이어졌습니다. 전쟁이 끝남과 함께 시스템, 변화 및 문화의 충돌은 여러 국가의 쇠락으로 이어졌습니다.",politics
텔레비전에 생중계된 이 발언은 이란 고위 소식통들이 제재가 효과를 내고 있음을 처음으로 인정한 것입니다.,politics
원 법안은 상파울루의 전임 시장인 마르타 수플리시가 그 초안을 작성하였습니다. 현재 개정이 완료된 해당 상정안은 현재 로베르토 제퍼슨의 손에 있습니다.,politics
"하나는 7월 6일 조지 워싱턴에게 보내졌는데, 그는 7월 9일에 뉴욕에서 자신의 부대에게 이를 낭독했습니다. 사본은 8월 10일 런던에 도착했습니다.",politics
"연합군과 아프간군은 해당 구역에 진입하여 주변을 장악했고, 다른 연합군 항공기도 지원을 위해 파견됐다.",politics
현 상원 의원 겸 아르헨티나 대통령 부인 크리스티나 페르난데스 데 키르치네르(Cristina Fernandez de Kirchner)는 어제저녁 부에노스아이레스(Buenos Aires)에서 50km 떨어진 라 플라타(La Plata)에서 대선 출마를 선언했다.,politics
"유럽국들은 그들 중 하나가 강력해지는 걸 막아야 했으며, 균형을 지키기 위해 각국 정부들은 종종 동맹관계를 바꾸었습니다.",politics
"만일 연합군이 실패했다면, 독일이 다른 유럽과 마찬가지로 영국까지 정복할 수 있었을 것입니다.",politics
동시에 U보트를 주로 사용하는 독일 해군은 이 운행을 막으려고 노력했습니다.,politics
"""그는 그 소문을 """"정치적 수다와 어리석음""""이라고 언급했습니다.""",politics
시위는 총리의 공식 거주지인 다우닝가의 경찰이 경비를 서는 입구 맞은편 화이트홀에서 현지 시간 11:00(UTC+1) 경에 시작되었습니다.,politics
"이 조항들은 모든 주에서 만장일치의 동의를 얻어야만 수정이 가능했으며, 중앙 정부를 무시한 주 대표들은 대부분 회의에 불참석했습니다.",politics
가장 주목할 만한 최근 사례 중 하나는 제2차 세계 대전의 북대서양 캠페인이었습니다. 미국인은 영국을 돕기 위해 대서양을 건너 인력과 자원을 이동하려고 노력했습니다.,disasters
뉴트 깅리치 전 미국 하원 의원은 32%로 2위를 차지했습니다.,politics
"덴마크의 지배로부터 조국을 되찾기 위한 야망을 품은 노르웨이인, 올라프 트리그바손이 함대를 이끌었습니다.",geography
10월에 시작된 광범위한 반정권 프로테스트에 대한 Martelly의 대응 차원에서 위원회가 마련되었습니다.,politics
이 정치 운동원들은 파키스탄 헌법 제247조에 따라 통치 체제와 사법 체제를 제공할 책임이 있습니다.,politics
리프 스턴스(Cliff Stearns) 하원 의원이 수행 중인 가족계획 연맹(Planned Parenthood)의 예산 소비 및 보고에 대한 조사가 보류 상태이기에 코멘 정책(Komen's Policy)에 따라 가족계획 연맹이 자격 미달 처리되었다.,politics
"""1947년 파키스탄이 영국 통치로부터 독립한 이후, 파키스탄 대통령은 이 지역에 거의 완전한 자율적 통제권을 행사하는 FATA를 통치할 """"정치적 대리인""""을 임명했다.""",politics
Commons 관리자 Adam Cuerden은 지난달 위키 뉴스와의 통화에서 삭제에 대한 불만을 드러냈다.,technology
키르치네르 여사는 2005년 부에노스아이레스 지방 대표단의 일원으로 상원 의원 선거운동을 시작할 때와 같은 장소인 아르헨티나 극장에서 대통령 출마 의사를 밝혔다.,politics
"""독일은 그 공격의 암호명을 """"바다사자 작전(Operation Sealion)""""이라고 지었습니다. 영국군이 가진 중화기와 보급품의 대부분이 됭케르크에서 철수할 때 분실되었기 때문에 군대가 상당히 약해져 있었습니다.""",geography
이것은 결승 투표를 취소하는 것이 헌법에 위배되는 것일 수 있다고 한 이전의 보고서와 모순된다.,politics
"누출된 정보에 따르면, 해당 문서는 1967년 중동 전쟁 전 국경에 근거해 팔레스타인이 원하는 국경 분쟁과 관련이 있을 것입니다.",politics
프랑스 법은 바뀌었다. 그의 행동주의는 15세의 나이로 세계 2차 대전에 프랑스 저항군으로 입대한 때로 거슬러 올라간다.,politics
아르메니아의 지지를 받으며 새 공화국이 생성되었다. 그러나 심지어 아르메니아뿐 아니라 그 어떤 국가도 이곳을 공식적인 국가로 인정하지 않는다.,politics
"프랑스에서 투표는 전통적으로 저차원적인 경험이다. 유권자들은 부스에 고립되어 있고, 그들의 후보를 나타내는 사전 인쇄된 종이를 봉투에 넣는다.",politics
"""정부 대변인은 """"현재 공중위생 관점에서든 형사 재판 관점에서든, 이 법안을 최대한 빠르게 제정하는 것이 중요해졌다""""라고 하였다. """,politics
보고서는 미국의 중동 정책에 관해 공개 토론과 의견 일치 형성에 대한 탄원으로 시작한다.,politics
나미비아 대통령 및 의회 선거의 최종 결과에 따르면 현직 대통령인 히피케푸니에 포함바가 큰 표차로 재당선된 것으로 밝혀졌다.,politics
"53세의 쿠오모는 올해 초부터 임기를 시작했고, 지난달에 동성 결혼 합법화 법안에 서명했다.",politics
"룩셈부르크의 역사는 길지만, 독립한 것은 1839년의 일입니다.",geography
"""미국 독립선언서의 뒷면에는 """"원본 독립선언서 작성일 1776년 7월 4일""""이라는 글자가 적혀 있습니다. 이 글자는 문서의 아랫쪽에 위아래가 뒤집혀진 상태로 적혀 있습니다.""",geography
외국 정부의 이러한 문서들을 받아들이려는 의지 또한 매우 다양합니다.,politics
라트비아와 슬로바키아 모두 ACTA 가입 절차를 보류하고 있다.,politics
"직원들이 투표자의 신원을 확인한 후, 투표자는 투표함 속에 봉투를 넣고 선거인명부에 서명합니다.",politics
국제 제재는 새로운 항공기 구매가 불가하다는 것을 의미했다.,politics
이 발표는 트럼프가 레제프 타이이프 에르도안 터키 대통령과 전화 통화를 한 후에 이루어졌다.,politics
그는 싱가포르 부총리 웡칸셍의 환영을 받았고 싱가포르 총리 리셴룽과 무역 및 테러 문제를 논의하였습니다.,politics
"""레이튼(Layton)은 총리와의 면담에서 보수당의 환경 법안을 """"철저히, 완전하게 재작성"""" 할 것을 요청하며, 보수당의 환경 법안에 대한 변경을 촉구했다.""",politics
"마지막에 흐루쇼프가 질서를 회복하기 위해 탱크를 보내긴 했습니다. 그런데도 그는 몇몇 경제적 요구사항을 받아들였으며, 당시 인기 있던 브와디스와프 고무우카를 새 수상으로 임명하는 데 동의했습니다.",politics
셰이(Hsieh)는 선거 기간 동안 마(Ma)가 위기의 시기에 망명할 수 있음을 암시했습니다.,politics
종전 2년이라는 세월이 흐르면서 이전의 동맹국들은 이제 적이 되었고 냉전이 시작되었다.,politics
8월에 에임스 스트로 폴(Ames Straw Poll)에서 이긴 바흐만(Bachmann)은 캠페인 운동을 중단하기로 했다.,politics
룩셈부르크는 항상 중립국가로 남으려고 노력해왔지만 제1차 세계대전과 제2차 세계대전에서 모두 독일에게 점령당했습니다.,politics
두 번째 문장이 하원 의원에 의해 먼저 삭제된 후 상원 의원에서 비슷한 양식으로 통과되면서 이 입법 회의는 변경되었습니다.,politics
"연방정부가 타즈마니아 데본포트에 있는 머시 병원의 자금을 인수하기 위해 개입했을 때부터, 주 정부와 일부 연방 하원 의원들은 이러한 행동이 11월에 있을 연방선거전의 일환으로 쓰일 거라고 비난해왔다.",politics
제안된 개정안은 2011년에 이미 양원을 통과했습니다.,politics
"1895년 제1차 중일 전쟁(1894~1895)에서 패전한 후, 청 정부는 시모노세키 조약을 체결하고, 이 조약을 통해 대만에 대한 주권을 일본에 양도하고 1945년까지 이 섬을 통치하게 했다.",geography
자유당 대표 존 하워드 총리 뒤를 이을 가능성이 가장 높은 피터 코스텔로 호주 재무 장관은 호주 원자력 산업에 지지를 보냈습니다.,politics
프랑스를 차지하기 위해 독일은 영국 섬을 침략할 준비를 하기 시작했다.,politics
"카트리나 태풍 후에 구호물자와 재건축을 위한 지출을, 국가 재정에 보수적인 태도를 취하는 사람들이 '부시의 뉴올리언스 거래'로 일컬으면서 논쟁이 일어났다.",disasters
1994년의 분쟁으로 인해 몰도바(Moldova) 동부에 트란스니스트리아(Transnistria Republic) 자체 공화국이 생겼다. 고유의 정부와 화폐가 있지만 어떤 UN 회원국에도 인정되진 않는다.,politics
집권당인 서아프리카 인민 기구(SWAPO)도 의회 선거에서 과반수를 유지했습니다.,politics
필리핀 정복에 사용된 미국 제국주의의 전쟁 비용은 필리핀인 자신들에 의해 지급되었다.,politics
"1939년 9월 17일에는 폴란드 측 방어가 이미 붕괴된 상태였고, 유일한 희망은 루마니아 교두보를 따라 퇴각하여 재정비하는 것뿐이었습니다.",politics
후보자는 대표자를 보내서 선거의 전 과정을 참관할 수 있습니다. 저녁에는 특정 절차에 따라 철저한 감독하에 자원봉사자가 개표합니다.,politics
"경찰은 로 피콜로가 팔레르모 조직에서 프로벤자노의 오른팔 역할을 했기 때문에 훨씬 우세하다고 주장했습니다. 또한, 세간의 이목을 피하는 동시에 권력 네트워크를 더 강화시키는데 힘쓰는 프로벤자르노의 수법을 사용하는 시기에 경험을 많이 쌓은 로 피콜로는 구 세대 보스들의 존경을 얻을 수 있었다고 했습니다.",crime
로딘은 또한 아프가니스탄 사람들이 치뤄야 할 또 다른 선거 비용과 안보 위험을 줄이기 위해 공직자들이 결선을 취소하기로 결정했다고 말했습니다.,politics
그는 2016년에 대통령 선거에 출마할 것으로 추측됩니다.,politics
1683년 청나라 왕조(1644~1912)의 군이 대만의 서쪽과 북쪽의 해안 지역을 장악하고 1885년 대만을 청 제국의 영토로 선포하였습니다.,geography
"11시 29분 경, 시위대는 스트랜드를 따라 트라팔가 광장을 지나 화이트 홀로 입성했으며, 알드 위치를 지나, 킹스웨이로 들어가 보수당이 그랜드 코너트 룸스 호텔에서 스프링 포럼을 열고 있던 홀본 쪽으로 향했다.",politics
교토의정서에 서명하겠다는 러드의 결정으로 미국은 선진국 중 비준하지 않은 유일한 국가로 남게 되었습니다.,politics
감독 외에서 바우티어가 남긴 업적으로는 1973년의 정치 검열에 대한 단식 투쟁이 있습니다.,politics
조지 W. 부시 미합중국 대통령은 11월 16일 아침 싱가포르에 도착하는 것으로 일주일에 걸치는 아시아 순방을 시작하였다.,politics
또한 각 왕조 사이에는 여러 지방으로 분열되어 불안한 시대가 있었습니다. 가장 잘 알려진 시대로는 한나라와 진나라 사이 60년에 해당하는 시기인 삼국 시대입니다.,geography
"이러한 고발에도 불구하고, 마는 중국 본토와의 긴밀한 유대를 옹호하는 플랫폼을 쉽게 얻었습니다.",politics
일부 폭력적 저항운동이 촉발된 것은 몇몇 선거가 2011년부터 실시되지 않았기 때문이었다.,politics
"이스라엘은 협정이 이루어지자 이 구역의 현재 주둔군을 10년간 두는 것을 요구했고, PA는 주둔군이 5년 후에 떠나는 것에 동의했다.",politics
"11시 20분에 경찰이 시위대에게 보도로 돌아가도록 요청했으며, 시위할 권리와 증가하는 교통량 사이에 절충할 필요가 있다고 말했습니다.",crime
왕과 왕비는 마차를 타고 자신들에게 소리를 지르고 위협을 하는 군중들에게 둘러싸인 채 파리로 돌아갔다.,politics
제임스 유잉 장군은 700명의 민병대를 이끌고 트렌튼 페리에서 강을 건너 아순핑크 샛강에 있는 다리를 점령하고 적군의 탈출을 막았다.,politics
1957년 룩셈부르크는 오늘날 유럽 연합이라고 알려진 단체의 창립 멤버가 되었습니다.,politics
여론 조사에서 34 퍼센트가 엘리자베스 2세가 호주의 마지막 군주이길 바란다는 의견을 보였습니다.,politics
이탈리아의 주목표는 아프리카 국가들이었습니다. 이 국가들을 함락시키기 위해 군대가 지중해를 건너 아프리카를 침략하기 위한 군대의 출발지가 필요했습니다.,geography
"여론조사를 통해, 응답자중 29퍼센트는 호주가 빨리 공화국이 되어야한다고 생각하는 반면, 31퍼센트의 응답자들은 호주가 공화국이 되어서는 안된다고 응답했습니다.",politics
도널드 트럼프 미국 대통령은 늦은 일요일 시간대에 대변인을 통해 발표한 성명에서 미군이 시리아에서 철수할 것이라고 발표했다.,politics
2001년 9월 11일 이후 시대에서는 보안 검색대 조사 역시 훨씬 더 성가신 일이 되었습니다.,disasters
조지 W. 부시 미국 대통령은 이 같은 발표를 환영했습니다.,politics
"삼국시대는 고대 중국 역사에서 가장 유혈 낭자한 시대 중 하나였는데, 수 천명의 사람들이 시안 대궐의 가장 높은 자리에 앉기 위해 싸우다 죽었다.",invalid
"뉴트 깅리치 전 하원의장, 릭 페리 텍사스 주지사, 미셸 바흐만 하원 의원이 각각 4위, 5위, 6위를 차지했습니다.",politics
"초기의 군사적 실패 이후, 에텔레드는 성공과 실패를 거듭하며 자신의 왕국을 얻기 위해 노르웨이로 돌아온 올라프와의 계약에 동의할 수 있었습니다.",politics
1960년대에 걸쳐 브레진스키는 케네디의 고문으로 근무한 후 린든 존슨 행정부에서 근무했다.,politics
일부 비슈케크 주민들은 남부 지역 시위대의 불법 무법 행위를 비난했습니다.,politics
현재 벨기에의 일부 지역은 과거에 룩셈부르크에 속했으나 1830년대 벨기에 혁명 이후 벨기에가 되었다.,geography
1988년부터 무기명 투표함은 반드시 투명하도록 해서 유권자들과 감독관들이 투표 시작 때 다른 봉투가 들어 있지 않은지 적법하게 계산된 공인된 투표자의 봉투 외에는 들어가는 것이 없는 것을 볼 수 있게 했다.,politics
줄리아 길러드 총리는 2010 연방 선거 캠페인 기간 동안 엘리자베스 2세 여왕의 통치가 끝나면 호주가 공화국이 되어야 한다는 주장을 펼쳤습니다.,politics
아일랜드 정부는 상황을 타개할 국회 입법이 시급함을 강조하고 있다.,politics
해당 지역을 둘러싼 외교적 분쟁은 아르메니아와 아제르바이잔 간의 관계를 지속적으로 악화시키고 있습니다.,politics
"스티븐 하퍼 총리는 화요일 PMO에서 NDP 대표 잭 레이턴과의 25분 회담을 끝낸 후, 정부의 '대기 오염 방지법'을 두 번째로 읽기 전에 모든 당무회에 보내 검토하게 하는데 동의했습니다.",politics
"지난달, 폴란드가 ACTA 서명했을 시 폴란드에선 항의 시위가 나왔는데, 이로 인해 폴란드 정부는 당장은 현 협정을 비준하지 않기로 결정했다.",politics
주의보는 그저 한 나라의 정치적 상황에 대한 간략한 요약본에 불과하다.,politics
그는 1976년 선발 과정에서 카터에게 외교정책에 대해 조언한 뒤 1977년부터 1981년까지 헨리 키신저의 뒤를 이어 국가 안보담당 대통령 보좌관(NSA)을 지냈습니다.,politics
또한 터키는 유럽 국가들이 본국으로 송환하는 것을 거부한 체포된 ISIS 전투기를 보호할 것이라고 밝혔다.,politics
"그러나, 이러한 계획들은 80만 명이 넘는 소련 적군 병사들이 리가 평화 조약, 소련-폴란드 불가침 조약과 다른 국제 조약(양자간 및 다자 간)들을 위반하여 폴란드 동부 지역을 침공한 후 벨라루시안과 우크라이나 전선에 진입하여 창설되었을 때 거의 하룻밤 사이에 쓸모없게 되었다.",politics
"절차에 따라, HJR-3은 다음 선출될 입법 기관에서 2015년이나 2016년에 계속 처리할지 여부를 다시 검토할 것이다.",politics
"7월 4일 의회가 채택한 이 후, 의회장 John Hancock과 서기관 Charles Thomson이 서명하고 수기로 작성한 서안 하나를 몇 블록 떨어진 John Dunlap 인쇄소로 보냈다.",politics
"11시가 막 지난 후, 시위대는 화이트홀에 있는 북쪽으로 향하는 마차들의 교통을 막았다.",politics
"그러나 1956년 6월, 식량 부족과 임금 삭감에 항의하던 폴란드에서 일어난 폭동이 공산주의에 대한 일반적인 항의로 변질되자, 크뤼셰프의 약속은 시험대에 올랐다.",politics
"냉전은 이후 40년 동안 지속될 것이었고 아프리카에서 아시아 지역, 아프가니스탄, 쿠바, 그리고 다른 많은 지역의 전장에서 대리군들에 의한 실제 싸움이 될 것이었다.",politics
지난달 대통령 위원회는 새로운 선거 준비를 위한 조치의 일환으로 이전 CEP의 사임을 권고했다.,politics
"보도된 바에 따르면, 다른 주제로는 양국 모두에게 신성한 예루살렘의 미래와 요르단 계곡 문제가 포함되어 있습니다.",politics
또한 의회는 주(州) 간의 세법과 관세를 무효화할 권한이 없었습니다.,politics
프랑스 선거법은 오히려 절차를 엄격하게 성문화합니다.,politics
"부시는 중간 선거에서 일주일 내내 이어진 패배 이후, 아시아에서의 무역 확장 정책을 발표했습니다.",politics
"비록 이러한 봉쇄는 지난 두 세기의 몇몇 국제 협약에 의해 일반적으로 받아들여지는 국제법을 위반하였지만, 이 전략은 중요한 군사 및 민간 물자를 차단하는 데 효과적임이 입증되었습니다.",politics
"두 몰도바 간에 비록 정치적 협상은 결렬되었지만, 경제적 관계는 회복되었습니다.",politics
그는 당국자들과 함께 나와 텍사스 시민들에게 대중의 안전을 보호하기 위한 조치가 취해지고 있음을 보증했다.,politics
재건 활동에 대한 리버럴 측 비판은 소위 워싱턴 내부자들에게 재건 관련 계약이 돌아간 것에 초점을 맞추었습니다.,politics
"2010년 연방선거를 앞두고 1,400명을 대상으로 설준조사를 진행한 결과, 호주가 공화국으로 전환하는 것에 반대하는 비율이 2008년 대비 8% 증가하였다.",politics
외교관들은 아프가니스탄 헌법에서 결선 투표가 불필요하다고 판단될 정도의 모호성을 발견했다고 말했습니다.,politics
"결과가 나온 후 깅리치는 산토룸을 칭찬했지만, 아이오와에서 깅리치를 상대로 네거티브 선거 광고를 방송한 롬니를 향해서는 거친 말을 했습니다.",politics
마텔리가 4년 만에 다섯 번째 하는 CEP다.,business
"과학자들은 행성이 어떻게 형성되는지, 특히 지구가 어떻게 형성되었는지 이해하기를 희망합니다. 왜냐하면 혜성이 오래전에 지구와 충돌했기 때문입니다.",science
질소는 기체에서도 액체와 같은 특성을 가진다. 액체 상태는 밀도가 더 높지만 분자는 여전히 같다.,science
20세기의 연구에 따르면 숨겨지거나 나타나는 두 가지 유전적 변이 집단이 있습니다.,science
"""에티오피아의 리프트 밸리 리서치 서비스의 연구원이자 연구의 공동 집필자인 버헤인 아스포는 """"모든 것을 되돌려 놓아야 한다는 뜻입니다""""라고 말했습니다.""",science
과학의 주요 목적은 과학적 방법을 통해 세상이 어떻게 움직이는지 이해하는 것이다. 이 방식이 사실 대부분의 과학적 연구를 이끌어간다.,science
"이는 굉장히 복잡한 객체로, 단순화된 보어 모형에 의하면 핵을 중심으로 전자들이 회전하는 형태로, 마치 행성들이 태양을 따라 도는 것처럼 구성되어 있다고 합니다. 그림 1.1을 보세요.",science
"우리는 나무로 집을 짓고 식물로 옷을 만듭니다. 우리가 먹는 대부분의 음식은 야채입니다. 식물이 없다면, 동물은 살아남을 수 없습니다.",nature
"해충은 음식이 썩게 만들고 염증을 유발하거나, 더 나쁜 경우 알레르기 반응을 일으키고 독을 퍼뜨리거나 전염병을 옮길 수 있습니다.",health
""" 이는 """"광자""""라고 불리우는 작은 빛 입자의 방출을 통해 가능합니다. """,science
"다음 그림은 광자를 방출하는 원자를 보여주고 있다. 물론, 실제로 광자는 사진에 비해 훨씬 크기가 작다.",science
그러나 이것은 풀기 매우 어려운 문제로 쓸만한 핵 융합로를 보기까지는 오랜 세월이 걸릴 것이다.,science
탄소와 같은 약간의 비금속을 포함하는 합금도 있습니다.,science
셀(cell)은 작은 방을 뜻하는 라틴어 셀라(cella)에서 유래했다.,science
철바늘은 표면 장력으로 인해 물 위에 떠 있다.,science
원자는 믿지 못할 정도로 작아서 이 문장 끝에 있는 마침표에 원자 몇 조가 들어갈 수 있습니다.,science
과학자들은 암흑물질이 일반 물질과 같은 방식으로 다른 암흑물질에 영향을 준다고 결론지었습니다.,science
도표화된 분석 결과가 공개 웹사이트에 게시될 예정입니다.,technology
뇌 병리와 행동 사이의 상관관계가 과학자들의 연구를 돕습니다.,science
내용 이론은 무엇으로 인해 사람들이 특정 행동을 하거나 그 행동을 하도록 이끌리는지에 대해 집중합니다.,education
과학자들은 엔셀라두스가 지질학적으로 활발하고 토성의 얼음 고리의 원인일 수도 있다고 의심해왔습니다.,science
우주의 모든 것은 물질로 이루어져 있습니다. 모든 물질은 원자라고 불리는 작은 입자로 이루어져 있습니다.,science
"과학자들은 오셀롯이 잡아먹을 동물(먹이)을 쫓고, 또 찾는 데에 냄새를 사용한다고 생각합니다. 어디에 있었는지 냄새를 맡으면서 말이지요.",science
개체군이란 지정된 지리적 영역 내의 특정 종의 유기체 집합입니다.,nature
트리케라톱스는 나무줄기를 먹기 전 잎을 벗기는데 강한 부리를 사용할 수 있었다.,nature
"이런 방식의 생각을 하는 사람은 논리적 사고를 하고, 패턴을 기억할 수 있고, 문제를 해결할 수 있으며 과학적 실험을 할 수 있다.",science
칼슘과 칼륨 같은 원소는 금속이라고 간주합니다. 물론 은과 금 같은 금속도 존재합니다.,science
사자는 무리 지어 사는 가장 사회적인 고양이과 동물입니다.,nature
세포는 모든 생물의 기본 단위로서 모든 유기체는 하나 이상의 세포로 구성되어 있다.,science
이전의 에너지 수준으로 돌아가기 위해서는 빛에서 얻은 여분의 에너지를 반드시 제거해야 한다.,science
수천 년 전에 아리스다고라는 사람이 태양계가 태양을 중심으로 움직인다고 주장했다.,science
"서로 다른 구조는 각자 다른 기능을 가지고 있고, 서로 다른 파장 길이에도 민감하며, 정확도도 다르다. 또한 최적의 작동을 위해 정보와 서로 다른 수의 이치를 맞추어야 해서 다른 프로세싱이 필요하다.",science
트리케라톱스의 이빨은 나뭇잎뿐만 아니라 아주 억센 나뭇가지와 뿌리도 으스러뜨릴 수 있었을 것이다.,nature
원소와 화합물은 변화하지 않은 채 한 가지 상태에서 다른 상태로 이동할 수 있습니다.,science
무거운 수레를 언덕 위로 굴려 올리는 것과 같습니다. 핵을 다시 분열시키면 그 에너지의 일부가 방출됩니다.,science
"호랑이는 사자, 표범, 재규어와 같은 무리입니다. 이 네 마리의 고양잇과 동물만이 포효할 수 있습니다.",nature
이러한 신경 자극은 몸 전체에 재빠르게 전달되어 신체에 발생할 수 있는 위험으로부터 몸을 안전하게 보호하는 데 도움을 줍니다.,health
"""우리가 태양을 볼 때 관찰이 가능한 바깥 부분은 """"불덩어리""""를 의미하는 광구로 불린다. """,science
대학 연구진은 두 화합물이 서로 반응하여 결정을 형성하고 이는 신장의 기능을 차단할 수 있다고 밝혔다.,science
신경 생물학적 데이터는 인지 능력 연구에 대해 이론적 접근법을 취했을 때 필요한 물적 증거를 제공해 준다. 이는 연구영역을 좁혀주고 더 정확하게 해준다.,science
과학자들은 같은 방법으로 에너지를 만들 수 있는 원자로를 만들기 위해 노력하고 있다.,science
"그리고 몇 년 후, 1639년에 제러마이아 호록스라는 영국의 천문학자가 금성 일면통과를 관찰했다.",science
"돌연변이는 새로운 종의 유전자를 만들어내며, 선택은 발현된 유전자를 풀에서 제거합니다.",science
"다른 과학자들은 나무늘보와 앵무새와 같은 다른 동물들이 독을 함유한 잎이나 과일을 먹을 수 있음에도 불구하고, 이 식물들의 독성 때문에 어떤 공룡도 이러한 식물들을 먹었을 가능성은 낮다고 주장했다.",science
"여러 사람이 2월 초까지 다양한 하드웨어와 소프트웨어를 사용하여 발견을 입증했고, 이는 화요일에 발표됐습니다.",science
"이 공명에서, 자기장 및 전파는 원자가 미세한 무선 신호를 내보내도록 합니다.",science
"태양은 지구처럼 딛고 서있을 수 있는 지각이 없다. 태양은 가스, 불 그리고 플라즈마로 이루어져 있는 행성이다.",science
. 과학자들은 이 공룡 깃털의 윗쪽이 진갈색이고 아랫쪽은 희거나 노란빛이었다고 밝혔다.,science
깃털의 구조는 비행 용이 아니라 체온 조절이나 과시용으로 쓰였음을 암시한다. 연구원들은 어린 공룡의 꼬리에서 나온 샘플을 조사하니 유아의 솜털이 아닌 성인 공룡의 깃털이라고 이야기하였다.,science
영국의 생물학자 로버트 후크(Robert Hooke)는 코르크의 작은 사각형을 현미경으로 보았다.,science
암흑에너지는 우주에 일관되게 작용하고 있는 완전히 보이지 않는 힘이다.,science
"이 이론에 따르면 은하계 주변 암흑물질의 대부분은 마치 후광처럼 은하계 주위에 자리 잡고 있으며, 대량의 작은 입자들로 구성되어 있다.",science
센트럴 미주리 주립대학의 수학자 겸 컴퓨터 과학 교수인 커티스 쿠퍼(Curtis Cooper)는 1월 25일 현재 가장 큰 것으로 알려진 소수를 발견했습니다.,science
동물들은 많은 세포로 이루어져 있습니다. 동물은 음식을 먹고 몸 속에서 소화시킵니다. 대부분의 동물들은 움직일 수 있습니다.,nature
원자는 모든 물질의 핵심 구성 요소 중 하나로 생각할 수 있습니다.,science
"또 다른 유명한 그리스인은 수학자 피타고라스이며, 주로 직각삼각형의 세변의 길이에 관련 정리가 가장 유명한 정리로 알려져있다.",science
무리는 1~3마리의 동족 성인 수컷과 무려 30마리에 이르는 암컷과 새끼로 구성됩니다.,nature
무인 달 궤도탐사선인 찬드라야안-1은 달표면을 초당 1.5km(시간당 3000마일)의 속도로 날아가는 달 충돌형 탐사선(MIP)를 발사해 달의 남극 지방에 성공적으로 충돌하였다.,science
"""세포(cell)란 무엇인가? Cell이란 단어는 """"작은방""""이라는 의미로 라틴어 """"cella""""에서 유래했으며 코르크의 구조를 관찰하는 한 현미경 사용자에 의해 최초로 만들어졌다.   """,science
"이것은 젊은 공룡의 꼬리이지만, 샘플을 보면 어린 개체의 솜털이 아닌 성체의 깃털임을 알 수 있다고 연구진은 말합니다.",science
연구원들은 멜라민과 시아누르산의 첨가로 고양이의 소변에 결정이 형성된 것을 관찰했다.,health
허쉬와 체이스의 실험은 DNA가 유전적 물질이라고 제안한 선두 연구 중 하나였습니다.,science
"일부 원자들은 불안정한 핵을 가지고 있으며, 이는 아주 조그마한 외부 영향 혹은 아무 외부 조건 없이도 스스로 분열되는 경향이 있음을 의미한다.",science
별들은 수소 원자들이 더 무거운 원소를 형성하기 위해 합쳐질 때 만들어지는 에너지 때문에 빛과 열을 발산한다.,science
물 분자는 물 표면에 보이지 않는 막을 만들어 바늘 같은 물건이 물 위에 떠오르게 합니다.,science
"오셀롯은 작은 동물을 즐겨 먹습니다. 가능만 하다면 주로 자신보다 훨씬 크기가 작은 원숭이, 뱀, 설치류 및 조류를 사냥합니다.",nature
"""""""이 화석을 토대로 볼 때, 그 분열은 분자를 토대로 예상했던 것보다 훨씬 더 앞선다는 것을 의미합니다.""",science
"""과학자들은 이 과정을 """"복사 자극 방출""""이라고 부르는데 이는 원자가 밝은 빛에 의해 자극을 받아 빛 광자를 방출하기 때문이고 빛은 복사의 한 종류이다.   """,science
"양성자는 양전하를 지니는 한편, 중성자는 전하가 없습니다. 전자는 음전하를 지닙니다.",science
"발광도와 회전을 함께 사용해 별의 로스비 번호를 결정하는데, 이는 혈장 흐름(plasma flow)과 관련이 있다.",science
"그러나 실험은 하나 혹은 그 이상의 가설을 제거하는 것이며, 질문을 하고 관찰을 하며 과학적 연구로 이끌어내는 것이다.",science
그것의 존재는 오직 우주의 팽창에 미치는 영향 때문에 알려져 있습니다.,science
"마지막으로 곤충, 설치류, 도마뱀, 새와 같은 훨씬 더 많은 작은 먹이를 먹는 작은 고양이들(풀어놓은 애완용 고양이 포함)이 많이 있다.",nature
합금은 기본적으로 금속 두 개 이상의 혼합물이다. 주기율표 상에 원소가 많이 있다는 것을 잊지 마라.,science
"그리스어에 대한 지식이 감소함에 따라, 서구는 그리스 철학 및 과학의 뿌리와 단절되어 있음을 알게 되었습니다.",education
그것들은 방처럼 보였다. 그는 죽은 세포를 관찰한 첫 번째 사람이었다.,science
세포는 생물체(생체)의 가장 작은 구조 및 기능 단위이다.,science
암컷은 자매와 딸이 많은 대가족에서 주로 오기 때문에 서로 밀접한 관계를 가지고 있습니다.,nature
신경계는 몸 전체에 신경 신호를 보내서 혈류가 방해받지 않도록 하여 항상성을 유지한다.,health
"사자 무리는 놀라울 정도로 행동하는 것이 사자와 유사한 (하지만 다른 커다란 고양잇과 동물과는 다른) 늑대 또는 개 무리와 비슷하게 행동하는데, 이는 사냥감에 굉장히 치명적이기도 합니다.",nature
MRI는 1930년대에 펠릭스 블로치(스탠퍼드대)와 에드워드 퍼셀(하버드대)이 발견한 핵자기공명(NMR)이라는 물리학 현상을 기반으로 한다.,science
이것은 우리가 마음속 과정을 이해하는 데 도움이 되는 시뮬레이션 모델을 만들기 위한 많은 정보와 자료를 제공한다.,science
과학자들은 충돌로 인한 폭발이 거대했다고 말한다.,science
심리학을 비롯해 과학에서는 모든 물질에 대한 아리스토텔레스의 견해를 받아들였다.,science
수소 이온은 전자가 벗겨져 나간 양성자이다. (수소 원자는 양성자 하나와 전자 하나로 구성되므로),science
"특정한 표현형 특성과 관련하여 모집단의 모든 개체가 동일한 특성을 나타낼 경우, 이들은 단형으로 알려져 있습니다.",science
"기체든, 액체든, 고체든 같은 분자 구조를 가지고 있습니다.",science
pH 레벨은 시험을 거친 화학 물질에서 수소(pH에서 H) 이온의 양으로 표시합니다.,science
하지만 일어난다 해도 아주 오랫동안 일어나지 않을 일입니다. 항성들은 아주 멀리 떨어져 있어서 '이웃'이라 해도 간격이 수천 조 마일이나 됩니다.,science
"이것은 화학 물질의 pH라고 불리는데, 붉은 양배추즙을 사용해 지표를 만들 수 있다.",science
이제 과학적 데이터가 거대한 규모의 이 탄소 경제는 지난 이백만 년 동안 인류의 진화를 도왔던 안정적인 상태에서 생물권을 몰아냈음을 보여줍니다.,science
"이는 오히려 물질의 4가지 상태인 고체, 액체, 기체, 플라스마(같은 순서로)와 유사했지만, 아리스토텔레스는 그것들이 새로운 순물질로 바뀌어 우리가 보는 것을 구성한다는 이론도 만들었습니다.",science
물이 또 다른 예입니다. 물 화합물은 2개의 수소 원자와 1개의 산소 원자로 이루어져 있습니다.,science
팀이 찾고 있던 효과는 은하계의 암흑물질과 은하수의 암흑물질 사이의 기조력에 의해 발생했을 수 있습니다.,science
금성의 위상 변화는 금성이나 달의 옆면만이 태양을 마주하여 빛을 받을 때 일어납니다. 금성의 이러한 위상 변화는 코페르니쿠스의 지동설을 뒷받침합니다.,science
두 가지 인기 있는 내용이론은 매슬로우의 욕구 계층 이론과 헤르츠베르크의 이인자 이론입니다.,education
"그것의 물리적 상태가 변하더라도, 화학적 상태에는 변함이 없다.",science
"1970년, 의사이자 연구 과학자인 레이몬드 다마디안(Raymond Damadian)은 의학적 진단 도구로 자기 공명 영상을 사용하기 위한 기초를 발견했습니다.",science
"몇몇 사람들은 해를 포함한 태양계가 (그리고 다른 항성들까지도) 지구를 돈다고 주장한 그가 옳다고 믿었지만, 그를 믿지 않는 사람도 많았습니다.",science
핵은 중성자와 양성자라는 2개의 입자로 구성되어 있습니다.,science
태양 중심에서 멀리 갈수록 가스층이 얇아진다.,science
"인간이 아닌 동물들에 의해 완전히 양육되었을 때, 야생아는 인간에 대한 두려움이나 무관심과 같이, 거의 전적으로 특별한 보살핌이 필요한 동물과 같은 행동을 보입니다.",science
핵분열 폭탄은 많은 양성자와 중성자를 가진 핵을 합치기 위해서는 많은 에너지가 필요하다는 원리에 기반하다.,science
적조는 자연적으로 발생하는 단세포 해양생물인 카레니아 브레비스의 정상 농도보다 높은 농도에 의해 발생합니다.,nature
"생물을 현미경으로 관찰하면, 이들이 작은 사각형이나 구형으로 구성되어 있다는 것을 볼 수 있습니다.",science
혈액은 동맥이라고 부르는 관을 통해 심장에서 나와서 정맥이라고 부르는 관을 통해 다시 심장으로 돌아옵니다. 가장 작은 관들은 모세혈관이라고 불립니다.,health
그 조류는 인간과 물고기 모두 신경을 손상시키는 신경독소를 만들어냅니다.,science
어떤 과학자들은 트리케라톱스가 백악기에 흔했던 종류인 소철 식물을 먹었다고 생각합니다.,science
"식물들은 태양을 이용한 광합성을 통해 자신들의 음식을 만들고, 또한 그늘을 제공합니다.",nature
"호랑이의 포효는 사자의 우렁찬 포효와는 다르지만, 으르렁거리며 소리 지르는 단어의 문장과 비슷합니다.",nature
"허쉬와 체이스는 박테리아를 자신의 DNA에 심기 위해 파지, 혹은 바이러스를 사용했다.",science
"미국 프린스턴대학교와 스웨덴 웁살라대학교의 연구자들은 단 2세대 만에 진화한 새로운 종을 보고 했음에도 불구하고, 이 과정은 그 지역 고유의 새인 다윈 핀치새, 중간 땅 핀치새와 외부에서 이주한 선인장 핀치새, 큰 선인장 핀치새 사이의 번식 때문에 훨씬 더 오래 걸리게 되었을 것으로 여겨집니다.",science
비록 대부분 이론에 의존하긴 해도 프로그램은 궁수자리 은하 관측을 시뮬레이션하도록 짜여 있습니다.,science
"사람들은 고대부터 금, 은, 구리와 같은 기본적인 화학 원소를 알고 있었는데, 이것들은 모두 자연에서 천연 그대로의 형태로 발견이 가능하고 원시적인 도구로 채굴하는 것이 비교적 간단하기 때문이다",science
현대 연구용 망원경의 대부분은 유리한 대기 조건을 갖춘 외딴 지역에 위치한 방대한 시설입니다.,science
"순환계의 주요 기관은 심장으로, 혈액을 공급하는 역할을 수행합니다.",health
그들은 해가 다른 별들과 같이 발광성과 회전의 원리만으로 작동한다는 것을 발견했습니다.,science
"확실하지는 않지만, 혀가 갈라져 있었을지도 모릅니다. 거북이, 큰 물고기, 다른 모사사우루스 등을 먹이로 삼았으며, 심지어 인육을 먹었을 수도 있습니다.",science
현대식 빙상 스케이트의 칼날은 이중 가장자리와 그 사이에 오목한 구멍이 있다. 이 두 가장자리는 기울어진 상태에서도 얼음을 더 잘 잡을 수 있게 해준다.,sports
"그 아래에는 중간 크기의 동물인 토끼나 영양, 그리고 사슴을 사냥하는 중간 크기의 고양잇과 동물들이 있다.",nature
"식물은 인간이 숨쉬는 산소를 만들고, 인간이 호흡으로 내뿜는 이산화탄소(carbon-dioxide)를 섭취한다.",nature
겨울에는 북미에서 최고의 스키를 즐기고 여름에는 진정한 산악자전거를 체험해 보세요.,travel
"""스키여행은 스키광(""""ski bums"""")이라고 불리는 애호가들이 즐기는 여행 방식이다. 그 사람들은 휴가 일정을 어느 한 특정 장소에서 줄곧 스키를 타는 시간으로 계획한다.""",sports
28세인 비달은 3년 전 세비야 FC에서 FC 바르셀로나에 합류했습니다.,sports
2009년 헝가리 그랑프리에서 브라질 출신 선수는 충돌로 심각한 머리 부상을 입었다.,sports
골프는 선수들이 채로 공을 구멍에 넣는 오락입니다.,sports
"""바르셀로나의 러닝 투어 """"러닝 투어 바르셀로나""""와 코펜하겐의 """"러닝 코펜하겐""""에 뿌리를 두고 프라하와 그 외 지방을 기반으로 한 """"러닝 투어 프라하"""" 등이 빠르게 합류했다.""",travel
다른 동료 레슬링 선수들도 루나에게 경의를 표했습니다.,sports
그는 일요일의 볼로냐전에 앞서서 팀 숙소인 호텔에서 지내고 있었다.,sports
현대의 펜싱의 스포츠는 대학에서 배우는 학생들에서부터 프로와 올림픽 경기에 이르기까지 여러 레벨에서 행해진다.,sports
"인기 있는 운동 종목에는 축구, 야구, 배구, 수구, 펜싱, 럭비, 사이클링, 아이스하키, 롤러하키, 그리고 F1 자동차 경주 등이 있다.",sports
"카파네도(Carpanedo)는 수요일의 이벤트 말고도, 챔피언십에서 두 번의 개별 레이스에 출전했습니다.",sports
일본의 올림픽 유도 2회 메달리스트인 사이토 히토시가 향년 54세의 나이로 사망했다.,sports
"""더스틴 """"골더스트"""" 러널스는 """"루나는 나만큼 기이했는데... 어쩌면 더 기이한 것 같아요… 그녀를 사랑하고 그녀가 그리울 겁니다… 더 좋은 곳에 갔기를 바랍니다""""라고 말했습니다. """,sports
A1GP 뉴질랜드 팀의 공동 드라이버인 Jonny Reid는 48년 된 뉴질랜드 오클랜드 하버 브리지를 합법적으로 가장 빠르게 운전함으로써 오늘 새로운 역사를 만들었습니다.,sports
양 팀은 누사가 11점 차로 우승했었던 준결승전에서 만나게 될 것입니다.,sports
중간 순서 크리켓 배트맨인 사친 텐둘카르와 라훌 드라비드는 훌륭한 성적을 냈으며 100런 파트너쉽을 이뤄냈습니다.,sports
"스튜어트, 고든, 켄세스, 하빅은 시즌 내 4번의 레이스가 남은 가운데 드라이버스 챔피언십에서 상위 10위 자리를 차지했습니다.",sports
스키에 대한 생각은 매우 오래된 것이다. 스키 타는 사람들을 묘사한 동굴 벽화는 기원전 5000년까지 거슬러 올라간다.,sports
그의 팀원인 페르난도 알론소는 레이스 대부분 선두를 지키고 있었지만 오른쪽 앞바퀴가 잘못 끼어져있어서 피트 스탑 직후에 경기를 끝내야만 했다.,sports
"하루에 열여덟 개의 메달만 주어지기 때문에, 많은 국가가 메달 단상에 오르지 못했습니다.",sports
"스쿼시, 가라데 그리고 롤러 스포츠는 2005년 올림픽 대회에서 제외된 야구와 소프트볼과 함께 스포츠 항목으로 인정받기 위해 신청했습니다.",sports
"잘 훈련된 수비 기술, 공 핸들링 기술 및 훌륭한 팀워크가 그들을 돋보이게 했고 이것으로 팀이 승리를 거머쥘 것이라는 사실은 누가 봐도 명백했습니다.",sports
글로벌 러닝 투어의 후속 주자인 고 런닝 투어는 4대륙의 관광 업체 수십 곳과 네트워크를 형성합니다.,travel
"그날 밤 그의 두 번째 골은 시즌의 시즌의 60번째였으며, 1995-1996년 시즌에 야르오미르 야그르와 마리오 르뮤 이후 처음으로 60번 이상 득점을 한 선수가 되었다.",sports
그의 발언에도 불구하고 그는 런던에서 열리는 2012 올림픽에 영국 선수들을 지원할 것이라고 말했다.,sports
포뮬러 1 선수권 대회에서 일곱 번 우승한 뒤 2006년에 은퇴한 슈마허가 부상한 펠리페 마사를 대신할 예정입니다.,sports
미국 체조 대표팀과 USOC는 같은 목표를 가지고 있습니다. 선수들이 안전하고 긍정적이며 격려 받는 환경에서 꿈을 좇을 수 있도록 체조 등의 스포츠를 가능한 한 안전하게 만드는 것입니다.,sports
골프와 럭비는 모두 올림픽 게임에 복귀하기로 예정되어 있습니다.,sports
스키 코스를 비슷한 하이킹 코스라고 생각해 보세요.,sports
장애인 올림픽 대회는 2021년 8월 24일부터 9월 5일까지 개최될 예정입니다. 일부 행사는 일본 전역의 여러 지역에서 열립니다.,sports
경기가 끝난 후 클레이의 왕은 “가장 중요한 종목의 마지막 라운드에 복귀한 것만으로도 기쁘다. 이번 대회에서 우승하려고 왔다.”고 말했다.,sports
쉬운 하이킹 코스로 낮에 하이킹을 할 때는 준비물이 많이 필요하지 않고 보통 체격의 사람이라면 하이킹을 마음껏 즐길 수 있습니다.,travel
미국 체조단은 래리 나사르의 피해자들이 그동안 용기 있게 밝혀왔던 사실들이 어떻게 오랫동안 밝혀지지 않았으며 다시는 이런 일이 없도록 필요하고 적절한 조치를 취하기 위한 독립적인 조사를 지지한다.,crime
"이 팀과 함께하는 동안, 468번의 출전에서 403개의 골을 득점했습니다.",sports
물론 2분 안쪽의 기록을 보유한 일류 반 마일 경기 선수는 반드시 상당한 속도를 소유해야 하고 모든 고난을 이겨내고 지구력을 키워야 합니다.,sports
그 이후 그 브라질인은 모든 클럽 대회인 53경기에 출전해서 24골을 기록했다.,sports
그 후 마로치도르는 예선 결승전에서 카불투어를 상대로 승리를 거머쥐었다.,sports
"미국 체조 협회는 미국 올림픽 위원회의 서한을 지지하며, 미국의 전 운동선수가 안전한 환경을 가질 수 있도록 돕는 올림픽 관계자의 절대적 필요성을 인정합니다.",sports
"21세의 제수스는 작년인 2017년 1월, 알려진 바에 의하면 2700만 파운드의 이적료로 브라질 클럽 파우메이라스에서 맨체스터 시티에 합류했다.",sports
"어제 슈퍼-G에서 여자 스탠딩 클래스에서 9등을 한 Anna Jochemsen의 네덜란드와, 같은 이벤트에서 10등을 한 Katja Saarinen의 핀란드를 포함합니다.",sports
Atlanta Thrashers를 상대로 5-3으로 이긴 Washington의 경기에서 그는 골 2개와 어시스트 2개를 기록했습니다.,sports
이 스포츠는 주로 한 선수가 다른 선수와 대결하는 결투 형식으로 진행됩니다.,sports
"하지만, 주장이 위킷(wicket)을 잃은 후 인도는 이닝을 끝내기 위해 7개의 위킷을 잃으며 36득점을 했을 뿐이다.",sports
저희는 탈퇴가 아닌 조직 내에서 의미있는 변화를 추구함으로써 선수와 구단과 그리고 스포츠에 더 나은 결과를 가져올 수 있다는 USOC의 주장에 동의합니다.,sports
"스프링복스의 경우, 다섯 경기 연패를 기록했다.",sports
마사(Massa)는 적어도 2009년 시즌의 남은 기간 동안 출전하지 않을 예정이다.,sports
"이 경주 이후, 케제로브스키는 2,250점을 보유한 채 드라이버스 챔피언십의 선두 자리를 지키고 있다.",sports
NPWS와 '오스트레일리아 스포츠 슈터 협회'의 파트너쉽으로 '스포츠 슈터 협회'의 사냥 프로그램에 따라 자격을 갖춘 자원봉사자를 모집했다.,sports
"환불 규정은 상이하지만, 3월 말 현재 코로나 바이러스로 인한 환불 규정은 대부분 2020년 7월 올림픽 기간까지 연장되어 있지 않다.",disasters
그날 밤 오베치킨의 첫 어시스트는 신인 니클라스 백스트롬의 경기 결승골로 이어졌습니다.,sports
리드 씨는 뉴질랜드의 A1GP 차량인 블랙 뷰티를 시속 160km 이상으로 일곱 번이나 다리 위를 질주했습니다.,sports
"호주의 미첼 골리는 남자 스탠딩 슈퍼-G에서 11위를 차지했습니다. 체코 출신의 경쟁자, 올드리치 젤리넥은 남자 좌식 슈퍼-G에서 16위로 경기를 마쳤습니다.",sports
그는 최근 브리즈번 오픈(Brisbane Open) 경기에서 라오니치(Raonic)에게 패했다.,sports
수요일 미국 농구 협회(NBA)는 COVID-19에 대한 우려 때문에 전문 농구 시즌을 중단하였습니다.,sports
크로아티아 수도 자그레브에서 태어난 보벡은 파르티잔 베오그라드에서 활약하면서 명성을 얻었습니다.,sports
"그녀의 첫 번째 경기는 활강 경기였는데, 1회전에서 결승선을 통과하지 못했습니다. 116명의 선수 중 36명이 그 경기에서 같은 결과를 얻었습니다.",sports
오늘의 선수는 워싱턴 캐피털즈의 알렉스 오베츠킨입니다.,sports
남아프리카 공화국은 남아프리카 루스텐버그 로열 바포켕 경기장에서 열린 럭비 유니언 트라이 네이션 경기에서 올블랙스(뉴질랜드)를 상대로 승리했습니다.,sports
"이탈리아 축구 대표팀은 독일 축구 대표팀과 함께 세계적으로 성공을 거둔 팀 서열 2위이며, 2006년에는 FIFA 월드컵에서 우승을 거두었다.",sports
"여성 좌석에 앉은 4명의 스키 선수들은 결승선까지 도달하지 못했고, 대회전 경기의 전체 스키 선수 117명 중 45명이 레이스에서 탈락했습니다.",sports
운동 선수들은 제품이 실제로 혜택을 제공하지 않아도 해당 제품을 선호한다고 느낄 수 있습니다.,sports
겨울철 일부 크로스컨트리 경주는 상체를 단련시키는 체육관 운동과 병행하면 달리기 시즌을 위한 최고의 준비 운동입니다.,sports
그것은 2주 전 이미 트로피를 거머쥔 '올 블랙스'의 결승전이었다.,sports
가장 적은 타수 혹은 골프 클럽의 스윙을 통해 코스를 완주하는 선수가 승리한다.,sports
1964년에 하계 올림픽을 유치했던 동경은 아시아에서 하계 올림픽을 두 번 치른 유일한 도시가 될 것입니다.,sports
"계류 타기는 수영, 등반, 점핑의 요소들로 구성되어 있지만 암벽 등반, 스쿠버 다이빙, 산악 스키와 비교해서 상대적으로 트레이닝이나 시작을 위해 몸을 만드는 과정이 거의 필요하지 않습니다.",sports
"스키로 하는 백패킹: 이 활동은 또한 백컨트리 스키, 스키 투어, 또는 스키 하이킹이라고도 불립니다.",sports
"최종 점수는 21 대 20으로 1점 차 승부였으며, 올블랙스(All Blacks)의 15연승으로 끝났다.",sports
"그녀의 또 다른 경주인 자이언트 슬라럼에선 합계 4분 41초 30으로 10위에 그쳤는데, 이것은 1위 마무리 주자인 오스트리아의 클라우디아 로에쉬보다 2분 11초 60 느리고 9위 헝가리의 귄기이 다니엘보다 1분 9초 2 느렸습니다.",sports
"1995년, 그는 파르티잔 역사상 최고의 선수로 뽑혔습니다.",sports
베이징은 개막식과 폐막식 및 실내 얼음 행사를 개최할 예정입니다.,sports
"달리는 거리를 사백 미터에서 팔백 미터로 바꾸니, 속도의 중요성은 약해지고 지구력이 절대적으로 필요하게 됩니다.",sports
머레이는 두 남자가 세트에서 각각 서브를 넣은 후 첫 세트를 동점골로 내줬습니다.,sports
스포츠로서의 활강 스키는 적어도 17세기로 거슬러 올라가며 1861년에 최초의 레크리에이션 스키 클럽이 호주의 노르웨이인들에 의해 설립되었습니다.,sports
"중국 베이징 시는 2022년 동계 올림픽을 개최할 예정으로, 하계 올림픽과 동계 올림픽을 모두 개최한 첫 도시가 됩니다.",sports
토너먼트의 톱시드 국인 남아프리카 공화국은 제5시드국 잠비아를 26 대 00으로 편하게 이기고 순조로운 출발을 알렸다.,sports
"""2004년 올림픽 은메달리스트인 아미르 칸은 이렇게 말했다, """"심사숙고해서 여성들은 싸워서는 안된다고 생각합니다. 그냥 제 의견입니다.""""""",sports
스키와 스노보드를 포함하는 활강 스노 스포츠는 스키나 스노보드를 발에 부착한 채 눈 덮인 지형을 미끄러져 내려가는 것이 관련된 인기 있는 스포츠입니다.,sports
다른 스키 경기는 베이징에서 220km(140마일) 떨어진 장자커우의 타이지청 스키장에서 열립니다.,sports
당일 하이킹은 1마일 미만의 거리부터 하루 안에 끝낼 수 있는 보다 긴 거리까지의 하이킹입니다.,travel
올림픽 금메달리스트는 100m 와 200m 자유형에 나가고 코먼웰스 게임의 릴레이에 출전하기로 되었지만 병세로 인한 체력 저하가 의심되었습니다.,sports
전 올림픽 챔피언이자 세계 챔피언인 Saito는 사망 당시 전 일본 유도 연맹 교육 위원회의 위원장이었다.,sports
"국제 올림 픽위원회 (IOC)는 오늘 베를린에서 개최된 이사회에서 그 종목들을 포함하기로 의결했습니다. 럭비, 특히 럭비 유니온과 골프가 올림픽 참가종목으로 고려된 5개의 다른 스포츠 중에서 채택되었습니다.",sports
그 해의 가장 규모가 큰 토너먼트 경기는 12월에 라스 카니타스의 폴로 경기장에서 열립니다.,sports
바르셀로나로 이적한 후 비달은 클럽을 위해 49경기를 뛰었습니다.,sports
건강한 열량 균형을 유지하고 효율적인 수분 공급 습관을 따르고 보충제의 다양한 측면을 이해한다면 선수는 실력 향상과 더불어 경기에 대한 즐거움도 더 누릴 수 있다.,health
"3위의 햄린은 20점 뒤졌지만, 보이어보다 5점 앞서 있습니다. 칸과 트렉스 주니어는 각각 2,220점과 2,207점으로 5위와 6위를 달리고 있습니다.",sports
나달과 이 캐나다 선수와의 정면 대결 기록은 7 대 2입니다.,sports
Jarque는 이날 오전 이탈리아 쿠르치아노에서 프리시즌 훈련 연습을 하고 있었습니다. 그는 일요일에 있는 볼로니아와의 경기를 앞두고 팀 호텔에 머물고 있었습니다.,sports
대중교통 부족에 대한 우려로 경기를 응원객 없이 비공개로 치를 가능성이 높아졌다.,sports
"""타미 드리머는 """"루나는 1대 Queen of Extreme이었습니다. 나의 첫 매니저이기도 했고요. 루나는 2개의 달이 뜬 밤에 세상을 떠났습니다. 마치 그녀처럼 아주 특별하게요. 강한 여성이었어요.""""라고 말했다.""",entertainment
폴란드 남자 시각 장애인 스키 선수 마키 크레젤(Maciej Krezel)과 가이드 안나 오가진스카(Anna Ogarzynska)가 슈퍼대회전(Super G)에서 13위로 경기를 마쳤다. 한국의 박종석은 남자 좌식스키 슈퍼대회전(Super G)에서 24위를 차지했다.,sports
"토너먼트 경기 소식과 폴로 경기의 티켓 구매처를 알아보시려면, Asociacion Argentina de Polo를 확인해주세요.",sports
"경기는 좋은 날씨 가운데 10시에 시작해, 아침나절에 내리다 금방 그친 약간의 보슬비를 제외하곤 7개국 럭비 대회를 위해선 완벽한 날이었다.",sports
멕시코 선수 알리 벨라스케스는 남자 슈퍼대회전 좌식에서 15위로 끝마쳤습니다. 뉴질랜드 선수 아담 홀은 남자 슈퍼대회전 입식에서 9위로 끝마쳤습니다.,sports
시리즈의 마지막 경기는 스프링박스가 호주와 경기하는 다음 주에 요하네스버그의 엘리스 파크에서 개최됩니다.,sports
좋은 조건에서는 걷는 것보다 약간 더 먼 거리를 갈 수 있습니다. 그러나 잘 정비된 트랙과 무거운 배낭 없이는 크로스컨트리 스키에 해당하는 속도가 나지 않을 것입니다.,sports
"존슨은 7점 낮은 2,243점으로 2위를 달성했다.",sports
협곡 타기(또는 캐니어닝)은 마르거나 물이 흐르는 협곡 바닥을 따라 탐험하는 것입니다.,sports
로빈 우타파(Robin Uthappa)가 이닝 최고점을 기록했다. 4점 11개와 6점 2개로 41 투구만에 70 런을 쳐 이닝 최고점을 기록했다.,sports
"겨울 스포츠는 북쪽 지역에서 가장 인기 있으며, 가끔 이탈리아 선수들이 국제 경기나 올림픽에 참여하기도 한다.",sports
마루치도어는 누사보다 6점 앞서나가며 우승을 차지했다.,sports
미하엘 슈마허는 근소한 차이로 알론소에게 뒤져 결승선에 들어오게 되었다. 그 이유는 경주 중 수많은 충돌로 인한 현수 손상(suspension damage) 때문이다.,sports
적절한 영양 관리법만으로는 엘리트 성적을 낼 수 없지만 어린 선수들의 전반적인 건강 상태에는 상당한 영향을 미칠 수 있습니다.,health
고통을 극복하는 데 필요한 약들이 경기에서는 금지된 약물이기에 복용을 할 수 없었다.,sports
금은 온갖 종류의 모양으로 가공할 수 있다. 아주 작은 모양으로도 압연이 가능하다.,science
인간은 수천 년 동안 확대용 렌즈를 만들고 사용해 왔습니다.,science
"약간 헷갈리는 부분이지만, 35mm 포맷은 사실 너비 36mm에 높이 24mm입니다.",technology
"GPS에 쓰이는 새 맵을 구입하거나, 분리형 GPS 장치를 구입 또는 렌탈 업체에서 빌리는 것보다 돈을 절약할 수 있다.",technology
"사람들은 뭔가 새로운 것이 생긴다면, 키보드가 어떻게 될 것인지 궁금해하고 있을 뿐이다.",technology
인터넷은 집단적인 커뮤니케이션과 사람과 사람 간의 커뮤니케이션 요소를 모두 갖추고 있다.,technology
"잠수함은 세계 1차 대전과 2차 대전 때 사용되었습니다. 당시에는 잠수함이 매우 느렸으며, 발사 범위도 아주 제한적이었습니다.",technology
음악은 종종 사운드를 처리하고 함께 믹스하기 위해 정교한 컴퓨터를 사용하여 녹음합니다.,technology
앞서 비용 절감과 기능성 요인을 위해 전 세계적으로 출시된 ASUS Eee PC는 2007년 타이베이 IT Month에서 화제가 되었다.,technology
"위성 전화는 실외에서 위성과 송수신선이 직결된 곳에서 전화를 사용해야 하기 때문에, 보통 휴대폰을 대체할 수 없다.",technology
"AI 시스템은 여러 가정용 컴퓨터 및 비디오 게임 소프트웨어에서 보이는 것처럼 현재 경제, 의료, 공학 및 군사 분야에서 자주 사용되고 있습니다.",technology
오버스캔은 영화를 DVD 형태로 전환하려 할 때 가장 흔하게 발생하는 문제 중 하나입니다.,technology
"""미디어 기업은 이를 """"복제를 방지하기 위함""""이라 주장하며 이에 대한 실제 목적을 속인다. """,technology
"예를 들어 필기, 음성, 얼굴 인식은 물론 제어, 계획, 일정 관리 및 고객 진단과 질문에 답변하는 기능이 포함됩니다.",technology
그것은 기차와 자동차 및 여러 교통수단을 가져다주었습니다.,travel
"쌍방향 디자인에서는 미디어 제작에 대한 가정을 재평가해야 하며, 연속적이지 않은 방식으로 생각하는 법을 배워야 합니다.",technology
"정교한 애니메이션은 컴퓨터로 제작될 수 있으며, 이러한 종류의 애니메이션은 텔레비젼과 영화에서 점점 더 많이 사용되고 있다.",technology
신기술의 등장으로 이전에 볼 수 없었던 뇌의 구조와 과정을 관찰하고 조사할 수 있게 되었다.,science
수백 시간 동안 전구를 사용한 후에는 결국 필라멘트가 타버려 전구가 더 이상 켜지지 않는다.,science
인터넷과 월드와이드웹의 사용은 학습자가 언제든지 정보에 접근할 수 있게 해줍니다.,technology
웹에서 포맷하고 편집하는 데 익숙해진 후 나중에 자신만의 웹사이트를 만들 수도 있다.,technology
"기지국에 이중 라디오가 있다면 이것이 802.11a, 802.11b와 802.11g가 이전 기종이라도 호환할 수 있게 해준다.",technology
이 망원경은 멀리 있는 물체를 더 가깝게도 나타내고 더 크게도 나타내기 위하여 렌즈 2개를 조합하여 사용했습니다.,science
이것은 http뿐만 아니라 모든 인터넷 트래픽을 재 경로 변경 할 수 있다는 이유에서 웹 프록시보다 뛰어나다.,technology
그 난파선은 해저 지도에 이어 ROV를 이용해 발견되었다.,disasters
모든 길목 상점에는 혼란을 야기하는 선불 전화 카드가 가득하고 이 카드는 공중전화나 일반 전화에서 사용할 수 있습니다.,technology
802.11n 표준은 2.4GHz와 5.0GHz 주파수 모두에서 작동합니다.,technology
야생동물 촬영은 보통 긴 망원렌즈가 필요하지만 새떼나 작은 생물 같은 것을 촬영할 때는 다른 렌즈가 필요합니다.,nature
호텔 또는 집주인(게스트하우스나 개인 집에 묵는 경우)은 대부분 와이파이나 인터넷이 연결된 PC를 가지고 있으며 모든 거주지에는 인터넷 카페나 공용 와이파이가 있는 장소가 근처에 있다.,travel
"대화식 디자인은 프로젝트의 구성 요소가 서로 연결되어야 하지만, 별도의 개체로도 말이 되어야 합니다.",technology
"이진수는 두 개의 값(즉, 0 또는 1) 중 하나만 가질 수 있으며, 이러한 숫자를 컴퓨터 전문용어로 이진수 또는 비트(bits)라고 한다.",technology
유럽 및 광대역 위성으로 연결되는 해저 광케이블망 덕분에 그린란드는 인구의 93%가 인터넷에 아무 문제 없이 접속할 수 있다.,technology
"대부분의 카드는 어디든지 전화할 수 있지만, 일부는 특정 국가에 더 싼 전화 요금을 제공하기도 합니다.",technology
러시아의 지상 통제가 제트기를 활성화시켰고 기지는 정상 태세를 회복했습니다.,politics
일반적으로 더 높은 인터넷 접속 속도과 나은 품질의 서비스를 제공한다. 또한 암호화되어 감시하기 어렵게 만든다.,technology
텔레비전 리모컨과 유사하게 생긴 컨트롤러는 사용자 텔레비전 근처에 위치한 센서 2개를 사용하여 3차원 공간에서 그 위치를 삼각 측정합니다.,technology
이 법칙은 주요 피사체를 위치시키기에 가장 효과적인 위치는 이미지를 수직과 수평으로 삼등분한 선들이 교차하는 점(예시 참조)이라고 명시한다.,science
그러나 최초의 진정한 망원경은 16세기 후반 유럽에서 만들어졌다.,science
이를 통해 줌 렌즈는 초점 길이가 고정된 렌즈에 의해 달성된 품질과 비슷한 품질의 사진을 제작할 수 있게 되었습니다.,technology
"비계는 가상과 현실 둘 다 될 수 있으며, 이걸 다른 말로 하면, 선생은 비계의 한 형태이지만 마이크로소프트 오피스의 작은 종이 집게 인간일 수도 있다는 것입니다.",technology
"특히, 미세한 표정을 정확하게 해석해서 사람이 거짓말을 하고 있는지 여부를 검출할 수 있다고 주장합니다.",technology
"이러한 웹사이트에는 블로그, 동영상, 사진 및 기타 기능을 포함하는 수업 페이지를 쉽게 설정할 수 있다는 긍정적인 측면이 있다.",education
"그 사건은 버지니아에서 기소됐는데 왜냐면 굴지의 인터넷 접속 서비스 기업 AOL의 고향이며, 그곳에서 기소를 시작했기 때문이다.",crime
많이 남용되고 종종 조롱받는 삼등분의 법칙은 이미지의 질서를 유지하면서 역동성을 만드는 간단한 지침입니다.,entertainment
"이 분야의 애플리케이션 중 일부는 이용자가 스마트폰을 대상을 향하게 하면, 표지판 등에 적힌 외국어 텍스트를 번역하기도 한다.",technology
"초기 전쟁에서는 대개 바다 위를 항해했지만, 레이더가 개발되고 보다 정확해지면서 잠수함은 눈에 보이지 않도록 바닷속으로 들어가야만 했습니다.",science
"예를 들어, 세계에서 가장 일반적인 정지 화상 사진 포맷은 35 mm인데, 이는 아날로그 필름 시대 끝 무렵에 주로 쓰인 필름 사이즈였습니다.",technology
"아쉽게도 DVD를 만들면 테두리까지 잘려서, 화면 아래에 가까이 붙어 있는 자막은 아마 잘려서 나올 것입니다.",technology
Stardust는 1969년 5월에 Apollo X 사령선이 복귀하는 동안 작성된 이전 기록을 깨고 지구상으로 돌아온 가장 빠른 우주선이 될 수 있는 새로운 사상 최고 기록을 세울 것입니다.,science
줌렌즈의 단점은 다양한 초점거리를 맞추는데 필요한 초점 복잡성과 렌즈 요소의 수가 단렌즈보다 훨씬 크다는 것이다.,technology
이는 35mm 네거티브 필름의 거의 4배의 해상도를 내게 된다(3136 mm2 대 864).,technology
"""예를 들어, """"학습""""과 """"사회화""""가 인터넷 사용에 대한 중요한 동기로 제시되었습니다(제임스 외, 1995년)""",education
우주 정거장은 미션 초반에 자이로스코프를 잃어버렸음에도 우주 유영이 끝날 때까지 비행 자세를 유지했습니다.,science
수천 km(마일) 떨어진 사람과 통화한다면 인공위성을 쓰고 있는 겁니다.,technology
선로를 고정하기 위해서 침목은 상당히 일찍 도입되었습니다. 그러나 점차 철로가 철제 침목 위에 있으면 더 효율적이란 것이 드러났습니다.,technology
생계형 농업 농업은 수확량을 극대화하기 위해 작물의 회전이나 다른 비교적 간단한 기술을 통해 생태 지역 고유의 종자를 사용하는 단순하면서도 유기적인 시스템이다.,nature
"당신의 폰에 데이터 연결이 되지 않거나 통화권 밖에 있는 경우에는, 성능이 제한적이거나 사용이 불가능할 수 있다.",technology
"번역 엔진은 극적으로 향상되었고, 이제는 다소 정확한 번역(그리고 횡설수설하는 일은 거의 없다)을 하기도 하지만, 아직까진 문장 전체를 오변역 할 수도 있기 때문에, 어느 정도 주의를 기울여야 한다.",technology
우주에 인공위성이나 망원경을 설치하려면 100피트가 넘는 초대형 로켓이 필요하다.,science
전화는 인터넷으로 전송되기 때문에 굳이 당신이 거주하거나 여행하는 지역에 위치한 통신 업체를 이용하지 않아도 된다.,technology
바퀴는 세상을 놀라울 정도로 바꿔놓았다. 가장 큰 변화는 우리에게 더 편리하고 빠른 운송수단을 제공한 것이다.,technology
"드론을 공항 근처나 군중들 위로 띄우는 것은, 비록 자신이 있는 지역에서는 불법이 아닐 수 있더라도, 거의 늘 좋지 않은 생각입니다",technology
휴대 전화의 전파 범위를 벗어난 외딴 지역이면 위성 전화가 유일한 대안일 수 있다.,technology
"예를 들어, 누군가는 자동차가 반드시 도로의 발전을 이끈다고 주장할 수도 있습니다.",technology
개인 VPN(가상 사설망) 공급자는 정치적 검열과 상업적 IP-지역 제한을 모두 우회할 수 있는 훌륭한 방법이다.,technology
"일반 사진 촬영에 관한 규칙은 비디오 녹화에도 적용되며, 아마도 더욱 그러할 것입니다.",technology
실시간 텍스트 번역기 앱 – 한 언어에서 다른 언어로 텍스트 전체를 자동으로 번역할 수 있는 애플리케이션.,technology
"마차도로는 단지 평행한 나무 판자로 만들어졌었지만, 그럼에도 불구하고 당시의 조금 더 거칠었던 도로 보다는 말이 더 빠른 속도를 내고 더 많은 짐을 끌 수 있 수 있게 했습니다.",technology
이러한 서비스 접근은 대부분의 전화기에서 무료로 걸 수 있는 무료전화 번호를 통해 이루어지는 경우가 많습니다.,technology
인공위성은 로켓으로 우주에 발사되었습니다. 과학자들은 지구의 대기가 우리의 빛과 시야를 왜곡시키기 때문에 우주에서 망원경을 사용합니다.,science
"""1977년, 다마디안 박사는 스스로 """"불굴""""이라 명명한 최초의 """"전신"""" MRI 스캐너를 완공했습니다.""",science
"기술은 가상 현장학습에 도움을 줍니다. 학생들은 교실에 앉은 상태로 박물관 전시품들을 볼 수 있고, 수족관을 구경할 수 있으며, 아름다운 예술 작품을 감상할 수 있습니다.",technology
"만일 사진 촬영이 허가가 되지 않았다면, 동영상으로 찍는 것도 고려되어선 안됩니다.",technology
그는 무선 도어벨(Wi-Fi doorbell)을 만들었다고 말했다.,technology
"비디오 녹화를 사용함으로써 단 몇 밀리초 동안만 지속되는 미세한 표정, 얼굴 움직임의 해석에 중요한 발견을 하게 되었다.",science
"중간급 필름 카메라 일부는 6cmX6cm 규격, 더 정확히 말하자면 56mmX56mm 규격의 음화 필름을 사용한다.",technology
오늘날 컴퓨터는 사진과 비디오를 조작하는 데 사용됩니다.,technology
오늘날 사용되는 대부분의 컴퓨터는 정보를 이진법의 코딩을 통해 조작하는 방법을 사용한다.,technology
"""2시간 동안 이어진 발표에서 그는 """"오늘 애플은 전화를 재발명할 것입니다. 오늘 우리는 역사를 만들 것입니다""""라고 말했습니다.""",technology
스마트폰에서 GPS 네비게이션 앱을 사용하는 것은 해외에서 가장 쉽고 편리하게 길을 찾을 수 있는 방법이 될 것이다.,technology
이것은 저렴한 줌 렌즈를 플래시가 없이 조도가 낮은 조건에서 사용하기 어렵게 만든다.,technology
캡슐은 1초에 12.8km(8 miles)를 이동하게 될 것이다. 이는 샌프란시스코에서 로스앤젤레스까지 1분이면 갈 수 있을 정도의 빠르기이다.,technology
이것은 영상이 화면 전체를 채우게 하기 위해 만들어졌다. 그것은 오버스캔이라고 불린다.,technology
시간이 흘러 나무 바퀴는 철 바퀴로 대체되었다. 그리고 1767년에 드디어 철로만 만든 철도가 소개되었다.,technology
"""기술 결정론에 대한 대부분의 해석은 두 가지 개념을 갖습니다. 기술 개발 자체가 문화나 정치 이상의 영향력을 보인다는 것과 기술은 사회적으로 통제되는 것이 아니라 오히려 사회에 본질적인 """"영향""""을 미칩니다.""",technology
"AI는 공상 과학을 강력히 떠올리게 하지만, 컴퓨터의 행동, 학습 및 지능적 적응을 다루는 컴퓨터 과학에서 매우 중요한 분야를 이루고 있습니다.",technology
우주에 있는 위성은 신호를 받고 나서 거의 즉각적으로 반사해 내려보낸다.,science
기술 결정론은 기술 지향 또는 기술적 의무부터 인간의 운명이 과학 법칙 및 기술에서의 표명과 관련된 근본적인 논리에 의해 움직인다는 정확한 의미에 이르기까지 광범위한 실질적인 사상을 포괄하는 용어입니다.,technology
따라서 이 형식의 종횡비(가장 간단한 정수 비율을 얻기 위해 12로 나눔)는 3:2라고 합니다.,technology
이 서비스 접속에 대해서는 지역 통신서비스 업체로부터 더 많은 정보를 받을 수 있을 것입니다.,technology
줌렌즈의 다른 단점은 렌즈의 조리개(속도) 최댓값이 대체로 더 낮다는 것이다.,technology
드론을 사용할 경우 촬영할 수 있는 사항과 허가 또는 추가 라이센스가 필요한 사항에 대해 미리 확인해야 합니다.,technology
"이것은 종전에 지상 레이더 기반 기술을 사용했던 것과 달리 위성 기반 기술을 이용하여 항공관제사들이 매우 높은 정확도로 항공기를 특정할 수 있게 하며, 조종사들에게 더 정확한 정보를 제공한다.",technology
AI 연구는 기계가 지능적 행동을 요구하는 작업을 자동화하는 연구를 포함합니다.,technology
독일 잠수함은 유보트(U-Boat)라고 불렸다. 독일군은 잠수함을 항해하고 운용하는데 아주 능했다.,invalid
인터넷의 뚜렷한 특성은 사용 및 만족도 접근 방식의 측면에서 추가적인 차원으로 이어진다.,technology
"이 카테고리에서 가장 눈에 띄는 앱 중 하나는 구글 번역(Google Translate)으로, 원하는 언어 데이터를 다운로드 한 후 오프라인 상태에서 번역을 구현할 수 있습니다.",technology
이제 사람들은 컴퓨터 화면에 메시지를 쓰고 연필깎기를 가까이할 필요가 전혀 없습니다.,technology
"PALM 실험에서 ZMapp은 대조군의 역할을 했습니다. 즉, 과학자들은 ZMapp을 기준치로 사용했고 다른 세 가지 치료법을 이와 비교했습니다.",health
"의료 자선 단체인 Mangola, 국경 없는 의사회, 세계보건기구(WHO)는 이 발병이 이 나라에서 기록된 최악의 발병이라고 입을 모읍니다.",health
"다양한 유형의 뇌 손상, 트라우마, 병변, 종양이 행동에 영향을 미치고, 몇몇 정신적 기능에 변화를 유발시킨다는건 이미 오래전부터 알려져 있었다.",health
"델리 벨리, 파라오의 저주, 몬테주마의 복수를 비롯하여 많은 골칫거리들이 있습니다.",health
그는 즉시 현장에 있던 의료진들의 치료를 받고 지역 병원으로 이송되어 그곳에서 후에 사망했다.,health
"과도한 음주로 인한 장기적 건강 이상은 간 손상, 심하면 실명부터 사망에 이를 수 있다. 불법적으로 제조된 알코올을 섭취하면 잠재적 위험도가 증가한다.",health
정부에서 수백만 개의 뇌염 백신의 전달하기로도 약속한 만큼 내년 보건 기관들의 준비에 큰 도움이 될 것이다.,health
그 효과는 뇌가 밤마다 얼마나 자주 자각몽을 꾸는가에 달려 있습니다.,science
"ADD는 다른 또래와의 관계에 영향을 미치는데, 이는 다른 아이들은 ADD 증상이 있는 아이들이 왜 그렇게 행동하는지, 왜 그렇게 말하는지, 또는 성숙도가 왜 차이가 나는지 이해할 수 없기 때문입니다.",health
"시력, 혹은 볼 수 있는 능력은 시각계의 감각 기관 즉, 눈에 달려 있습니다.",health
많은 국가는 입국하는 방문자들이나 출국하는 주민들에게 다양한 질병에 대해 예방 접종을 받도록 요구합니다.,health
"프랑스는 오스트리아, 독일, 슬로베니아, 불가리아, 그리스, 이탈리아에 이어 유럽에서는 7번째로 이 바이러스로 고생한 국가입니다.",health
"외과의들은 양귀비 씨에서 추출한 모르핀, 사리풀 씨에서 추출한 스코폴라민 등 다양한 진정제에 대한 지식을 지니고 있었습니다.",health
의료 전문 용어에 익숙하지 않은 사람들에게 감염성과 전염성이라는 단어는 다른 의미를 갖습니다.,health
"에드가 베길라(Edgar Veguilla)는 팔과 턱에 상처를 입었고, 크리스토퍼 슈나이더(Kristoffer Schneider)는 얼굴에 재건수술이 필요할 만큼의 부상을 입었다.",health
Uka의 무기가 다섯 번째 남자의 머리를 겨냥하는데 실패했습니다. 슈나이더는 지속적인 통증에 시달리고 한쪽 눈을 실명하였으며 일부 두개골이 소실되었고 얼굴을 티타늄으로 재건하였습니다.,crime
독감 증상이 경미할 경우 환자들이 아무렇지 않게 일상생활을 하면서 더 많은 사람을 계속 감염시킬 수 있다는 우려가 있다.,health
"여름의 긴 낮 시간은 수면 부족과 함께, 관련 건강 문제를 일으킬 수 있습니다.",health
"항체 칵테일 지맵(ZMapp)은 초기에는 그 분야에서 가능성을 보였지만, 공식적인 연구들에 의하면 죽음을 방지하는 효과가 기대보다 작다고 합니다.",health
플루크(Fluke)는 여성들이 여성의 건강에 대해 소리를 높이는 것을 그저 흘려보내려는 일부의 노력이 수포로 돌아갔다고 작성했다.,health
"이 연구에서는 하부 요통 환자들에서 우울증, 공포, 파국화가 통증과 장애 간의 상관관계에 영향을 준다는 것을 밝혔습니다.",health
하지만 우리에게 생소한 박테리아군이 존재하는 전 세계 다른 지역에서는 문제가 생길 가능성이 훨씬 더 높다.,science
"열과 목의 통증을 빼면, 저는 컨디션은 괜찮고 재택 근무로 제 일을 할 수 있을 정도로 건강합니다.",health
"다른 전문가들과 마찬가지로, 그는 당뇨병의 치료 여부에 회의적이며, 이러한 결과는 제1형 당뇨병 환자에게는 관련이 없음을 지적합니다.",health
이번 시즌의 첫 발병 사례는 7월 말에 보고되었습니다.,health
집에서는 특정한 장소에 있는 세균에 지속적으로 노출되기 때문에 이미 그 세균에 대한 면역력이 있을 가능성이 매우 높다.,health
알코올음료는 적당히 마시기 바랍니다. 알코올이 미치는 영향은 사람마다 다르므로 자신의 주량을 잘 아는 것이 매우 중요합니다.,health
그들은 혈류를 차단하기 위한 압박대와 동맥 죔쇠뿐만 아니라 괴사로부터 환자를 구하는 절단 수술에도 능숙해졌습니다.,health
특정한 독에 대한 구체적인 응급처치 지침을 위한 표를 확인하세요.,health
여름에는 북유럽 모기를 조심하세요. 모기가 질병을 전염시키지는 않지만 염증을 일으킬 수 있습니다.,health
"사건 발생 이후, 깁슨(Gibson)은 병원으로 이송되었으나 얼마 후 숨을 거뒀다.",crime
이종욱 박사는 터키에서 아동들이 별다른 아픈 증상이 없음에도 조류인플루엔자(H5N1) 양성 판정을 받기 시작하였다는 보고에 우려를 표시하였습니다.,health
"추운 기후에서의 호흡기 문제와 같이, 뜨거운 기후에서의 내장 질환은 상당히 흔하며, 대부분의 경우 매우 짜증나기는 하지만 정말 위험하지는 않습니다.",health
올해 역사상 가장 타격이 심한 지역에 백신을 전달하기 위한 계획이 자금 부족과 다른 질병에 비해 낮은 우선순위로 인해 연기되었습니다.,health
"""국경 없는 의사회 리차드 비어만(Richard Veerman) 대변인은 """"앙골라는 최악의 사태로 치닫고 있으며 앙골라의 상황은 여전히 매우 나쁩니다""""라고 말했습니다.""",disasters
희생자를 확인할 때 당신의 안전을 위해 먼저 현장을 반드시 점검해야 한다.,disasters
"""이것은 학습 장애가 아니고, 학습 이상입니다. 이는 """"전체 아동의 3~5%에 영향을 미치며, 아마도 2백만 명의 미국 아동이 영향을 받았을 것입니다"""".""",education
이러한 결정의 구성은 적외선 분광법(FTIR)과 비교했을 때 영향을 받은 애완동물의 소변에서 발견되는 결정과 일치합니다.,science
처음에 그는 그레이트 야머스(Great Yarmouth)에 있는 제임스 페이젯 병원(James Paget)에 입원했습니다.,health
마치 20 - 30분 마다 일어나서 TV를 보는 것과 같이 지치는 일이다.,entertainment
그는 일부 연구에 따르면 이 질병이 세계적인 전염병을 일으키기 전에 덜 치명적이 되어야 한다고 지적했습니다.,health
다른 생체리듬 기반 옵션엔 취침 전 많은 양의 수분(특히 물 또는 이뇨제로 잘 알려진 차)을 섭취하고 소변을 보도록 강제하는 것이 포함된다.,health
"조류 독감, 보다 공식적인 이름인 조류 인플루엔자는, 조류와 포유류를 모두 감염시킬 수 있습니다.",health
자얏은 사고에서 부상을 입지 않았습니다.,disasters
크로아티아와 덴마크에서 H5N1으로 의심되는 케이스들은 미확인으로 남아있습니다.,health
하룻밤에 렘수면이 더 적으면 실제 수면을 경험하고 몸이 회복되는 이런 상태가 아주 드물어져서 문제가 될 수 있습니다.,health
로드리고 아드리아스 비서실장은 아리아스 대통령이 바이러스에 대해 양성 반응을 보였으며 가벼운 증상을 보이고 있다고 전했다.,health
"여러 세기에 걸쳐 로마 제국은 의학 분야에서 큰 성과를 이루었으며, 오늘날 우리가 알고 있는 지식의 많은 부분을 형성했다.",health
특히 보험이 보장된다면 집에서 시력 검사를 실시하고 처방전을 가져와 다른 곳에 등록하는 것을 고려해보세요.,health
그 환자는 에볼라 바이러스 감염이 발생한 나이지리아에 방문한 적이 있었다.,health
심각한 부상자는 보고되지 않았지만 적어도 5명이 폭발 현장에서 충격으로 인한 증상을 치료받고 있습니다.,disasters
젊은층과 중년층 성인들의 가장 흔한 신경학적 질병임인 다발성 경화증(MS)은 미국 전역에 약 40만 건의 사례가 보고된다.,health
병원에서 일하는 동한 리긴스는 여가 시간에 조기 진통에 관해 조사하기 시작했다.,health
"차가 집에 충돌했을 때 세 명이 안에 있었지만, 그들 중 한 명도 다치지 않았다.",crime
"한 실험용 백신이 에볼라 사망률을 줄일 수 있을 것처럼 보이지만, 지금까지 어떤 약도 기존의 감염을 치료하는데 적합하다고 명확하게 입증되지 않았습니다.",health
"지금까지 인간에게서 보고된 사례는 천 건이 안 되지만, 그중 일부는 치명적이었다.",health
올리버 색스는 그가 집필한 '대통령의 연설'에서 뇌 손상으로 인해 연설을 알아듣지 못함에도 불구하고 사람들이 그에 담긴 성실성을 정확하게 받아들였음에 대하여 나타냈습니다.,health
전염병이란 감염된 사람의 근처에 있으면 쉽게 옮는 질병입니다.,health
유엔 질병 전문가인 다니엘 란타뉴는 이러한 급격한 증가는 평화 유지군에 의해 발생했을 것이라고 말했습니다.,health
"그러나 전체 결핵 환자 중 XDR-TB가 있는 비율은 그리 높지 않은 듯합니다. 어느 특정 순간에 남아프리카에서 결핵에 걸린 환자가 330,000명이라고 할 때, 6,000명 정도가 XDR-TB가 있는 수준입니다.",health
"다발성 경화증(MS)는 뇌, 척수, 시신경을 구성하는 중추 신경계에 영향을 미치는 질병입니다.",health
수면 방해는 정상적인 수면 기간 동안 의도적으로 잠을 깨운 다음 짧은 시간(10–60분)이 지난 후에 잠드는 과정입니다.,health
"또한, 따뜻한 기후에서 세균은 더 빨리 자라고 몸 밖에서 오래 생존합니다.",health
그는 인터뷰에서 새로운 변종이 '치명률이 무척 높아 아주 대처하기 어려우며 두렵다고 언급했다.,health
열대 우림을 따라 하이킹하려는 경우 특히 여름철에는 모기를 주의해야 합니다.,nature
그는 이어서 케임브리지의 애든브룩스 병원(Addenbrooke's Hospital )에 재배치되었다.,health
토니 몰 박사는 남아공 지역인 콰줄루나탈에서 XDR-TB(약물 내성 결핵)를 발견했습니다.,health
"사람에게 치명적인 조류 독감의 변종인 H5N1가 월요일, 프랑스 동부 리옹 근처의 습지대에서 발견된 죽은 야생 오리에게 감염된 것으로 확인됐습니다.",health
유기체의 요구 사항에 따라 복잡성의 정도가 매우 다양한 눈의 구조가 있습니다.,science
내독의 가장 확실한 징후는 의약품 또는 독성이 있는 가정용 화학 물질이 담긴 용기를 열어둔 상태로 보관한 게 보이는 경우일 수 있습니다.,health
"Moll 박사는 일부 환자가 병원에서 질병에 감염되었을 수 있다고 생각하며, 그중 적어도 2명은 건강한 병원 근로자였을 것으로 생각했습니다.",health
"이 병은 돼지에 의해 옮겨진 다음, 모기를 통해 인간에게 옮겨집니다.",health
남성에 비해 여성이 다발성 경화증에 걸릴 위험이 2배나 더 높다는 연구 결과가 나왔습니다.,health
"불법 증류주는 메탄올을 포함한 다양한 위험한 불순물을 함유할 수 있으며, 이는 소량으로도 실명이나 사망을 유발할 수 있습니다.",health
우울증과 공포가 아닌 대재앙의 영향만 매주 정기적으로 구조화된 PA 세션의 조건으로 했습니다.,health
또한 많은 사람들이 차량을 소유하게 되면 도로 사고 발생률이 높아지고 이는 더불어 의료서비스 분야에서 손상된 신체를 복구하는 새로운 기술 발전으로 이어진다.,technology
"수석 연구진들은 이것이 선진국 대비 절반의 생존율을 보이는 저소득 국가들의 환자들에게 암, 결핵, HIV 그리고 말라리아의 조기 발견을 가져올 수 있다고 설명합니다.",health
노바스코샤주 핼리팩스의 댈하우지대학교 의과 교수이자 캐나다 당뇨 협회 임상과학부 의장인 Ehud Ur 박사는 이 연구가 아직 초기 단계라고 경고했습니다.,health
"""이 아이들은 많은 곤경에 처하는 경향이 있습니다. 왜냐하면 아이들은 기존의 자극들로는 부족하여 더더욱 자극적인 걸 원하여서 """"위험한 행동을 하고, 싸우며, 권위에 도전""""하기 대문입니다. """,education
사람은 바람과 파도로 인해 공기에 스며든 수증기의 영향을 받은 호흡의 영향을 받을 수 있다.,nature
"어떤 이들은 인위적으로 유도된 자각몽을 많이, 자주 꾸는 것이 아주 피곤할 수 있다고 생각한다.",health
포트로는 현시점 어깨 치료를 받았으나 간신히 경기로 복귀할 수 있었다.,sports
"게다가 이것의 실패는 성장 기능 저하, 영양실조, 결국 죽음에 이르는 심각한 결과를 초래합니다.",health
"암스테르담시와 안네 프랑크 박물관 관계자들은 이 나무가 곰팡이에 감염되어 있으며, 나무가 곧 넘어질 위험이 있다고 주장하면서 공중 보건 위험을 야기하고 있다고 말합니다.",nature
병원은 다른 사람들의 감염 가능성을 막기 위해 환자를 다른 사람들로부터 분리시키는 것을 포함하여 감염 통제 규직을 준수했다.,health
아이티 정의와 민주주의 연구소는 네팔의 UN 평화 유지 부대가 의도치 않게 아이티에 질병을 전파시켰다는 독립적인 연구를 언급했다.,disasters
"전염병 자체, 또는 힘으로 사람을 다치게 하거나 죽일 수 있는 위험한 동물은 보통 해충으로 간주되지 않는다.",science
"ADD를 가진 아이들은 학교 과제와 같은 일에 전념하는 데는 어려움을 겪지만, 게임을 하거나 좋아하는 만화를 보거나 구두점 없이 문장을 쓰는 것 같이 즐거워하는 일을 할 때는 집중할 수 있습니다.",health
"1년이라는 시간 동안, 감염자 1명이 밀접 접촉자 10명에서 15명을 감염시킬 가능성이 있습니다.",health
"부상자들이 병원으로 이송되고 싸움이 중단되자, 약 40명의 수감자들은 교도소 마당에서 버티며 각자 유치장으로 돌아가길 거부했습니다.",crime
의사 채용은 아우구스투스 황제가 시작했으며 전투의 여파로 발생하는 수요에 대비하기 위해 최초의 로마 의무 부대를 구성하기까지 했습니다.,health
"그러나, 운전자는 머리에 심각한 부상을 입었습니다.",health
"""그는 """"현재 4개월 된 당뇨병에서 치료된 생쥐가 있다""""고 덧붙였다.""",health
체내 중독은 증상이 즉시 나타나지 않을 수 있다. 구토와 같은 증상은 너무 일반적이어서 즉시 진단을 받을 수 없다.,health
포유류는 대륙으로부터의 먼 거리로 인해 갈라파고스의 일차 방목 동물인 거대 거북이처럼 여행할 수 없었습니다.,nature
"""모든 상황을 고려해 보면 우리 조상이 오늘날 사바나의 침팬지가 하는 것과 같은 방식으로 """"단백질 문제""""를 해결했다고 해도 그리 놀랄 일은 아닙니다.""",science
남아프리카 공화국의 특정 공원 또는 남아프리카 공화국 국립공원 전체에 입장할 수 있는 와일드 카드를 구매하는 것이 이득일 수 있습니다.,travel
이 용어는 옛날부터 알고 있었던 사람에 기생하는 데 아주 적합한 곤충인 빈대에서 유래되었습니다.,science
"""""""이들은 주변 지표면보다 낮에는 더 시원하고 밤에는 더 따듯합니다.""",nature
"다른 영장류와는 달리, 인류의 조상은 더 이상 손을 사용하여 보행하거나 무게를 지탱하거나 나무를 타지 않습니다.",science
얼음굴의 벽과 지붕이 붕괴될 수 있으며 균열이 닫힐 수 있습니다.,nature
생리와 행동에서 관찰되는 리듬의 다수는 생체 시계를 통한 생산성 및 내인성 주기의 존재에 결정적으로 의존합니다.,science
"반면에, 물의 양이 너무 많아서 실제 보이는 폭포의 크기는 - 엄청난 수량으로 인해 - 가려진다!",nature
동물은 지구 전역에 서식하고 있습니다. 동물들은 땅을 파고 바다에서 수영하고 하늘을 날아다닙니다.,nature
"(엘크로도 알려진) 무스는 선천적으로 공격적이지 않지만, 위협을 감지하면 자신을 방어할 것입니다.",nature
염소 사육은 대략 일만 년 전에 이란의 자그로스산맥에서 시작한 것으로 보입니다.,nature
이안류(rip currents)는 해변에서 종종 암초나 이와 비슷한 것들에 부딪혀 부서지는 파도로부터 되돌아오는 해류이다.,nature
2백만에서 3백만 년 전의 손뼈 화석은 운동에서 조작으로 손의 전문화 과정이 옮겨간 점을 보여줍니다.,science
"오실롯은 밤눈이 밝아서 어둠 속에서도 잘 볼 수 있고, 매우 조심스럽게 움직일 수 있습니다. 오실롯은 주변 환경에 녹아든 상태에서 먹이를 덮치는 방식으로 먹이를 사냥합니다.",nature
상자 해파리는 1770년 10월부터 4월까지 해변과 강어귀 근처에서 발생한다. 이 시기에는 가끔 밖에서 발견되기도 한다.,nature
타마키 드라이브 해변은 미션 베이와 오클랜드 중심부의 세인트 헬리어스의 교외에 있는 웨이트마타 항구에 있습니다.,geography
이 식물은 작은 야자나무 같으며 날카롭고 뾰족한 잎이 왕관 모양으로 펼쳐져 있습니다.,nature
"문제는 눈이 질척거리기 때문에, 눈이 내리도록 촉발하는 것이 필요하고 내리는 눈은 나머지에게 기폭하는 이벤트가 될 수 있습니다.",nature
"박테리아, 곰팡이, 식물 및 동물을 포함한 대부분의 살아있는 유기개체에 대해 단순히 외부 주기 신호에 대한 반응이 아닌 주기 리듬이 기록되어 있다.",science
또한 그 지역은 아주 다양한 종류의 동물과 새들의 서식지이다.,nature
"야생 동물 사진은 종종 별것 아닌 것처럼 여겨지지만, 다른 사진처럼 백문이 불여일견이란 말이 딱입니다.",nature
"그 결과로, 물고기 두 종은 멸종되었고, 험프백 첩을 포함한 다른 두 종은 멸종 위기에 처하였다.",nature
물고기는 대부분 물속의 농축된 독성 때문에 죽습니다.,nature
"가장 쉽게 접근할 수 있는 식물성 자원은 잎이나 콩과 식물의 단백질이지만, 이들은 조리를 하지 않으면 우리와 같은 영장류가 소화하기 어렵습니다.",science
몬테비데오는 아열대 지방입니다. 여름에는 보통 온도가 30°C 이상이죠.,geography
이 퇴적물은 야생 동물 서식지로 사용되는 샌드바와 해변을 생성하는데 필수적이어습니다.,nature
사막의 한더위도 밤에는 몹시 매서운 추위로 변할 수 있다. 따뜻한 옷 없이 저체온증은 실질적인 위험이다.,nature
군대개미 군락도 각기 다른 시기에 행진하고 개미집을 만든다.,nature
"몬테비데오는 적도의 남쪽에 위치하기 때문에 북반구가 겨울일 때 그곳은 여름이고, 반대의 경우도 마찬가지입니다.",geography
"간혹 눈사태가 일어나게 하는 요인에는 해가 눈을 따뜻하게 데우거나, 눈이 더 많이 내린다거나 하는 기존 요인과, 간혹 일어나는 기타 자연적 요인, 그리고 종종 사람에 의한 요인이 있습니다.",disasters
구름이 나타난 것으로 보아 실제 분화가 발생했는지 여부에 대한 혼란을 야기할 가능성이 제시되었습니다.,disasters
"호랑이는 다재다능한 운동선수와 같아서 (잘하진 않지만) 높은 곳을 오르고, 수영하고, 먼 거리를 도약할 수 있으며, 힘이 센 인간의 5배로 당길 수 있다.",nature
벌레라는 용어는 곤충학자들이 이러한 종류의 곤충을 격식을 갖추어 부르는 말이다.,nature
"갈라파고스에 사람이 도착한 이후, 염소, 말, 소, 쥐, 고양이 및 개를 포함한 많은 포유류가 섬으로 건너왔습니다.",nature
"야생생물은 사진가에게 무척 어려운 주제로 꼽힌다. 운도 좋아야 하고, 참을성과 경험, 좋은 장비를 다 갖춰야 하기 때문이다.",nature
이러한 유목 광란 또는 행진은 각각 거의 17일 동안 지속됩니다.,nature
"북부 지역 또는 센티넬 산맥에는 남극 대륙에서 가장 높은 산인 빈슨 산괴(Vinson Massif)가 있는데, 빈슨 산 높이는 4,892m입니다.",geography
"바다 악어는 바다에서 살지 않으며, 록햄프턴 북쪽 강어귀에 주로 서식한다.",nature
"우기(11월부터 3월까지)에는 수량이 증가하며, 폭포가 더 극적으로 변합니다.",geography
하지만 여전히 새에는 공룡처럼 보이게 하는 것들이 많습니다.,nature
"이 동물은 물에 들어오는 모든 것 역시 공격했으며, 티라노사우르스처럼 거대한 공룡도 당해내지 못할 정도였습니다.",nature
"침팬지의 손, 발은 너클 보행으로 무게를 버텨내기 위한 손의 용도를 반영하며 그 크기와 길이가 유사하다.",nature
추운 날씨가 아마도 추위를 대비하지 않은 사람들이 직면하게 될 유일한 진짜 위험일 것이다.,nature
"피트맨에 따르면, 총빙의 양과 두께가 지난 15년 동안 바다표범들에게 최악의 상황이었다고 한다.",nature
"이주 단계에서, 군대 개미는 밤에 행진을 하고 낮 동안에는 멈추어서 야영을 합니다.",nature
다른 주제로는 세계에 남아 있는 숲을 구하고 개발도상국들이 오염이 덜한 방법으로 성장할 수 있도록 돕는 기술을 공유하는 것이 발리 아젠다에 포함됩니다.,nature
2010년 대서양 허리케인 철의 네 번째로 명명된 열대 폭풍인 다니엘(Danielle)은 동대서양에서 형성됐다.,disasters
"""""""우기"""", """"건기""""가 특별히 따로 존재하지 않는다. 강수량은 연중 거의 동일한 수준이다.""",geography
오늘 이른 아침부터 풍속 83km/h의 바람이 불고 있었으며 점차 약해질 것으로 예상하였습니다.,disasters
생체 시계는 외부에서 오는 신호가 없는 경우에도 자체적으로 계속 돌아가는 사이클을 지속할 수 있는 자가 유지 발진기입니다.,science
코차모 밸리(Cochamó Valley) - 남아메리카의 요세미티 계곡으로 알려진 칠레 최고의 등반지이며 큰 화강암 벽과 바위산이 다양하게 존재합니다.,geography
"공원 당국에 따르면 곰과 늑대로부터 최소 100야드/미터, 기타 모든 야생 동물로부터 최소 25야드/미터를 떨어져 있어야 합니다.",nature
"이와는 대조적으로, 개미와 흰개미, 달걀과 같은 동물 식품은 쉽게 소화될 뿐만 아니라, 필수 아미노산을 담은 고품질의 단백질을 제공합니다.",science
"예를 들어, 그들은 옥수수, 토마토, 감자, 코코아를 먹지 못했으며, 고대 로마인 누구도 칠면조를 맛보지 못했다.",nature
곤충은 공중에서 날 수 있었던 첫 번째 동물입니다. 곤충의 비행 능력은 더 쉽게 적을 피하고 더 효율적으로 음식과 짝을 찾는 데 도움을 주었습니다.,science
"결국, 수천 년 혹은 심지어 수백만 년 후에는, 두 집단은 같은 종이라고 불릴 수 없을 정도로 다르게 보일 것이다.",science
대부분의 곤충들은 날개를 몸 뒤로 접을 수 있다는 이점을 지니고 있습니다.,nature
많은 사람이 새가 깃털이 있고 날 수 있기 때문에 새를 공룡으로 생각하지 않는다.,science
"""식물은 자연환경에서 가장 좋아 보이므로 """"딱 하나""""의 표본은 괜찮겠지 라는 유혹은 버려야 한다.""",nature
"공원의 많은 동물이 인간을 보는데 익숙하기는 하지만, 야생동물에게는 야생성이 남아있으며 먹이를 주거나 방해해서는 안 됩니다.",nature
적외선 사진은 밤과 낮의 온도 변화를 통해 동굴일 가능성이 높다는 것을 보여준다.,science
"가축 염소들은 일반적으로 언덕이나 방목 장소에 무리 지어 있는데, 흔히 목동이라고 더 잘 알려져있는, 어린이나 청소년이 대부분인 염소 지기들의 보살핌을 받는다. 이러한 목축 방법은 오늘날에도 여전히 사용되고 있다.",nature
모사사우루스는 그 시대의 최상위 포식자였으므로 다른 모사사우루스 외에는 두려울 것이 아무것도 없었습니다.,nature
"처음 섬에 온 모든 동물들은 수영하거나, 날거나 혹은 물에 뜬 상태로 섬에 도착했습니다.",nature
"고대 문명과 부족들은 우유, 털, 고기와 가죽을 손쉽게 이용하기 위해 그것들을 지키기 시작했다.",nature
오늘날 날개를 접을 수 없는 곤충은 잠자리와 파리밖에 없습니다.,nature
"말코손바닥사슴이 위험할 수도 있다고 생각하지 않는 경우, 너무 가까이 접근하여 스스로를 위험에 빠뜨릴 수도 있습니다.",nature
"다양한 범위의 미기후, 각기 다른 토양과 다양한 높이의 고도로 인해 넓은 범위의 다양한 식물 군이 존재합니다.",nature
"사헬란트로푸스가 7백만 년 전초에 이족 보행을 했을지도 모르지만, 이족 보행의 특징이 잘 나타난 사례는 420만 년에서 390만 년 전에 나타난 오스트랄로피테쿠스의 화석에서 잘 나타난다.",science
"그들은 발에 비늘과 발톱이 있고, 알을 낳으며, 티라노사우루스처럼 뒷다리 2개로 서서 걷습니다.",science
상어는 정말 존재하긴 하지만 사람을 공격하는 일은 아주 드뭅니다. 대부분의 상어는 사람을 두려워해서 헤엄쳐 달아납니다.,nature
"빙하의 가장자리에서 거대한 덩어리들이 분리되고, 아래로 떨어지며, 어쩌면 가장자리에서 멀리 이동하거나 구를지도 모릅니다.",nature
"많은 이국적인 동물을 찾기가 어렵고, 상업적 목적으로 사진을 찍는 것에 대한 공원 규칙이 있을 때도 있습니다.",nature
"강풍, 우박, 이상 강수, 산불은 뇌우, 토네이도, 용오름, 사이클론처럼 악천후의 형태이자 영향이다.",disasters
이 깃털이 달린 온혈의 맹금류는 벨로시랩터처럼 발톱이 달린 두 다리로 직립 보행을 한 것으로 알려졌습니다,science
사바나에서는 인간과 유사한 소화기관을 가진 영장류가 가용한 식물 자원에서 아미노초산 필요분을 채우기가 쉽지 않습니다.,science
오직 동물만이 뇌가 있다(비록 모든 동물이 그런 것은 아니다. 예를 들면 해파리는 뇌가 없다).,science
"""두 번째 발톱은 더 커서 """"서부의 발톱""""을 의미하는 Hesperonychus라는 이름을 붙였습니다.""",science
현재까지는 인간은 타인의 마음을 읽는데 가장 뛰어난 재능을 가진 종입니다.,science
"그곳은 안전한 수영이 가능한 거의 모든 모래 해변이며, 대부분의 해변은 푸후투카와 나무(pohutukawa trees)가 만드는 그늘진 장소들이 많다.",travel
여기 반도의 산은 고원으로 이어진 다음 다시 드러나며 미네소타 빙하에 이등분된 엘즈워스 산맥의 360km 띠를 형성합니다.,geography
이는 그들이 포식자로부터 숨을 수 있는 더 넓은 범위의 소규모 장소들을 제공합니다.,nature
"얼마나 다루기 쉽게 생겼는지에 상관없이, 들소, 엘크, 무스, 곰과 거의 모든 대형동물들은 공격할 수 있다.",nature
"겨울은 믿을 수 없을 만큼 쌀쌀해지기도 한다. 영하 이하로 내려가는 날은 드물지만, 바람과 습도가 합쳐져서 실제 온도보다 더 춥게 느껴진다.",nature
"이러한 괴물 같은 태풍의 풍속은 최대 480km/h (133m/s, 300mph)입니다.",disasters
오늘날 많은 고생물학자는 공룡의 한 무리가 살아남아 오늘날까지 생존하고 있다고 믿는다. 우리는 그들을 새라고 부른다.,science
"생식 계열 세포의 돌연변이만이 자녀에게 유전될 수 있고, 다른 곳에서의 돌연변이는 세포 사망 또는 암을 유발할 수 있습니다.",science
인간의 손은 지골을 포함해서도 발보다 짧다.,science
"사자, 치타, 표범은 때때로 부끄러움을 타기 때문에 쌍안경을 이용하면 더 잘 관찰할 수 있습니다.",nature
가나안에는 큰 숲이 없었기 때문에 나무가 무척 비쌌다.,geography
"그곳에서는 유럽 갈색 곰이나 늑대, 독수리, 올빼미, 스라소니, 들고양이, 큰 들꿩과 같은 희귀한 동물상들과 많은 더 흔한 종류의 동물들이 함께 발견됩니다.",nature
이 예술 행사도 부쿠레슈티 시청의 캠페인의 일환이다. 부쿠레슈티시는 루마니아의 수도를 창의적이고 화려한 도시로 탈바꿈하기 위한 노력으로 이 캠페인을 주최했다.,entertainment
"밴드는 마우이 전쟁 기념 스타디움(Maui's War Memorial Stadium)에 9천 명이 참석할 예정이었던 쇼를 취소했으며, 팬분들에게 죄송하다는 말을 전했다.",entertainment
터키의 디바인 Sezen Aksu는 이탈리아 테너 Alessandro Safina와 그리스 가수 Haris Alexiou와 함께 공연했다.,entertainment
이베이나 크레이그리스트 같은 경매 웹사이트를 통해 온라인으로 판매되는 많은 입장권은 며칠 동안 이용하는 자유이용권(park-hopper ticket)입니다.,business
라이언 고슬링과 엠마 스톤은 각각 남우주연상과 여우주연상 후보에 올랐습니다.,entertainment
"리드 보컬 스티븐 타일러가 8월 5일 공연 중 무대에서 추락해 부상을 입은 후, 투어 공연을 취소했습니다.",entertainment
"그 부부는 1년 전 텍사스에서 결혼을 하고 친척, 친구들과 축하하기 위해 버팔로로 왔다.",travel
"그러고, 라카 싱은 바잔들을 노래하는 데 앞장섰다.",entertainment
"몇몇 축제들에서 음악 축제에 참석하는 많은 사람들이 그 자리에서 야영하기로 결정하고, 대부분의 참석자는 야영을 반드시 경험해봐야 하는 일이라 생각한다.",travel
"정원을 둘러싸고 여러 식당이 있고, 오후와 저녁에는 중앙에 있는 정자에서 무료 음악회가 열리는 경우가 많다.",travel
대부분의 사찰 페스티벌은 사찰의 기념일 혹은 주관하는 신의 탄신일이나 사찰과 관련이 있는 다른 주요 이벤트의 일환으로 경축하게 된다.,religion
많은 작가들이 존 스튜어트와 스티븐 콜베어의 뉴스 패러디 쇼에 계속해서 상당한 영향력을 행사했습니다.,entertainment
전국의 유명한 가수들이 종교적 찬가인 바쟌을 스리 샤얌(Shri Shyam)의 발 앞에 바쳤습니다.,religion
라카 싱은 또한 차판 보그 바잔도 선보였다. 가수 라주 칸델왈이 라카 싱과 함께 불렀다.,entertainment
이 호텔들은 부유한 사람과 당시의 유명인들이 머무는 곳이었고 종종 훌륭한 식사와 야간의 유흥이 제공되었습니다.,travel
"프랑스 와인 중 마셔봐야 할 와인은 많지만, 뉴질랜드와 호주산 와인도 쉽게 물 건너 온답니다.",travel
데일리 쇼와 콜버트 리포트보다 훨씬 전에 헥과 존슨은 1988년 UW에서 학생이던 시절에 출판이 뉴스와 뉴스 리포팅의 패러디가 하는 것을 꿈꿨다.,entertainment
목요일에 열린 도쿄 게임쇼의 기조 발표에서 닌텐도의 이와타 사토루 사장은 자사의 새 닌텐도 레볼루션 게임기의 컨트롤러 디자인을 공개했다.,technology
그 브랜드의 매니지먼트 회사인 HK 매니지먼트 주식회사는 9월 20일 취소 건에 대해 처음 이유를 내놓지 않으나 다음 날 물류적인 이유를 핑계로 댔다.,business
호주에서 구할 수 있는 대부분의 부메랑들은 사실 되돌아오지 않는다. 입문자는 바람이 부는 곳에서 날리지 않는 것이 좋다.,travel
"2017년 말, 시미노프는 쇼핑 텔레비젼 채널인 QVC에 출연했다.",entertainment
이 기념행사는 세계적으로 유명한 그룹인 태양의 서커스(Cirque du Soleil)의 특별 쇼로 시작되었다.,entertainment
"다양한 음주 문화가 있는 도시에 살고 있다면, 자주 가지 않은 근처 바나 주점에 가보세요.",travel
케랄라 주의 사원 축제는 무척 볼만 합니다. 화려하게 치장한 코끼리 행렬과 사원 연주단 등 여러 볼거리가 있죠.,travel
이 게임은 미국과 이라크 사이에 발발했던 2차 팔루자 전투에 대한 것입니다.,entertainment
"비록 중앙 무대에서 연주하는 곡은 끝날 수 있지만, 축제 곳곳에서는 밤늦게까지 음악을 연주할 수도 있다는 것을 잊지 마세요.",entertainment
"샌프란시스코는 또한 한국, 태국, 인도, 일본 등 다른 아시아 요리를 하기에 가장 좋은 곳 중 하나이다.",travel
"""마지막으로 터키의 댄스 그룹 파이어 오브 아나톨리아(Fire of Anatolia)가 """"트로이(Troy)""""를 공연했다. """,entertainment
"주요 지역 맥주는 '넘버원(Number One)'으로, 복합적인 풍미는 아니지만 기분 좋은 상큼한 맥주입니다. 또 다른 지역 맥주로는 '만타(Manta)'가 있습니다.",travel
"우리 중 많은 이가 결코 참여하지도, 해당 지식을 적용하지도 않을 과정 또는 경험을 알려주는 텔레비전 프로그램을 시청합니다.",entertainment
"그의 1,000번째 도장은 2000년에 다비드 클뢰커 에렌슈트랄의 장대한 작품인 '스웨덴 역대 왕의 위업'을 새긴 것이다. 그리고 이는 기네스 세계 기록에 등재되어 있다.",entertainment
전 세계에서 가장 큰 공공 예술 행사인 카우퍼레이드(CowParade)를 유럽 남동부 지역 최초로 이 도시에서 올해 6월에서 8월 사이에 주최하게 될 것이다.,entertainment
이때가 사람들이 평소 생활에서 떠나 매우 다른 휴식을 취하고 즐겁게 지낼 장소로 가는 때이다.,travel
"""WNED 버팔로(리딩 레인보우의 채널사)의 존 그랜트는 """"리딩 레인보우는 아이들에게 왜 책을 읽어야 하는지 가르쳤고,... 책을 좋아하도록 가르쳤고 - [쇼는] 아이들이 책을 읽도록 격려했다""""라고 전했다.""",education
"이스탄불 국립 교향악단, 터키 군악대, 가수 Fatih Erkoç과 Müslüm Gürses의 공연이 뒤를 이었다.",entertainment
"푸에블로인들이 얼마나 멀리 떨어져 있는지를 볼 때, 앨버커키나 산타 페로 여행하지 않고는 밤 문화를 찾아볼 수는 없을 것이다.",travel
"ACMA는 그 영상이 인터넷에서 방송되었지만, 그 매체가 빅브라더의 웹사이트에 저장되어 있지 않아서 빅브라더는 온라인 검열법을 위반하지 않았다.",politics
"만약 내셔널 트레저라는 영화를 봤다면, 아마 독립선언서의 뒷면에 보물지도가 쓰여졌다고 생각할지도 모른다.",entertainment
이 게임의 출판사인 코나미는 오늘 한 일본의 신문을 통해 팔루자에서의 6일(Six Days in Fallujah)를 출시하지 않겠다고 발표하였습니다.,entertainment
"비록 해안 군도와 큰 호수들은 어떤 요트에도 적합할 만큼 충분히 크긴 하지만, 조금 작은 보트나 심지어 카약을 타는 것도 색다른 경험이 된다.",travel
"국제 원예 박람회는 꽃과 관련된 전시품, 식물원 및 식물과 관련된 모든 것을 선보이는 특별한 행사입니다.",nature
장면들이 피라미드들 위에 비쳤고 다른 피라미드들에는 불이 밝혀졌다.,geography
초기에 해당 프로는 토크 라디오에 중점을 둔 사이트이자 장기 인터넷 라디오 사이트인 TogiNet Radio에서 단독으로 진행되었습니다.,entertainment
하나미(Hanami)로 알려진 벚꽃 구경 행사는 8세기 이후부터 일본 문화의 일부였다.,travel
"비록 윈프리가 작별 인사에서 눈물지었지만, 팬들에게 반드시 다시 돌아오겠다고 약속했다.",entertainment
"아침에는 리치한 커피로, 밤에는 편안한 카모마일 차로 집안을 가득 채워보세요.",nature
"다른 부문으로는 최우수 작품상, 감독상, 촬영상, 의상 디자인, 영화 편집상, 작곡상, 제작상, 사운드 편집상, 사운드 믹싱, 오리지널 각본상에 후보로 올라있다.",entertainment
"이들 해변은 대개 혼잡하지 않은 가족 해변으로, 해안가에는 다양한 상점이 늘어서 있습니다. 수영해도 안전한 곳입니다.",travel
그러나 겨울에는 눈이 수북히 쌓여 스키나 스노보드 같은 겨울 액티비티도 즐길 수 있기 때문에 다양한 아름다움과 매력을 느낄 수 있습니다.,travel
이 록 밴드는 9월 16일까지 미국과 캐나다를 순회할 예정이었다.,entertainment
"1980년대에 그는 택시, 치어스, 더 트레이시 울먼 쇼와 같은 프로그램에서 일했습니다.",entertainment
이 흥미로운 마을을 산책하는데 30분을 투자할만합니다.,travel
피라미드 사운드와 광선 쇼는 이 지역에서 어린이들의 흥미를 가장 많이 끌어들이는 것들 중 하나입니다.,entertainment
"손으로 다시 돌아오는 부메랑 던지는 법을 배우고 싶으면, 반드시 돌아오기에 적합한 부메랑을 준비해야 한다.",sports
"""카미유 생상(Camille Saint-Saens)이 프랑스 오페라에서 발표한 이야기는 """"마약과 일본에 대한 사랑이 지배한 삶을 산"""" 한 예술가의 이야기입니다.""",entertainment
라이언 고슬링과 엠마 스톤이 출연한 이 영화는 모든 주요 부문에서 후보에 올랐다.,entertainment
"카지노는 일반적으로 손님들이 소비하는 시간과 돈을 최대화하기 위해 많은 노력을 합니다. 보통 창문과 시계가 없고, 출구를 찾기 어려울 수 있습니다.",business
그 쇼에는 원래 텍사스 동부 현지인인 아마추어 성우들이 출연했었다.,entertainment
"대부분의 사원에서는 11월 말부터 5월 중순까지 연례 행사를 진행하며, 각 사원의 연간 일정에 따라 차이가 있습니다.",religion
군도와 호수에서는 꼭 요트가 필요한 것은 아닙니다.,travel
결과적으로 무대에서 공연자들이 마리화나 담배를 피우고 극장 자체에서 관객들에게 참여하도록 독려하고 있다.,entertainment
에어로스미스는 투어 콘서트의 남아있는 공연들을 취소했다.,entertainment
즐거움과 활기를 가까이하려면 일찍 들어가야 음악과 가까운 곳에 캠핑장을 구할 수 있다.,travel
지난 수 년에 걸쳐 사용된 필름 포맷이 있다. 35mm 표준 필름(36mm*24mm 네거티브)이 가장 일반적이다.,technology
"이는 매우 흔한 행위이긴 하지만, 디즈니는 이를 금지하고 있습니다. 즉, 사람들은 디즈니월드 입장권을 양도할 수 없습니다.",entertainment
"이 쇼의 각 에피소드는 특정 책의 주제에 초점을 맞춘 다음, 여러 이야기를 통해 그 주제를 탐구할 것이다.",entertainment
대형 텔레비전 스크린 여러 대가 로마 곳곳에 설치되어 사람들이 장례식을 관람할 수 있도록 했습니다.,entertainment
소포클레스(Sophocles)와 아리스토파네스(Aristophanes)는 여전히 유명한 극작가이며 이들의 희곡은 세계 문학의 가장 위대한 작품 중 하나로 여겨진다.,entertainment
각 쇼마다 어린이들이 도서관에 가서 꼭 읽어봐야 할 책을 권장해 주기도 한다.,education
아코디언에 볼륨을 더 주려면 풀무에 힘을 더 주거나 빠르게 풀무를 사용해야 합니다.,entertainment
어둠 속에서 피라미드를 볼 수 있고 쇼가 시작하기 전에 고요 속에서 피라미드를 볼 수 있습니다.,geography
"현장 활동의 예로는 사냥, 낚시, 사진, 조류 관찰 및 공원 및 생태계에 대한 연구가 있다.",nature
스핑크스는 배경이자 긴 이야기의 내레이터로 설정되어 있습니다.,entertainment
"그들은 방문객들이 계속 머물면서, 좋은 분위기를 이어갈 수 있도록 항상 특별한 음식, 음료, 오락거리를 구비하고 있다.",travel
"이미 텔레비전, 웹, 그리고 모바일 기기를 위한 언어 프로그램을 영어와 일본어 서비스로 제공하고 있는 이 국제 기업은 스페인어, 이탈리아어 그리고 한국어 서비스도 런칭할 예정입니다.",business
심슨 가족 이전에 사이먼은 몇몇 프로에서 다양한 직종으로 일한 적이 있습니다.,entertainment
이렇게 되면 플레이어들이 장치를 허공에서 움직여 동작과 움직임을 제어할 수 있게 된다.,technology
작년에 결혼식을 올린 한 부부의 1주년을 기념하기 위해 적어도 100명 이상의 사람들이 이 파티에 참석했다.,entertainment
그 영화에서 나오는 오디션(꿈꾸는 바보들)과 시티 오브 스타 두 곡이 베스트 주제곡 후보에 올랐습니다. 라이온스게이트 스튜디오는 다른 스튜디오보다 월등히 많은 26개의 후보 지명을 받았습니다.,entertainment
남극 대륙은 지구상에서 가장 추운 곳으로 남극을 둘러싸고 있습니다.,geography
순다르반은 해안에서 방글라데시와 인도 후미지까지 80 km (50 mi)에 이르는 세계에서 가장 큰 연안 맹그로브 벨트다.,geography
"무게가 1,000파운드를 초과하고 시속 약 17,500마일로 이동하던 이 두 위성이 지구 상공 491마일에서 충돌했습니다.",science
"노스 쇼어 비치(노스 하버 지구)는 태평양에 맞다아 있으며, 북쪽의 롱베이에서 남쪽의 데본포트까지 뻗어있습니다.",geography
"좀 더 작은 섬의 대부분은 독립 국가이거나 프랑스와 관련이 있고, 호화로운 비치 리조트로 알려져 있다.",geography
"아마존 강 주류는 그 길이가 6,387㎞(3,980마일)에 달한다. 이 유역은 수 천 개의 작은 강이 합류하여 빚어진다.",geography
"오네가 호수도 볼가와 연결되어 있기에, 카스프해에서 러시아를 통해 오는 것은 여전히 가능한 일입니다.",geography
"과학자들은 패인 비탈(lobate scarps)이라고 불리는 지형이 달의 표면 전체에 흩어져 있는 것을 발견했는데, 이 지형은 달이 매우 천천히 줄어들면서 생긴 것으로 보인다.",science
지각(crust)이 더 얇기 때문에 가까운 쪽에 마리아(maria)가 더 많을 수 있다. 용암이 수면 위로 솟아오르기가 더 쉬운 조건이다.,science
이 바위들 중 15개는 지난 7월 운석 소나기 때문이라고 한다.,science
"""미국 지질조사국(United States Geological Survey) 천문지질학 팀 및 아리조나주 플래그스태프의 노던 아리조나 대학 소속인글렌 쿠싱(Glen Cushing)은 “이러한 열적 거동은 일정한 온도를 유지하는 지구의 큰 동굴만큼 안정적이지는 않지만, 지표면의 깊은 구멍에 일치한다""""고 말했습니다.""",science
"쿡 아일랜드는 도시가 없지만 15개의 다양한 섬으로 구성되어 있다. 주요 섬으로는 라로통가(Rarotonga), 아이투타키(Aitutaki)가 있다.",geography
"북쪽의 넓은 지역은 인적이 드물며, 몇몇 지역은 거의 사람이 살지 않는 황무지다.",geography
"""이 고원들은 종종 광범위하게 펼쳐진 나무가 없는 공간, 끝없이 넓게 트인 장소를 뜻하는 """"비드""""라고 불리기도 합니다.""",geography
지구의 강에서 바다로 쏟아져 들어가는 물의 20%는 아마존에서 흘러나온다.,nature
위상 변화를 야기시키는 의미 있는 지진 활동은 3월 10일 화산의 칼데라 정상 북동쪽에서 일어났다.,disasters
"백해-발트해 운하는 오네가 호, 라도가 호, 상트페테르부르크처럼 대부분의 경우 강과 호수를 경유해 북극해와 발트해를 이어준다.",geography
"오타와는 이중언어가 사용되는 캐나다의 매력적인 수도이며, 오타와의 다양한 미술 갤러리와 박물관은 캐나다의 과거와 현재를 조명합니다.",geography
"순다르반(the Sundarbans)은 면적이 3,850 km²이고, 그중 약 3분의 1이 물과 늪지대 지역으로 덮여 있다.",geography
오하우에서 6.34인치를 기록한 강수량은 도움이 된다고 평가된다.,nature
한때 고대 도시였던 스미르나라는 이제는 현대적이고 발전된 번화한 상업 중심지로 거대한 만을 둘러싸고 산으로 둘러싸여 있다.,geography
"아마존은 또한 지구상에서 가장 넓은 강으로, 때때로 폭이 6마일이 되곤 한다.",geography
미국 국립 허리케인 센터 과학자들은 다니엘이 수요일까지 세력이 커져서 허리케인이 될 것이라고 예상했습니다.,disasters
"북쪽은 사헬, 남쪽과 서쪽은 대서양이 접해 있습니다.",geography
"터키는 서쪽으로는 에게해, 북쪽으로는 흑해, 남쪽은 지중해, 이렇게 3면이 바다로 둘러싸여 있습니다.",geography
"빙하는 불안정하지만 산 아래로 흐른다. 이때 경사면에 균열이나 틈이 생기는데, 이는 다리에 가려져 있을 수 있다.",nature
"달 탐사선은 세 개의 중요한 과학 장비만 실려 있는 게 아니라, 사방에 인도 국기의 이미지가 그려져 있었습니다.",science
"""달의 표면은 돌과 먼지로 이루어져 있는데, 달의 바깥층은 '크러스트(the crust)""""라고 불린다.""",science
화학적으로 인증된 화성 물질이 지구에 떨어지는 것을 사람이 직접 목격하는 것은 역사상 다섯 번째로 알려져 있다.,science
화산 활동과 관련이 없는 흑구름이 산기슭에서 목격되었다.,nature
이것들은 매우 민첩하지 않아서 고원에 도착하기까지 남극횡단 산지 주변에서 오랜 시간을 보내야 합니다.,nature
일부 강우는 천둥과 잦은 번개를 동반했다.,nature
동아프리카의 섬들은 아프리카 동부 연안을 따라 인도양에 자리 잡고 있다.,geography
한때 사피어 심프슨 허리케인 등급의 카테고리 4급 폭풍인 펠리시아는 화요일 소멸되기 전에 열대성 저기압으로 약화되었다.,disasters
남극 내륙은 2~3km의 얼음으로 뒤덮인 황량한 고원입니다.,geography
유럽에 비해 북미는 골동품이라고 정의 짓는 나이가 더 짧은 지리적 차이점을 보인다.,geography
마다가스카르는 야생 동물에 관해서는 현재 가장 크고 독보적인 대륙이다.,nature
"""일본이 가지고 있는 섬의 군집/군 때문에 지리적인 입장에서 일본을 종종 """"열도""""라고 부릅니다.""",geography
"""""""세븐 시스터즈""""라는 이름이 붙은 모든 동굴의 입구는 지름이 최소 100에서 250미터(328피트에서 820피트) 정도이다.""",geography
이즈미르는 터키에서 세 번째로 큰 도시로 약 3백 7십만 인구를 가지고 있으며 이스탄불 다음으로 큰 항구와 매우 훌륭한 교통 허브를 가지고 있습니다.,geography
아이슬란드 기상청도 지난 48시간 동안 헤클라 지역에서 지진 활동이 없었다고 보고했다.,disasters
"빅토리아 폴스는 리빙스턴, 잠비아와 보츠와나 근처의 국경 건너편의 짐바브웨 서쪽에 있는 작은 도시입니다.",geography
노르웨이의 대표하는 것은 가파른 피오르드 및 높거나 평평한 고원 지대로 급격하게 넘어가는 계곡입니다.,geography
"세렝게티 지역에는 세렝게티 국립 공원, 탄자니아의 응고롱고로 보호 구역 및 마스와 게임 보호 구역과 케냐의 마사이 마라 국립 보호 구역이 있습니다.",geography
"중동의 따뜻한 기후에서는, 집이 그다지 중요하지 않았습니다.",geography
터키는 면적이 세계에서 37번째로 큰 국가이며 프랑스 본토와 영국의 크기를 합친 것과 비슷합니다.,geography
"""로갈란주와 아그데르주에서는 흔히 헤더로 덮여 있는 나무가 없는 황무지를 의미하는 """"hei""""라고 불립니다.""",geography
다른 것은 리빙스턴 섬과 디셉션 섬이 포함되는데 이 섬은 여전히 활동 중인 화산이 형성하였고 물이 가득한 칼데라호가 장관을 이루는 자연항을 제공해 줍니다.,geography
오야폭(Oyapock River) 강의 다리는 사장교(cable-stayed bridge)이다. 이 다리는 오야폭 강과 브라질의 오이아포크(Oiapoque) 도시와 프랑스령 기아나의 세인트-조지스 드 르오야폭(Saint-Georges de l'Oyapock)을 연결해 준다.,geography
바티칸 시국의 인구는 약 800명입니다. 세계에서 가장 작은 독립 국가이자 인구가 가장 적은 나라입니다.,geography
이 이론은 달에는 지질학적 활동이 전혀 없다는 주장과 모순된다.,science
"쿡 제도는 남태평양 한가운데 폴리네시아에 위치하며, 뉴질랜드와 자유연합을 맺은 섬 국가입니다.",geography
"이 제도는 남극반도 북쪽으로 약 120km 떨어져 있으며, 가장 큰 곳은 빌라 라스 에스트렐라가 정착한 킹 조지 섬이다.",geography
"지각은 가까운 쪽이 약 70km, 먼 쪽이 약 100km 두께입니다.",science
최남부에는 나이아가라(Niagara) 폭포가 있고 북부에는 무스코카(Muskoka) 등 개척하지 않은 자연의 아름다움의 본고장이 펼쳐져 있다.,geography
엘즈워스랜드는 반도의 남쪽에 위치하며 벨링스하우젠 해와 맞닿아 있습니다.,geography
남극 횡단(또는 하이웨이)은 로쏘해의 맥멀도 역에서 남극까지 1600킬로미터에 달합니다.,geography
마추픽추의 북쪽 끝에 우뚝 솟은 이 가파른 산은 종종 많은 폐허 사진의 배경으로 등장합니다.,geography
"엔셀라두스는 태양계에서 가장 열을 많이 반사하는 물체로, 받는 햇빛의 90 퍼센트를 반사합니다.",science
"산을 둘러싸고 있는 맑고 아름다운 하늘밖에는 보이지 않는다. 이 동굴 안에서는 바깥세상이 보이지도, 들리지도 않는다.",nature
"이제 일본을 보자면, 일본은 영국과 같은 섬나라였다.",geography
몰디브 언어로 '야자 잎 한 봉지'라는 이름을 따온 열대 저기압 고누(Gonu)는 시속 240km(시속 149마일)의 최고 풍속을 유지했습니다.,disasters
"호수를 포함한 터키의 지역은 783,562 평방킬로미터(300,948 제곱 마일)를 차지하는데, 그중 755,688 평방킬로미터는(291,773 제곱 마일) 서남아시아에 위치해 있으며, 23,764 평방킬로미터(9,174 제곱 마일)는 유럽에 위치해 있습니다.",geography
"1819년에 발견된 사우스셰틀랜드 제도는 여러 나라에서 소유권을 주장하고 있으며, 2020년에 16개국이 활동하면서 가장 많은 기지를 가지고 있습니다.",geography
아피아는 사모아의 수도다. 이 마을은 우폴루 섬에 있으며 인구는 4만 명이 조금 안 된다.,geography
폭풍이 육지에서 멀리 떨어져 있어 미국 또는 카리브해에 미치는 잠재적인 영향을 분석하기 어렵습니다.,disasters
크러스트는 마리아 아래에서 더 얇고 고원 아래에서 더 두껍습니다.,science
이 숲은 단순한 맹그로브 늪지대가 아닙니다. 한때 갠지스 평원을 덮고 있던 위대한 정글의 마지막 모습의 일부가 여기에 남아 있습니다.,nature
미국 지질조사국 국제 지진 지도는 그전 주에 아이슬란드에서 지진이 발생하지 않았음을 보여주었다.,disasters
메카 북쪽의 산 중 한 곳의 꼭대기에 자리 잡고 있는 이 동굴은 세계의 나머지 지역으로부터 완전히 고립되어 있다.,geography
"샌프란시스코의 경제는 세계적인 관광 명소가 된 것과 연계되어 있지만, 샌프란시스코 자체 경제도 다양합니다.",business
포클랜드의 공식 화폐는 1영국 파운드(GBP)의 가치와 동등하게 설정된 포클랜드 파운드(FKP)이다.,geography
실제 목적은 그 회사들에게 시장에 대한 더 많은 통제권을 주는 것입니다. 이 모든 것은 수익을 만들기 위함입니다.,business
순록 축산은 사미족의 중요한 생계 수단 중 하나이며 무역에 있어서도 그러한 문화는 다른 여러 종사자들에게도 중요한 의미를 지닙니다.,nature
"""지난주 일본경제산업성(METI)은 애플이 """"심각하지 않다""""고 한 과열 사고를 추가적으로 34건 보고했다고 발표했습니다.""",business
"2015년 말, TogiNet은 자회사 방송국으로 AstroNet Radio를 설립했습니다.",business
자문/승인 및 보험금 청구를 위해 보험사의 이메일 주소와 국제 전화번호를 표기해야 한다.,business
"가장 최근 월간 보고서에 따르면, OPEC은 원유 수출이 하루에 280만 배럴로 근 20년 기간 통틀어 최저 수준으로 떨어졌다고 밝혔다.",business
"물론, 필리핀 국민에 대한 장기간의 착취에서 파생된 초 이익은 미국 제국주의의 기본 이익을 구성하게 될 것이다.",politics
250년 뒤 기네스(Guinness)은 매년 100억 유로(약 147억 달러)가 넘는 글로벌 기업으로 성장했다.,business
"외교관이 아닌 이상, 해외에서 일하는 것은 일반적으로 거주하고 있는 국가에서 소득세를 신고해야 한다는 것을 의미합니다.",business
"베네수엘라의 중요한 산업은 석유이며, 비록 전 세계 석유 산업에서 단지 1퍼센트의 비중에도 불구하고, 순 수출국으로 자리하고 있다.",business
"1624년 네덜란드 동인도 회사는 대만 남서부 지역에 기지를 차리고, 곡물 생산 방식의 변화를 불러오고, 중국 노동자들을 고용하여 재식농업을 통해 쌀과 설탕을 생산하기 시작했다.",geography
"이러한 지역에서 구할 수 있는 고급 브랜드 안경테는 두 가지 문제가 있을 수 있습니다. 일부는 모조품일 수 있고, 실제 수입된 진품은 모국의 가격보다 비쌀 수 있습니다.",business
그러나 아수스(ASUS)가 2007년 대만 지속가능상을 대만 정부 옌 행정 장관으로부터 수상한 뒤로는 노트북 컴퓨터의 소비자 시장이 급격히 다양해지고 변화할 것입니다.,technology
노던록 은행은 회사가 영국 정부로부터 긴급 지원을 받음으로써 2008년에 국유화되었습니다.,business
"국가나 가게 유형에 따라 하나 이상의 구내식당을 갖추기도 하는데, 이는 보통 합리적인 가격의 상당히 비격식적인 곳입니다.",business
"1993년에 프로를 떠났지만, 그는 제작 책임자란 직함을 지켜왔으며, 매 시즌 계속해서 저작권 사용료로 수천만 달러를 받았습니다.",sports
항공사들은 빠르고 편안하게 어떤 곳으로 가는 특권에 맞게 책정된 요금에 기꺼이 큰돈을 지불할 의향이 있는 특정한 핵심 승객 층이 있다는 것을 잘 안다.,travel
"""코스텔로 씨는 """"산업화가 된다면 원자력을 보유해야 합니다. 원자력에 대한 원칙적인 반대는 없다""""고 말했습니다.""",politics
"Siminoff는 2013년, 쇼 출연자가 스타트업의 자금 지원을 거절했었던 Shark Tank 에피소드에 출연한 이후 매출이 증가했다고 말했습니다.",business
"그는 또한 다른 국가들의 지폐를 새기는 일에도 참여했는데, 최근 캐나다에서 나온 새 5달러와 100달러 지폐 전면에 나온 총리의 초상화가 그의 작품이다.",business
"국유화가 진행되던 2010년, '배드뱅크'인 노던 락(자산 관리)에서 현재의 대형 소매 은행 노던 락(Northern Rock plc)이 분리되었습니다.",business
"12세기에 콘스탄티노플의 위상은 떨어졌는데, 주로 십자군들이 비잔틴 시장에서 파는 물건보다 더 가치 있는 비단이나 향신료와 같은 선물을 가지고 돌아왔기 때문이었습니다.",geography
"지난 30년 동안 공식적으로 공산주의 국가로 남아있음에도 불구하고, 중국은 시장 경제를 발전해왔습니다.",business
2인 이상 탑승 시 추가 요금이 부과되므로 이 옵션은 필요 이상으로 비쌀 수 있다.,business
"""The Onion 처음 설립된 이래 인쇄 매체, 10월 한 달 동안 500만 명의 순 방문자 수, 개인화된 광고, 24시간 뉴스 네트워크, 팟캐스트 그리고 최근 출시한 """"Our Dumb World""""라는 세계 지도책 등을 지닌 풍자 언론사입니다.""",entertainment
대기업은 일부 항로에서 자사 소속 항공기를 사용합니다만 그밖에 다른 항로이거나 소기업이라면 문제가 있습니다.,business
배튼씨는 2008년 400명의 미국 내 부자 순위에서 약 23억 달러의 재산으로 190위에 올랐다.,business
노던록은 2007년 서브프라임 모기지 사태 당시 이러한 사실이 밝혀져 지원을 필요로 하였다.,business
슈퍼마켓의 즉석식품 품목이 점점 더 다양해지고 있습니다. 일부 슈퍼마켓은 음식을 데울 수 있는 전자레인지나 다른 수단을 제공하기도 합니다.,business
그것은 경제 제재와 유럽 연합의 원유 수입도 금지를 포함하는데 이란 경제는 80%의 외화 수입을 원유에서 얻는다.,business
하지만 전국적인 도로망은 소수의 자동차만으로는 경제적 측면에서 실효성이 없기 때문에 자동차 소유 비용을 경감시킬 새로운 생산 방법이 개발된다.,business
"코스텔로 씨는 핵발전소가 경제적으로 실현 가능해진다면, 오스트레일리아는 그 사용을 추진해야 한다고 했습니다.",politics
"고용이 가장 많은 분야는 전문 서비스, 공공기관, 금융, 무역 및 관광이다.",business
섬을 벗어나서 포클랜드 화폐를 환전하기란 거의 불가능하기 때문에 섬을 떠나기 전에 환전하세요.,travel
비록 우리 물품의 팔십 퍼센트가 중앙아메리카 국가들에서 관세를 통해 세금이 부과된다. 우리가 당신을 대접한다.,business
"때로는 같은 비행이더라도 다른 웹사이트마다 큰 가격 차이를 보일 수 있기 때문에, 표를 예약하기 전에 가격을 비교하거나 항공사 웹사이트에서 가격을 확인해 보는 것이 좋습니다.",travel
그러니 이는 저렴하지만은 않습니다. 대략 추산하자면 비지니스 클래스의 4배 또는 일등석의 최대 11배까지 지불해야 할 수 있습니다!,travel
야후!와 마이크로소프트 서비스 사용자들을 합친 수는 AOL의 고객 수에 견줄 만하게 될 것이다.,technology
이후 중국의 경제규모는 90배까지 성장했다.,business
"안경은 외국, 특히 인건비가 저렴한 저소득 국가에서 더 저렴할 수 있다.",business
첫 번째 경제 개혁은 덩 사오핑의 지도하에 이루어졌습니다.,business
"소득세는 국가별로 다르게 구성되며, 세율과 과세 등급은 국가마다 크게 다릅니다.",business
"""그 위원은 """"우리는 원산지와 관세양허의 원칙에 관해 협의에 이르지 못했지만, 우리가 가지고 있는 틀은 2020년 7월 1일에 교역을 시작하기에 충분하다""""고 말했습니다.""",business
커피는 세계에서 가장 많이 거래되는 상품 중 하나이고 여러분의 거주 지역에서도 많은 종류를 찾아볼 수 있을 것입니다.,business
항공 화물로 보냈다면 몇몇 루트에서는 짐을 내리고 세관 수속을 하는 데 며칠이 걸릴 수도 있습니다.,travel
"아실지 모르겠지만, 중앙아메리카에서 온 대부분의 물품은 이 나라에 면세로 들어왔습니다.",business
그것은 eBay 역사상 가장 큰 성과입니다.,business
베네수엘라인의 18%는 실업자이고 고용된 사람들 대부분이 비공식적 경제에서 일하고 있습니다.,business
"택배회사는 물건을 빨리 배달해 주는 대가로 많은 보수를 받습니다. 종종 업무 서류, 긴급 수리를 위한 상품이나 예비 부품의 경우에는 시간이 매우 중요합니다.",business
"""이 법안은 캘리포니아 주에서 판매되는 폭력적인 비디오 게임에는 """"18""""이라는 라벨을 붙여야 하며, 이 게임을 미성년자에게 판매하는 경우 1000달러의 벌금에 처하도록 규정하고 있습니다.""",politics
"그들은 지출의 상당 부분을 갚기 위해 미국 식민지 정권에 세금을 지불하도록 강요당했고, 월스트리트의 은행을 통해 필리핀 정부의 이름으로 된 채권이 관심을 끌었습니다.",politics
FIC West 스토어 바로 맞은편 Stanley에 위치한 섬의 유일한 은행에서 환전할 수 있습니다.,travel
슈퍼마켓에서 음식을 사는 것이 대개는 끼니를 해결할 가장 저렴한 방법입니다. 하지만 요리할 기회가 없으므로 선택은 즉석식품으로 제한됩니다.,business
20년 안에 중국의 GDP는 미국의 GDP보다 커질 수 있습니다.,business
문서에 따르면 14개의 은행이 부유한 고객을 도와 세금 및 기타 규제를 피할 수 있도록 미화 수십억 달러를 숨기게 해줬습니다.,business
그는 감산 규모는 중국의 경제 생산량을 바탕으로 정해질 것이라면서 수치를 밝히지 않았습니다.,business
"지구상에서 매우 희귀한 암석 중 일부는 온스당 11,000달러에서 22,500달러로 금값의 약 10배에 달하는 가격에 팔리고 있다.",science
영국 신문 가디언지는 도이치 뱅크는 이것을 이루기 위해 사용된 대략 1200개의 비활동 회사 중 삼 분의 일을 조종했다고 시사했다.,business
아프리카 연합 무역 및 산업 장관 알버트 무찬가는 베냉이 합류할 것이라고 발표했습니다.,business
오늘날 여러 사미인들은 근대 무역업에 종사합니다. 관광업은 사미족의 영역인 사프미에서 중요한 수입원입니다.,travel
"버진은 노던 록의 '괜찮은 은행' 부분만 구매하였고, 자산관리회사는 인수하지 않았습니다.",business
일본 경제 통상 산업부(METI)는 이 장비와 관련된 27건의 사고를 인지하고 있었다고 밝혔다.,business
해당 도서 지역에서는 영국 통화와 미국 통화는 사용할 수 있지만 신용카드는 사용할 수 없습니다. 허용되는 결제 수단이 무엇인지 결정하려면 미리 소유주에게 확인하시기 바랍니다.,travel
"지금까지도 AOL은 미국 내에서 지속적으로 널리 사용되고 있기 때문에, IM 시장을 자신만의 속도로 움직이고 발전시킬 수 있었습니다.",technology
Ring은 경쟁 보안회사인 ADT 사와의 소송 또한 합의를 보았다.,business
"정기 화재 지휘 시스템 테스트를 마친 후 발생한 정전으로 인해 릴리프 밸브가 열려, 그릴리 기지(Fort Greely) 9 펌프장 근처에서 원유가 넘쳤습니다.",disasters
"1963년에 댐이 건설된 후, 강 전반에 퇴적물을 퍼트리는 계절 홍수가 그쳤습니다.",nature
프레드는 현재 시속 165km의 바람을 타고 북서쪽으로 이동하고 있습니다.,disasters
워밍업랩에서 렌즈는 자전거에서 떨어져 동료 레이서인 세비어 카야트와 충돌했습니다.,sports
"호쿠리쿠 전력 회사는 지진으로 인한 영향은 없으며 시카 원자력 발전소의 1, 2호기 원자로가 중지되었다고 보고했다.",disasters
월요일 오후 10시 8분에 중진이 몬태나주 서부를 강타했습니다.,disasters
해안지대 또는 그 주변에 있는 14개의 하와이 소재 학교는 경보가 해제되었음에도 지난 수요일 휴교하였습니다.,disasters
"일본의 핵 관련 정부 기관에 따르면, 방사성 세슘과 요오드가 발전소에서 검출되었다고 한다.",disasters
"악천후는 피해, 심각한 사회 혼란 또는 인명 손실을 초래할 수 있는 위험한 기상 현상의 총칭이다.",disasters
그 공무원이 도착했을 때 아파트가 폭발했습니다.,disasters
"미국 국립 허리케인 센터 (NHC)에 의하면, 태풍 제리는 더 이상 위협이 되지 않는다.",disasters
소방 구조 대원들이 결국 오후 11시 35분까지 불을 껐다.,disasters
오염된 애완 먹이를 섭취한 후 사망한 애완동물들의 소변 샘플에서 시아누르산과 멜라민이 둘 다 관찰되었다.,health
얼음을 깨는 것 말고도 극심한 기상 조건이 구조 작업을 방해하고 있습니다.,disasters
"불꽃놀이가 시작된 지 한 5분쯤 지났을 때 갑자기 바람이 불기 시작했어요. 그리고 1분쯤 뒤에는 풍속이 70km/h에 달했죠. 그다음엔 비가 왔고, 근데 너무 큰 빗방울이 세차게 떨어져서 마치 바늘처럼 피부를 때렸고 이후에는 우박까지 떨어졌어요. 사람들은 막 패닉에 빠져서 소리를 지르고 여기저기 뛰어다니고 난리였죠.",disasters
해당 차량은 같은 날 그리니치 표준시로 대략 12시에 사고 현장에서 옮겨졌습니다.,crime
"""먹구름에서부터 내려오는 깔때기 모양에서 시작되어, 지면에 닿을 때는 """"토네이도""""가 되어 버립니다.""",disasters
쓰나미의 위험이 없었음에도 불구하고 주민들은 공황 상태에 빠지기 시작했고 자신의 사업장과 집을 떠나기 시작했습니다.,disasters
추락 지점을 수색하려는 노력은 악천후와 험한 지형에 맞닥뜨리고 있습니다.,disasters
사망자 숫자는 최소 15명이며 계속 증가할 것으로 예상됩니다.,disasters
일부 도로가 파손되고 피해 지역에서는 철도 운행이 중단됐으며 이시카와현 노토 공항은 폐쇄된 상태다.,disasters
"토네이도는 다른 강한 폭풍에 비해 비교적 적은 지역을 강타하지만, 이동 경로상에 있는 모든 것을 파괴할 수 있습니다.",disasters
당국은 이것이 현장에서 우라늄 연료를 보관하는 컨테이너가 파열되어 누출되고 있다는 것을 나타낸다고 추정한다.,disasters
착륙 중단 사고를 초래한 때와 동일한 좋지 않은 날씨로 인해 수색이 방해를 받았다.,disasters
"이번 주 초, 경찰 헬기가 추락하면서 세 명의 사망자와 세 명의 부상자가 발생했습니다.",disasters
"정적이 도시 전체에 덮여 있는 정확히 오전 8시 46분, 그 순간 첫 번째 제트기가 타깃을 맞췄다.",disasters
당시 거의 100명의 주민이 해당 지역에서 대피했습니다.,disasters
100피트 너비의 제방 너머로 물이 흘러넘칩니다.,disasters
알래스카 주 페어뱅크스 남쪽에 수천 배럴의 원유가 유출된 후 800마일에 이르는 알래스카 파이프라인(Trans-Alaska Pipeline System)이 폐쇄되었습니다.,disasters
"그 지역의 9400가구는 물 없이, 약 100가구는 전기 없이 생활한다고 전해진다.",disasters
"프레드는 위성사진의 출현 이후 지금까지 대서양의 남쪽과 동쪽에 기록된 가장 강력한 열대성 사이클론이며, 35°W의 동쪽에서 기록된 세 번째 허리케인이다.",disasters
미국 공병대는 시간당 6인치의 강우량이 기 파손된 제방을 무너뜨릴 수 있다고 추정했다.,disasters
또한 태평양 쓰나미 경보 센터는 쓰나미의 징후가 없다고 전했다.,disasters
"지난달 이란에서는 아르메니아로 향하던 항공편이 추락하여 승객 168명이 사망하는, 지난 몇 년간 발생한 항공 사고 중 가장 극심했던 사고가 발생하였습니다.",disasters
쓰나미 경고는 발령되지 않았으며 자카르타 지구 물리학 연구소에 의하면 진도 6.5를 넘지 않는 지진에는 쓰나미 경고가 발령되지 않을 것이라고 합니다.,disasters
"지역별 및 계절별 악천후 현상에는 폭풍설, 눈보라, 진눈깨비 및 황사 등이 포함됩니다.",nature
가스 회사 관계자는 이웃이 가스 누출로 연락하자 현장에 방문 중이었습니다.,disasters
"겨울에 가장 흔한 사고 원인은 미끄러운 도로, 포장도로(보도) 그리고 특히 계단이다.",disasters
그들은 여전히 충돌의 크기와 지구가 어떤 영향을 받을 것인지에 대해 연구 중이다.,science
"토네이도는 나무를 뿌리채 뽑아내고, 빌딩의 판자를 떼어내며, 차를 하늘 위로 내던져 버린다. 가장 강력한 약 2%의 토네이도는 3시간 이상 지속된다.",disasters
"해당 충돌은 산악 지형의 높은 위치에서 발생했으며, 예기치 않은 화재로 인해 발생되었다고 여겨집니다.",disasters
"""생존자인 프란시스제크 코왈은 """"마침내 유리 중 하나가 깨져 창문으로 나가기 시작했습니다""""라고 했습니다.""",disasters
사망자는 니콜라스 올던(25)과 재커리 커드백(21)이었습니다. 커드백은 운전사였습니다.,crime
북 마리아나 재난관리청은 국가적으로 어떤 피해도 보고되지 않았다고 밝혔다.,disasters
태풍은 시속 11킬로미터로 중국으로 이동할 것으로 예상됩니다.,disasters
"통가에선 큰 피해나 부상자들이 보고되지는 않았지만, 전력 수급이 일시적으로 끊겨 통가 당국이 PTWC에서 발령한 쓰나미 경보를 받지 못한 것으로 알려졌습니다.",disasters
영국 순양함 한 척을 제외한 모든 선박이 침몰했습니다. 약 200명의 미국인과 독일인이 목숨을 잃었습니다.,disasters
"약 60건의 iPod 과열 사례가 보고되었으며, 총 6건의 화재가 발생했고 4명이 경증의 화상을 입었습니다.",disasters
허리케인 카트리나 때 최고 20 feet 높이의 홍수를 겪은 나인스 워드(the Ninth Ward)는 현재 근처 제방이 범람하면서 허리 높이까지 차오르고 있다.,disasters
"아주 강한 바람(대부분 시속 100~200마일)을 일으키며, 회전하며 움직이면서 무거운 물체를 공기 중으로 들어 올릴 수 있다.",disasters
"""사고 지점 인근 한 정비소에서 근무하는 한 사람은 """"길을 건너려고 기다리던 아이들이 모두 비명을 지르며 울고 불고 난리였어요""""라고 말했다.""",disasters
"2002년, 고마(Goma)는 니라공고(Nyiragongo) 화산에서 분출된 용암에 의해 파괴되었는데, 특히 도심지를 비롯한 마을의 도로 대부분이 묻혔다.",disasters
현지 언론은 공항 소방차가 사고에 대응하는 도중에 전복되었다고 보도했습니다.,disasters
"이란에서 항공 사고가 흔하게 일어나는데, 민간 및 군용 모두에서 유지 보수가 잘되지 않는 노후화된 항공기를 보유하고 있기 때문이다.",disasters
13세 오토바이 선수 피터 렌츠는 인디애나폴리스 모터 스피드웨이에서 추돌 사고로 숨졌습니다.,sports
피케 주니어는 2008년 싱가포르 그랑프리에서 페르난도 알론소가 미리 피트스톱을 실시한 직후 사고를 내 세이프티카가 발령되도록 하였습니다.,sports
"""""""다행히 저한텐 아무 일도 일어나지 않았지만, 사람들이 밖으로 나가기 위해 창문을 깨려 하는 소름 끼치는 장면을 목격했습니다.""",disasters
고장 난 루노호가 강한 바람과 높은 파도에 의해 방파제로 떠밀려갔을 때 선상에는 120~160 세제곱미터의 연료가 있었습니다.,disasters
"일부 보도에 따르면 공식 사망자 수는 8명으로 집계됐으며, 공식 보도에 따르면 최대 30명이 부상을 있었다고 전해진다. 그러나 최종 사망자 수는 아직 알려지지 않았다.",disasters
보도에 따르면 맥베스 스트리트의 한 아파트가 가스 누출로 폭발했다고 합니다.,disasters
"지진의 중심은 딜런에서 북동쪽으로 약 20km(15mile), 뷰트에서 남쪽으로 약 65km(40mile) 떨어진 곳이었습니다.",disasters
"그로 인해 그리스 법률 사회 내에서 판사, 변호사, 변호인 등이 지난 몇 년간 해왔던 불법 행위들이 수면 위로 올라와서 큰 스캔들이 발생했습니다.",crime
"미 의회는 2005년도 예산부터 외설 방지책 자금을 배정했으며, FBI에서 성인 포르노 분야에 10명의 요원을 반드시 배치할 것을 특정했다.",politics
"""이 보스들은 프로벤자노가 1992년 마피아와의 전쟁을 치르던 지오반니 팔코네와 파올로 보르셀리노의 목숨을 앗아간 리나 주도 전쟁에 종지부를 찍었을 때 고삐를 잡혔습니다.""""""",crime
블레이크는 또한 정의 과정을 왜곡하려 한 죄로 유죄판결을 받았다.,crime
폭탄 한 발이 총독 집무실 밖에서 폭발했다.,crime
오후 10 - 11시 MDT(산악 여름 시간) 사이에 수감자들이 교도소 마당에 화재를 시작했다.,crime
"""그린란드에서 범죄와 외국인을 향한 일반적 악감정은 사실상 존재하지 않는다. 심지어 번화가에도 이른바 """"위험한 구역""""이 없다. """,crime
방치된 가방은 쉬운 도난 대상이 되며 폭탄 위협을 우려하는 당국의 관심의 대상이 될 수 있다.,crime
후네(Huhne)와 프라이스(Pryce)는 2월 16일 웨스트민스터 치안법원에 출두할 예정입니다.,crime
"""미국 정부는 밝혀지지 않은 정보원으로부터 에티오피아와 케냐에서 자살 폭탄 테러범들이 """"유명한 지형물""""을 파괴할 것이라는 구체적 정보를 얻었다고 했습니다.""",disasters
"현대적인 현상과는 거리가 멀지만, 대부분의 사람들은 그것을 스프레이 페인트를 사용해 공공 및 사유재산을 훼손하는 청소년과 연관시킬 것이다.",crime
역사학자들은 FBI의 성공률을 일부러 높이기 위해 도난 차량 사건과 같이 쉬운 사건에만 초점을 두고 자원을 집중하는 과거의 FBI 정책을 비판해 왔다.,crime
여러 명의 인질이 구출되었으며 최소 여섯 명이 사망한 것으로 확인되었다.,crime
록우드 가든의 세입자들은 OHA 경찰이 오클랜드의 다른 공공 주택 소유물들에 대해서도 주택 사기에 휘말릴 수 있는 조사를 하고 있다는 것을 알았기 때문에 40가구 이상이 더 퇴거에 직면할 것이라 보고 있다.,crime
후속 보도에 따르민 해당 여객기는 폭탄 테러 위헙을 받은 후 아프가니스탄으로 돌아가 칸다하르에 착륙했다고 합니다.,crime
경찰은 공격에 대한 책임이 있다고 주장되는 다에시(ISIL) 무장세력에게 혐의를 두고 있다고 밝혔습니다.,crime
"또 그는 종전에 저작권 침해 혐의로 고발되었으나, 기소되지는 않았습니다.",crime
펜실베이니아주 피츠버그 아동 병원에서 근무했던 한 의사의 어머니가 수요일 해당 의사의 차량 트렁크에서 숨진 채 발견되자 해당 의사를 가중 살인 혐의로 기소할 것이라고 오하이오주 당국이 밝혔습니다.,crime
후에 노령의 여인이 화장실을 가야했을 때 사진가들은 그녀를 대신했다. 멘도사는 총을 맞았다.,crime
"그 후 나온 증거에 따르면 시험지들은 변조되었으며, Hall은 다른 34명의 교육 관계자들과 함께 2013년에 기소되었다.",education
아놀드 슈워제네거 캘리포니아 주지사는 미성년자에게 폭력적인 비디오 게임을 판매하거나 대여하는 것을 금지하는 법안에 서명했다.,politics
폭탄을 폭발시킨 것으로 의심받는 남성은 폭발로부터 부상을 입은 뒤 구금되었다.,crime
어제 아침 터키 가지안테프에 있는 경찰서에서 폭발한 차량 폭탄으로 인해 경찰관 2명이 죽고 20명 이상의 다른 사람들이 다쳤습니다.,disasters
당국은 오늘 있었던 체포 확인 이외에는 공식적으로 언급한 것이 거의 없었습니다.,crime
아데코야는 자신의 아들을 살해한 혐의로 에든버러주 법원에 기소된 상태입니다.,crime
청장은 허가되면 보석을 하고 체포한 경찰관이 제기한 혐의를 공식화한다. 그런 다음 혐의 기록이 추적되는 주의 컴퓨터 시스템에 입력된다.,crime
로스엔젤레스 경찰국 대변인 Christopher Garcia는 그 남성 용의자는 공공 기물 파손이 아닌 무단 침입에 대한 혐의로 조사를 받는 중이라고 밝혔다.,crime
어떤 나라들은 심지어 첫 번째 범죄에도 매우 엄격한 처벌이 있다. 10년 이상의 징역형이나 사망형을 포함할 수 있다.,crime
그리스의 유명한 변호사인 사키스 케차기글로(Sakis Kechagioglou)와 조지 니콜라코풀로스(George Nikolakopoulos)는 부정부패 혐의가 인정되어 아테네의 코리달로스 교도소에 수용되었다.,crime
정부청사 근처에서 2시간 만에 폭탄 3개가 추가로 폭발했다.,disasters
"세입자들이 자신들에게 일어났던 일을 얘기하기 시작했을 때, 관련된 대부분의 가족들은 OHA의 캐롤린 윌슨이 자신들의 보증금을 훔치고 마을에서 도망쳤다는 사실을 불현듯 깨달았습니다.",crime
"자신도 모르게 마약 운반책으로 이용될 수 있으며, 입국 시 큰 문제에 직면할 것입니다.",crime
"던디 대학의 파멜라 퍼거슨 교수는 '언론인이 용의자의 사진 등을 공개한다면, 그들은 아슬아슬한 줄타기를 하는 것과 같다'라고 합니다.",crime
경찰에 따르면 사진기자를 친 차량의 운전자는 형사 고발을 당할 가능성이 낮다.,crime
어린이와 노약자를 포함한 6명의 인질들은 필리핀 사진작가들과 마찬가지로 일찍 풀려났다.,crime
"""케냐 나이로비에 위치한 미국 대사관은 """"소말리아 출신 극단 주의자들""""이 케냐와 에티오피아에서 자살폭탄 테러를 계획하고 있다고 경고했다.""",crime
"""그녀가 아래와 같이 말했습니다. """"일촉즉발로 닥친 공격을 암시하는 능력이 아예 없습니다.""",politics
그 주지사는 부상자 중 19명이 경찰관이라고 말했다.,crime
어제 우체국은 이 소년이 429개의 새해 엽서를 포함하여 수취인에게 전달되지 않은 600개 이상의 우편물을 숨긴 것을 발견한 후 시민들과 언론에 사과문을 발표했다.,crime
경찰은 시체가 하루 정도 있었던 것으로 보인다고 말했습니다.,crime
이 남성은 군중을 향해 폭발물을 실은 3륜 차량을 몰았다고 한다.,crime
"""D K 아리아 부감찰관은 """"스위스 여성을 성폭행한 5명을 체포했으며, 또한 피해 여성의 휴대폰과 휴대용 컴퓨터를 복구했다""""고 말했습니다.""",crime
"그녀는 구류된 채 기소와 재판을 기다리고 있지만, 그녀에 대한 평판이 널리 알려져 있기 때문에 목격자의 증언이 편향되었을 수 있습니다.",crime
"게다가, 최고 판사 에반겔로스 칼로우시스는 부패와 부정행위에 대해 유죄 판결을 받아 수감되었습니다.",crime
"6월 28일, 리비아 총독이자 무솔리니의 유력한 후계자인 이탈로 발보 원수는 토브루크에 착륙하던 중 아군의 총격으로 인해 사망했습니다.",politics
롤란도 멘도자는 관광객들에게 M-16 소총을 발사했습니다.,crime
찬드라 셰카르 솔랑키 경찰서장은 피고인이 얼굴을 가린 채 법정에 나왔다고 말했다.,crime
"마약 탐지견이 사전 통보 없이 언제든지 검사를 실시하므로, 줄을 서서 기다릴 때에도 동일하게 적용됩니다.",crime
버팔로에서 태어난 30살의 남편은 총격 사건에서 사망한 4명 중 한 명이었지만 아내는 부상당하지 않았다.,crime
"그는 해적들에게 강도 당하고, 티베트에서 미친개에게 공격당했으며, 네팔에서는 거의 결혼할 뻔했고 인도에서 체포되었다.",travel
한 전직 필리핀 경찰관이 필리핀의 수도 마닐라에서 버스를 납치하여 홍콩 관광객들을 인질로 삼았다.,crime
미군 점령 후에 수감자 학대 사건이 밝혀지자 교도소의 악명은 높아졌다.,crime
"""한 목격자는 사람들이 무리를 이루어 거리를 배회하고 물품을 약탈하는 것으로 보아 비슈케크(Bishkek)가 """"무정부""""상태로 빠지고 있다고 묘사하였습니다.""",crime
현장에서 체포된 뉴스 캐스터는 공격한 것을 부인하며 자신에게 병을 던지며 공격하는 30명의 사람들에게서 자기방어를 하기 위해 막대기를 사용했다고 주장했다.,crime
"지난 3개월 동안, 80명이 넘는 체포된 이들이 정식 기소되지 않고 구치소에서 풀려났습니다.",crime
"""판사는 블레이크에게 그가 감옥에 가는 것은 """"거의 불가피하다""""고 말했습니다.""",crime
보건장관은 관련 물질의 일시적인 합법성을 이용하는 개인의 복지와 함께 이제는 위헌이 되어버린 변화들이 발효된 이후 마약과 관련한 판결들에 관해 우려를 표명했다.,health
마디아 프라데시 경찰은 도난당한 노트북과 휴대폰을 회수했다.,crime
현재 어떤 혐의가 부과될지 또는 당국이 어떤 결정을 내릴지 모르지만 연방 법정에서 청소년 재판이 시작되었다.,crime
"비슈케크 시가지에 법 집행관들이 나타나지 않자, 간밤에 광범위한 약탈이 계속되었다고 전해진다.",crime
"예를 들어, 학교에서 잘 적응하지 못하는 소수 인종의 아이들이 자신의 인종에 대한 고정 관념을 배우게 되는 순간 실제로 학교에서 적응을 잘 못한다고 한다.",education
"그는 자신의 노트에 일부 학부모들이 음란하다고 생각할만한 단어들을 사용했고, 수업 시간에 욕설도 했다고 한다.",education
자세한 요구 사항은 공부하고자 하는 국가의 이민 부서와 해당 기관에 확인해 주십시오.,education
1960년대에 그는 영화 연출을 교육하고자 새롭게 독립한 알제리아로 돌아갔다.,entertainment
"저희 위탁 돌봄 시스템은 안전한 가정, 상냥한 돌보미, 안정적인 교육, 신뢰할 수 있는 의료 혜택을 제공할 것입니다.",education
시상 당시 애틀랜타 학교들은 학생들의 시험 점수가 크게 향상된 것을 보았다.,education
"예를 들면 매년 노스캐롤라이나의 베넷 스쿨 출신 학생들은 주도 여행에 관한 웹사이트를 디자인하는데, 매년 웹사이트는 리모델링되며 이전 버전은 스크랩북 형태로 온라인 서버에 남겨진다.",education
"공중전화망의 전화를 받기 위해서는 별도로 국제 번호를 구매해야 하는데, 어디에서 번호가 오는지에 따라 발신자의 전화를 받을 수 있는지 없는지의 차이가 나뉩니다.",technology
"대부분의 경우, 해외 갭 이어(gap-year) 코스에 등록하면 실제로 고국에서 고등 교육에 진학할 가능성을 높일 수 있습니다.",education
"모든 어린이가 양육적, 보호적, 교육적 환경에서 성장해야 하는데 상황은 그렇지 않습니다.",education
일출을 볼 수 있는 곳에서 깨어 있는 상태로 부활절 밤을 보내는 전통이 있습니다.,religion
이 페이지는 키보드 사용이나 철자를 적는 데 어려움이 있는 학생들이 기억하기 쉽고 입력하기 쉽도록 하나의 웹 주소로 편하게 접근할 수 있습니다.,education
모던 에듀케이션은 그가 버스 대형 버스 광고판에 허가 없이 광고를 한데다 최고 영어 강사라는 거짓말을 했다며 비난했습니다.,education
지식을 습득하고 배우는 능력이 위에서 언급한 그런 방식으로 변화함에 따라 지식을 습득하는 기준율도 변했다.,education
프로젝트 기반 학습은 학습을 더 쉽고 더 흥미롭게 만들고 스캐폴딩은 한 걸음 더 나아가게 합니다.,education
가상 현장학습은 현장학습을 되돌아 보고 미래 학급과 경험을 공유할 수 있는 좋은 방법입니다.,education
대부분의 국가에서는 공부하고자 하는 기관이 보낸 제안서와 적어도 공부 과정의 첫해 동안 스스로 학비를 마련할 수 있다는 증서를 제공해야 합니다.,education
"하지만, 찰스는 케임브릿지 트리니티 대학에서 인류학과 고고학을 공부했고, 이후 역사를 공부하며 2:2(하위 2등급 학위)를 받았습니다.",education
마(Ma) 씨는 홍콩에서 태어나 뉴욕대와 하버드대 로스쿨에서 공부했으며 미국 영주권자 '그린카드'를 소지한 적이 있다.,politics
"그러므로, 이 문법 입문서를 읽는 것은 페르시아 문법에 대해 많이 배우고 문구를 더 잘 이해하는 데 도움이 될 것이다.",education
그럼에도 불구하고 프랑스어를 사용하는 벨기에 사람들과 스위스 사람들은 모두 학교에서 표준 프랑스어를 배웠을 것이므로 표준 프랑스어 번호 체계를 사용하더라도 그들은 이해할 수 있을 것이다.,education
받침대 방식(Scaffolding)은 학습법이라기보다 조수라 할 수 있다. 이를테면 최신 컴퓨터 프로그램을 사용한다거나 새 프로젝트를 시작하는 등 새로운 것을 학습하는 사람들에게 도움을 제공해 준다.,education
"대부분 학생들이 가장 비판적인 청중이므로, 블로그 작가는 비판을 피하기 위해 글쓰기를 향상시키려고 노력하기 시작합니다.",education
그는 산부인과 의사로 훈련을 받고 1959년부터 오클랜드 국립 여성 병원에서 근무하기 시작했다.,health
일반적으로 이러한 교육 프로그램에 등록하는 데에는 등록금이 있다.,education
그는 1950년에 버지니아 대학에서 예술 과학을 전공으로 졸업했고 상당한 기부자로 명성을 남겼다.,education
"사실, 배움에 있어서 딱 한 가지는 없다. 학습은 학습자와 제시된 지식 사이의 경험에서 이루어진다.",education
존 그랜트(John Grant)를 포함한 일부 사람들은 자금 조달 문제 및 교육용 텔레비전 프로그램의 철학이 바뀐 것이 시리즈를 끝내는데 기여했다고 생각합니다.,education
"""또한 블로그는 """"학생들이 자신 주변에 대해 더 관심을 기울이도록 한다"""" 청중의 관심을 끌기위한 필요성을 통해 학생들은 영리하고 흥미롭도록 합니다(토토, 2004).""",education
현장 학습은 모든 학급에 있어서 큰 비중을 차지한다. 일반적으로 교사는 자신의 학생들을 버스 여행이 필요 없는 장소로 데려가고 싶어 한다.,education
그는 가까운 지역에 있는 대학교의 학생들에게 이메일을 보냈다. 그 결과 아주 많은 곳에서 무료 숙박을 제안받았다.,education
근대 이전의 관측소들은 대개 오늘날에는 무용지물이며 박물관이나 교육 장소로 사용된다.,science
"한 학생은 그가 '수업 중 속어를 가르쳐주고, 데이트 기술에 대한 필기 수업을 가르쳤으며 학생들의 친구 같았다'라고 말했다.",education
"자율 학습 및 정보 제공, 학습 기반 TV 쇼를 통한 현재 경험은 이러한 점을 잘 보여줍니다",education
"본 제품은 학생들이 자신의 속도에 맞추어 공부할 수 있게 해주며, 지시 안내의 속도를 제어할 수 있게 해 줍니다.",education
근로자는 자신이 내린 그 어떤 결정도 반드시 상사의 결재를 받아야 하며 이의 제기 없이 상사의 지시에 따라야 합니다.,business
포스트 모던적인 학습 방식은 절대적인 것에서 자유를 제공한다. 배우는 것에 좋은 길이 하나뿐인 것은 아니다.,education
"카르노(Karno)는 현대교육(Modern Education) 학원과 킹스 글로리(King's Glory Education) 학원에서 가르쳤던 유명하지만 논란이 많은 영어 강사인데, 자신의 경력의 정점에 9,000명의 학생이 있었다고 주장했다.",education
"""블로그의 적절한 이용은 """"인터넷 자료에 적극적으로 응답함으로써 학생들의 분석적이고 비판적인 사고를 증진시키고 학생들이 다른 이의 글에서 자신의 입장을 정의하고 특정 주제에 대해 자기의 시각을 성립할 수 있도록 한다(오라벡, 2020).""",education
이들 웹사이트는 특히 교육 면에서 많은 주목을 받고 있습니다.,education
리긴스는 아버지의 발자취를 따라 의학 쪽으로 길을 걸었다.,health
"블로그는 학생들의 글쓰기를 개선하는 데에도 도움이 됩니다. 학생들이 종종 부족한 문법과 철자법으로 블로그를 시작하지만, 독자들의 존재가 일반적으로 그러한 점들을 변화시킵니다.",education
"신비주의는 궁극적인 현실이나 신성, 영적 진리 또는 신과의 교감이나 정체성의 일치 또는 의식적 자각을 추구하는 것이다.",religion
천년이 넘는 기간 동안 기독교는 언어와 관습의 차이에도 불구하고 유럽 국가들을 종교로 묶었다.,religion
"쿤달리니 요가를 하면 요가 자세, 호흡 운동, 만트라 및 시각화를 통해 쿤달리니 에너지(계몽 에너지)가 깨어납니다.",health
사람들은 신에게 바칠 제물을 가져오고 제사장들은 의식과 축제를 통해 신의 요구에 응하려 노력했을 것이다.,religion
"""불가지론자 챔버스는 자신의 소송이 """"사소하다""""며 """"누구나 누구든 고소할 수 있다""""고 주장했습니다.""",crime
이 경우에는 과거의 기업적 행동 사례 복기와 그에 따른 성공 사례가 신도들이 지역 교회가 새로 변화하고 새 방침을 따르는데 개방적으로 나오도록 일조했다.,religion
휴일을 둘러싼 많은 전통은 기독교 국가의 비신자와 전 세계의 비기독교인들에게도 보편화되었습니다.,religion
도시의 종교적 의의와 구시가지의 다양한 유적지때문에 예루살렘은 이스라엘의 주요 관광지 중 하나로 뽑힌다.,travel
시크교는 인도 아대륙에서 비롯된 종교이다. 이 종교는 15세기 무렵 펀자브 지역에서 힌두교 전통 내의 종파 분열에서 비롯되었다.,religion
"""챔버스는 """"수백만의 지구인들에게 널리 가해진 죽음, 파괴 및 수백만 번의 테러""""에 대해 신을 고소했습니다.""",religion
몰도바의 주요 종교는 동방정교입니다.,religion
"티베트 불교는 이론상으로 매우 간단합니다. 쿤달리니 요가, 명상 및 모두를 포용하는 사랑의 길로 구성되어 있습니다.",religion
"무함마드는 이러한 속세의 삶을 넘어서는 문제에 깊은 관심이 있었습니다. 그는 묵상을 위해 '누어(Noor, 빛)' 산에 있는 '히라(Hira)'라고 알려진 동굴을 자주 사용했습니다.",religion
"브라질은 지구상에서 가장 큰 로마 가톨릭 국가이며, 로마 가톨릭교회는 브라질에서 동성 결혼 합법화에 지속적으로 반대해 왔다.",religion
"티벳 불교는 부처님의 가르침을 기반으로 하지만, 대승불교의 사랑의 관념 및 인도 요가의 많은 기술을 바탕으로 확장되었습니다.",religion
누구나 깨달음을 얻을 수 있다. 이 목표를 가로막는 유일한 장애물은 우리 내면의 불안과 부정적인 성향이다.,religion
"알렉산더는 왕으로서 사원을 재건하기 위한 비용을 대겠다고 제안하였으나, 그의 제안은 거절당했습니다. 그 후, 알렉산더가 사망한 이후인 기원전 323년에 그 사원이 재건되었습니다.",invalid
시크교도는 자기네 종교를 펀자브어로 '구루의 길'이라는 뜻의 구르마트라고 부른다. 구루는 인도 종교 전부에서 근본적인 요소이나 시크교에선 신앙의 핵심을 이룰 정도로 중요하다.,religion
"티벳 명상의 중심에는 신성 요가(Deity Yoga)가 있다. 다양한 신을 시각화해 에너지 채널을 청소하고, 차크라를 활성화하며, 계몽 의식을 창조한다.",religion
이 호스텔에는 하지 순례 전야에 성스러운 도시를 방문하기 위해 온 많은 순례자가 머무르고 있었습니다.,religion
"수도원을 방문하는 동안, 여성들은 무릎을 덮는 치마를 입어야 하고 어깨도 가려야 한다.",religion
때때로 지구라트라고 불리는 특별한 피라미드 모양의 탑들은 신전의 일부가 되도록 지어졌다.,geography
일부 독일 수도승은 원주민이 하나님을 더 가깝게 느낄 수 있도록 에스토니아 문자 언어를 창안했습니다.,religion
박물학자나 철학자는 고전 텍스트와 특별히 라틴어 성경에 초점을 맞췄습니다.,education
유럽 역사의 이 시기에 부유하고 강력해진 가톨릭교회는 철저한 조사를 받았습니다.,religion
"아랍인들을 통해서도 이슬람교가 전해졌으며, 코모로스와 마요트 지방에서 큰 변화가 일어났습니다.",religion
"시크교인들은 자신의 종교가 힌두교의 뿌리와 전통에서 비롯된 것을 인정하지만, 힌두교와는 다른 종교라고 구분 짓는다.",religion
탑의 맨 꼭대기는 신을 위한 특별 성지입니다.,religion
바빌로니아인은 그들이 믿는 신 모두에게 '신의 집'이라 여겨지는 주 신전을 지어주었다.,religion
"더 전통적인 교회는 부활절 주간의 토요일 밤에 부활 철야제를 열며, 여기에서 신도들이 종종 자정에 주의 부활을 축하합니다.",religion
각 성전에는 오픈된 성전 마당과 성직자만 들어갈 수 있는 내부 성소가 있었습니다.,religion
"신자는 신성/신 또는 신들에 대한 직접적인 경험, 직관, 또는 통찰력을 추구합니다.",religion
크리스마스는 기독교에서 가장 중요한 큰 명절 중 하나로 예수님의 생일을 기념하는 명절이다.,religion
"이 도시는 유대교, 기독교, 이슬람교의 세 가지 일신교의 성지이며 영적, 종교적, 문화적 중심지 역할을 하고 있습니다.",religion
세월의 풍파를 견딘 동굴은 무하마드의 종교적 성향을 매우 선명하게 드러내고 있습니다.,religion
"Haldarsvik 마을에서는 근처에 있는 Eysturoy 섬을 볼 수 있으며, 특이한 팔각형 모양의 교회가 있습니다.",geography
